actual_arithmetic_source_ccx_class,actual_arithmetic_source_ccx_leading_constant,controlled_additions_per_controlled_multiplier,d,mode,n,per_run_invocation_ratio_regev_over_shor,preserves_regev_target_gate_class,q,qft_ratio_regev_over_shor,regev_controlled_modular_additions_per_run,regev_controlled_multiplier_invocations_per_run,regev_qft_canonical_cx,regev_runs_reference,regev_target_gate_class,regev_total_qubits,run_adjusted_invocation_ratio_vs_one_shor_run,scope,shor_controlled_modular_additions_per_run,shor_controlled_multiplier_invocations_per_run,shor_qft_canonical_cx,shor_total_qubits,verdict
Theta(n^3 log2(n)),80.0,8,2,cover_2n,4,1.0,False,4,0.5294117647058824,64,8,36,6,soft-O(n^(3/2)),17,6.0,static certificate for the supplied serial binary repeated-squaring architecture; not a lower bound for Regev-style factoring,64,8,68,17,FAILS_REGEV_COMPLEXITY_FIDELITY
Theta(n^3 log2(n)),80.0,10,3,cover_2n,5,1.2,False,4,0.5142857142857142,120,12,54,7,soft-O(n^(3/2)),23,8.4,static certificate for the supplied serial binary repeated-squaring architecture; not a lower bound for Regev-style factoring,100,10,105,21,FAILS_REGEV_COMPLEXITY_FIDELITY
Theta(n^3 log2(n)),80.0,12,3,cover_2n,6,1.0,False,4,0.36,144,12,54,7,soft-O(n^(3/2)),25,7.0,static certificate for the supplied serial binary repeated-squaring architecture; not a lower bound for Regev-style factoring,144,12,150,25,FAILS_REGEV_COMPLEXITY_FIDELITY
Theta(n^3 log2(n)),80.0,14,3,cover_2n,7,1.0714285714285714,False,5,0.3842364532019704,210,15,78,7,soft-O(n^(3/2)),30,7.5,static certificate for the supplied serial binary repeated-squaring architecture; not a lower bound for Regev-style factoring,196,14,203,29,FAILS_REGEV_COMPLEXITY_FIDELITY
Theta(n^3 log2(n)),80.0,16,3,cover_2n,8,1.125,False,6,0.4431818181818182,288,18,117,7,soft-O(n^(3/2)),35,7.875,static certificate for the supplied serial binary repeated-squaring architecture; not a lower bound for Regev-style factoring,256,16,264,33,FAILS_REGEV_COMPLEXITY_FIDELITY
Theta(n^3 log2(n)),80.0,18,3,cover_2n,9,1.0,False,6,0.35135135135135137,324,18,117,7,soft-O(n^(3/2)),37,7.0,static certificate for the supplied serial binary repeated-squaring architecture; not a lower bound for Regev-style factoring,324,18,333,37,FAILS_REGEV_COMPLEXITY_FIDELITY
Theta(n^3 log2(n)),80.0,20,4,cover_2n,10,1.0,False,5,0.25365853658536586,400,20,104,8,soft-O(n^(3/2)),41,8.0,static certificate for the supplied serial binary repeated-squaring architecture; not a lower bound for Regev-style factoring,400,20,410,41,FAILS_REGEV_COMPLEXITY_FIDELITY
Theta(n^3 log2(n)),80.0,22,4,cover_2n,11,1.0909090909090908,False,6,0.3151515151515151,528,24,156,8,soft-O(n^(3/2)),47,8.727272727272727,static certificate for the supplied serial binary repeated-squaring architecture; not a lower bound for Regev-style factoring,484,22,495,45,FAILS_REGEV_COMPLEXITY_FIDELITY
Theta(n^3 log2(n)),80.0,24,4,cover_2n,12,1.0,False,6,0.2653061224489796,576,24,156,8,soft-O(n^(3/2)),49,8.0,static certificate for the supplied serial binary repeated-squaring architecture; not a lower bound for Regev-style factoring,576,24,588,49,FAILS_REGEV_COMPLEXITY_FIDELITY
Theta(n^3 log2(n)),80.0,26,4,cover_2n,13,1.0769230769230769,False,7,0.2960812772133527,728,28,204,8,soft-O(n^(3/2)),55,8.615384615384615,static certificate for the supplied serial binary repeated-squaring architecture; not a lower bound for Regev-style factoring,676,26,689,53,FAILS_REGEV_COMPLEXITY_FIDELITY
Theta(n^3 log2(n)),80.0,28,4,cover_2n,14,1.0,False,7,0.2556390977443609,784,28,204,8,soft-O(n^(3/2)),57,8.0,static certificate for the supplied serial binary repeated-squaring architecture; not a lower bound for Regev-style factoring,784,28,798,57,FAILS_REGEV_COMPLEXITY_FIDELITY
Theta(n^3 log2(n)),80.0,30,4,cover_2n,15,1.0666666666666667,False,8,0.2972677595628415,960,32,272,8,soft-O(n^(3/2)),63,8.533333333333333,static certificate for the supplied serial binary repeated-squaring architecture; not a lower bound for Regev-style factoring,900,30,915,61,FAILS_REGEV_COMPLEXITY_FIDELITY
Theta(n^3 log2(n)),80.0,32,4,cover_2n,16,1.0,False,8,0.26153846153846155,1024,32,272,8,soft-O(n^(3/2)),65,8.0,static certificate for the supplied serial binary repeated-squaring architecture; not a lower bound for Regev-style factoring,1024,32,1040,65,FAILS_REGEV_COMPLEXITY_FIDELITY
Theta(n^3 log2(n)),80.0,34,5,cover_2n,17,1.0294117647058822,False,7,0.21739130434782608,1190,35,255,9,soft-O(n^(3/2)),70,9.264705882352942,static certificate for the supplied serial binary repeated-squaring architecture; not a lower bound for Regev-style factoring,1156,34,1173,69,FAILS_REGEV_COMPLEXITY_FIDELITY
Theta(n^3 log2(n)),80.0,36,5,cover_2n,18,1.1111111111111112,False,8,0.258751902587519,1440,40,340,9,soft-O(n^(3/2)),77,10.0,static certificate for the supplied serial binary repeated-squaring architecture; not a lower bound for Regev-style factoring,1296,36,1314,73,FAILS_REGEV_COMPLEXITY_FIDELITY
Theta(n^3 log2(n)),80.0,38,5,cover_2n,19,1.0526315789473684,False,8,0.23239917976760083,1520,40,340,9,soft-O(n^(3/2)),79,9.473684210526315,static certificate for the supplied serial binary repeated-squaring architecture; not a lower bound for Regev-style factoring,1444,38,1463,77,FAILS_REGEV_COMPLEXITY_FIDELITY
Theta(n^3 log2(n)),80.0,40,5,cover_2n,20,1.0,False,8,0.20987654320987653,1600,40,340,9,soft-O(n^(3/2)),81,9.0,static certificate for the supplied serial binary repeated-squaring architecture; not a lower bound for Regev-style factoring,1600,40,1620,81,FAILS_REGEV_COMPLEXITY_FIDELITY
Theta(n^3 log2(n)),80.0,42,5,cover_2n,21,1.0714285714285714,False,9,0.23529411764705882,1890,45,420,9,soft-O(n^(3/2)),88,9.642857142857142,static certificate for the supplied serial binary repeated-squaring architecture; not a lower bound for Regev-style factoring,1764,42,1785,85,FAILS_REGEV_COMPLEXITY_FIDELITY
Theta(n^3 log2(n)),80.0,44,5,cover_2n,22,1.0227272727272727,False,9,0.21450459652706844,1980,45,420,9,soft-O(n^(3/2)),90,9.204545454545455,static certificate for the supplied serial binary repeated-squaring architecture; not a lower bound for Regev-style factoring,1936,44,1958,89,FAILS_REGEV_COMPLEXITY_FIDELITY
Theta(n^3 log2(n)),80.0,46,5,cover_2n,23,1.0869565217391304,False,10,0.24544179523141654,2300,50,525,9,soft-O(n^(3/2)),97,9.782608695652174,static certificate for the supplied serial binary repeated-squaring architecture; not a lower bound for Regev-style factoring,2116,46,2139,93,FAILS_REGEV_COMPLEXITY_FIDELITY
Theta(n^3 log2(n)),80.0,48,5,cover_2n,24,1.0416666666666667,False,10,0.22551546391752578,2400,50,525,9,soft-O(n^(3/2)),99,9.375,static certificate for the supplied serial binary repeated-squaring architecture; not a lower bound for Regev-style factoring,2304,48,2328,97,FAILS_REGEV_COMPLEXITY_FIDELITY
Theta(n^3 log2(n)),80.0,50,5,cover_2n,25,1.0,False,10,0.2079207920792079,2500,50,525,9,soft-O(n^(3/2)),101,9.0,static certificate for the supplied serial binary repeated-squaring architecture; not a lower bound for Regev-style factoring,2500,50,2525,101,FAILS_REGEV_COMPLEXITY_FIDELITY
Theta(n^3 log2(n)),80.0,52,6,cover_2n,26,1.0384615384615385,False,9,0.18461538461538463,2808,54,504,10,soft-O(n^(3/2)),107,10.384615384615385,static certificate for the supplied serial binary repeated-squaring architecture; not a lower bound for Regev-style factoring,2704,52,2730,105,FAILS_REGEV_COMPLEXITY_FIDELITY
Theta(n^3 log2(n)),80.0,54,6,cover_2n,27,1.0,False,9,0.1712538226299694,2916,54,504,10,soft-O(n^(3/2)),109,10.0,static certificate for the supplied serial binary repeated-squaring architecture; not a lower bound for Regev-style factoring,2916,54,2943,109,FAILS_REGEV_COMPLEXITY_FIDELITY
Theta(n^3 log2(n)),80.0,56,6,cover_2n,28,1.0714285714285714,False,10,0.19911504424778761,3360,60,630,10,soft-O(n^(3/2)),117,10.714285714285714,static certificate for the supplied serial binary repeated-squaring architecture; not a lower bound for Regev-style factoring,3136,56,3164,113,FAILS_REGEV_COMPLEXITY_FIDELITY
Theta(n^3 log2(n)),80.0,58,6,cover_2n,29,1.0344827586206897,False,10,0.1856763925729443,3480,60,630,10,soft-O(n^(3/2)),119,10.344827586206897,static certificate for the supplied serial binary repeated-squaring architecture; not a lower bound for Regev-style factoring,3364,58,3393,117,FAILS_REGEV_COMPLEXITY_FIDELITY
Theta(n^3 log2(n)),80.0,60,6,cover_2n,30,1.0,False,10,0.17355371900826447,3600,60,630,10,soft-O(n^(3/2)),121,10.0,static certificate for the supplied serial binary repeated-squaring architecture; not a lower bound for Regev-style factoring,3600,60,3630,121,FAILS_REGEV_COMPLEXITY_FIDELITY
Theta(n^3 log2(n)),80.0,62,6,cover_2n,31,1.064516129032258,False,11,0.1935483870967742,4092,66,750,10,soft-O(n^(3/2)),129,10.64516129032258,static certificate for the supplied serial binary repeated-squaring architecture; not a lower bound for Regev-style factoring,3844,62,3875,125,FAILS_REGEV_COMPLEXITY_FIDELITY
Theta(n^3 log2(n)),80.0,64,6,cover_2n,32,1.03125,False,11,0.1816860465116279,4224,66,750,10,soft-O(n^(3/2)),131,10.3125,static certificate for the supplied serial binary repeated-squaring architecture; not a lower bound for Regev-style factoring,4096,64,4128,129,FAILS_REGEV_COMPLEXITY_FIDELITY
Theta(n^3 log2(n)),80.0,66,6,cover_2n,33,1.0,False,11,0.17088174982911825,4356,66,750,10,soft-O(n^(3/2)),133,10.0,static certificate for the supplied serial binary repeated-squaring architecture; not a lower bound for Regev-style factoring,4356,66,4389,133,FAILS_REGEV_COMPLEXITY_FIDELITY
Theta(n^3 log2(n)),80.0,68,6,cover_2n,34,1.0588235294117647,False,12,0.19321597252039502,4896,72,900,10,soft-O(n^(3/2)),141,10.588235294117647,static certificate for the supplied serial binary repeated-squaring architecture; not a lower bound for Regev-style factoring,4624,68,4658,137,FAILS_REGEV_COMPLEXITY_FIDELITY
Theta(n^3 log2(n)),80.0,70,6,cover_2n,35,1.0285714285714285,False,12,0.182370820668693,5040,72,900,10,soft-O(n^(3/2)),143,10.285714285714286,static certificate for the supplied serial binary repeated-squaring architecture; not a lower bound for Regev-style factoring,4900,70,4935,141,FAILS_REGEV_COMPLEXITY_FIDELITY
Theta(n^3 log2(n)),80.0,72,6,cover_2n,36,1.0,False,12,0.1724137931034483,5184,72,900,10,soft-O(n^(3/2)),145,10.0,static certificate for the supplied serial binary repeated-squaring architecture; not a lower bound for Regev-style factoring,5184,72,5220,145,FAILS_REGEV_COMPLEXITY_FIDELITY
Theta(n^3 log2(n)),80.0,74,7,cover_2n,37,1.0405405405405406,False,11,0.15871576274260837,5698,77,875,11,soft-O(n^(3/2)),152,11.445945945945946,static certificate for the supplied serial binary repeated-squaring architecture; not a lower bound for Regev-style factoring,5476,74,5513,149,FAILS_REGEV_COMPLEXITY_FIDELITY
Theta(n^3 log2(n)),80.0,76,7,cover_2n,38,1.013157894736842,False,11,0.15049879600963192,5852,77,875,11,soft-O(n^(3/2)),154,11.144736842105264,static certificate for the supplied serial binary repeated-squaring architecture; not a lower bound for Regev-style factoring,5776,76,5814,153,FAILS_REGEV_COMPLEXITY_FIDELITY
Theta(n^3 log2(n)),80.0,78,7,cover_2n,39,1.0769230769230769,False,12,0.17148456638902498,6552,84,1050,11,soft-O(n^(3/2)),163,11.846153846153847,static certificate for the supplied serial binary repeated-squaring architecture; not a lower bound for Regev-style factoring,6084,78,6123,157,FAILS_REGEV_COMPLEXITY_FIDELITY
Theta(n^3 log2(n)),80.0,80,7,cover_2n,40,1.05,False,12,0.16304347826086957,6720,84,1050,11,soft-O(n^(3/2)),165,11.55,static certificate for the supplied serial binary repeated-squaring architecture; not a lower bound for Regev-style factoring,6400,80,6440,161,FAILS_REGEV_COMPLEXITY_FIDELITY
Theta(n^3 log2(n)),80.0,82,7,cover_2n,41,1.024390243902439,False,12,0.15521064301552107,6888,84,1050,11,soft-O(n^(3/2)),167,11.268292682926829,static certificate for the supplied serial binary repeated-squaring architecture; not a lower bound for Regev-style factoring,6724,82,6765,165,FAILS_REGEV_COMPLEXITY_FIDELITY
Theta(n^3 log2(n)),80.0,84,7,cover_2n,42,1.0,False,12,0.14792899408284024,7056,84,1050,11,soft-O(n^(3/2)),169,11.0,static certificate for the supplied serial binary repeated-squaring architecture; not a lower bound for Regev-style factoring,7056,84,7098,169,FAILS_REGEV_COMPLEXITY_FIDELITY
Theta(n^3 log2(n)),80.0,86,7,cover_2n,43,1.058139534883721,False,13,0.16373168436617824,7826,91,1218,11,soft-O(n^(3/2)),178,11.63953488372093,static certificate for the supplied serial binary repeated-squaring architecture; not a lower bound for Regev-style factoring,7396,86,7439,173,FAILS_REGEV_COMPLEXITY_FIDELITY
Theta(n^3 log2(n)),80.0,88,7,cover_2n,44,1.0340909090909092,False,13,0.15639445300462249,8008,91,1218,11,soft-O(n^(3/2)),180,11.375,static certificate for the supplied serial binary repeated-squaring architecture; not a lower bound for Regev-style factoring,7744,88,7788,177,FAILS_REGEV_COMPLEXITY_FIDELITY
Theta(n^3 log2(n)),80.0,90,7,cover_2n,45,1.011111111111111,False,13,0.14953959484346224,8190,91,1218,11,soft-O(n^(3/2)),182,11.122222222222222,static certificate for the supplied serial binary repeated-squaring architecture; not a lower bound for Regev-style factoring,8100,90,8145,181,FAILS_REGEV_COMPLEXITY_FIDELITY
Theta(n^3 log2(n)),80.0,92,7,cover_2n,46,1.065217391304348,False,14,0.16698002350176264,9016,98,1421,11,soft-O(n^(3/2)),191,11.717391304347826,static certificate for the supplied serial binary repeated-squaring architecture; not a lower bound for Regev-style factoring,8464,92,8510,185,FAILS_REGEV_COMPLEXITY_FIDELITY
Theta(n^3 log2(n)),80.0,94,7,cover_2n,47,1.0425531914893618,False,14,0.1599684791174153,9212,98,1421,11,soft-O(n^(3/2)),193,11.46808510638298,static certificate for the supplied serial binary repeated-squaring architecture; not a lower bound for Regev-style factoring,8836,94,8883,189,FAILS_REGEV_COMPLEXITY_FIDELITY
Theta(n^3 log2(n)),80.0,96,7,cover_2n,48,1.0208333333333333,False,14,0.1533894645941278,9408,98,1421,11,soft-O(n^(3/2)),195,11.229166666666666,static certificate for the supplied serial binary repeated-squaring architecture; not a lower bound for Regev-style factoring,9216,96,9264,193,FAILS_REGEV_COMPLEXITY_FIDELITY
Theta(n^3 log2(n)),80.0,98,7,cover_2n,49,1.0,False,14,0.14720812182741116,9604,98,1421,11,soft-O(n^(3/2)),197,11.0,static certificate for the supplied serial binary repeated-squaring architecture; not a lower bound for Regev-style factoring,9604,98,9653,197,FAILS_REGEV_COMPLEXITY_FIDELITY
Theta(n^3 log2(n)),80.0,100,8,cover_2n,50,1.04,False,13,0.13850746268656716,10400,104,1392,12,soft-O(n^(3/2)),205,12.48,static certificate for the supplied serial binary repeated-squaring architecture; not a lower bound for Regev-style factoring,10000,100,10050,201,FAILS_REGEV_COMPLEXITY_FIDELITY
Theta(n^3 log2(n)),80.0,102,8,cover_2n,51,1.0196078431372548,False,13,0.13314203730272597,10608,104,1392,12,soft-O(n^(3/2)),207,12.235294117647058,static certificate for the supplied serial binary repeated-squaring architecture; not a lower bound for Regev-style factoring,10404,102,10455,205,FAILS_REGEV_COMPLEXITY_FIDELITY
Theta(n^3 log2(n)),80.0,104,8,cover_2n,52,1.0,False,13,0.12808244387191756,10816,104,1392,12,soft-O(n^(3/2)),209,12.0,static certificate for the supplied serial binary repeated-squaring architecture; not a lower bound for Regev-style factoring,10816,104,10868,209,FAILS_REGEV_COMPLEXITY_FIDELITY
Theta(n^3 log2(n)),80.0,106,8,cover_2n,53,1.0566037735849056,False,14,0.14385685180263974,11872,112,1624,12,soft-O(n^(3/2)),219,12.679245283018869,static certificate for the supplied serial binary repeated-squaring architecture; not a lower bound for Regev-style factoring,11236,106,11289,213,FAILS_REGEV_COMPLEXITY_FIDELITY
Theta(n^3 log2(n)),80.0,108,8,cover_2n,54,1.037037037037037,False,14,0.13859020310633213,12096,112,1624,12,soft-O(n^(3/2)),221,12.444444444444445,static certificate for the supplied serial binary repeated-squaring architecture; not a lower bound for Regev-style factoring,11664,108,11718,217,FAILS_REGEV_COMPLEXITY_FIDELITY
Theta(n^3 log2(n)),80.0,110,8,cover_2n,55,1.018181818181818,False,14,0.13360756890168654,12320,112,1624,12,soft-O(n^(3/2)),223,12.218181818181819,static certificate for the supplied serial binary repeated-squaring architecture; not a lower bound for Regev-style factoring,12100,110,12155,221,FAILS_REGEV_COMPLEXITY_FIDELITY
Theta(n^3 log2(n)),80.0,112,8,cover_2n,56,1.0,False,14,0.1288888888888889,12544,112,1624,12,soft-O(n^(3/2)),225,12.0,static certificate for the supplied serial binary repeated-squaring architecture; not a lower bound for Regev-style factoring,12544,112,12600,225,FAILS_REGEV_COMPLEXITY_FIDELITY
Theta(n^3 log2(n)),80.0,114,8,cover_2n,57,1.0526315789473684,False,15,0.14157664904619627,13680,120,1848,12,soft-O(n^(3/2)),235,12.631578947368421,static certificate for the supplied serial binary repeated-squaring architecture; not a lower bound for Regev-style factoring,12996,114,13053,229,FAILS_REGEV_COMPLEXITY_FIDELITY
Theta(n^3 log2(n)),80.0,116,8,cover_2n,58,1.0344827586206897,False,15,0.1367470771052242,13920,120,1848,12,soft-O(n^(3/2)),237,12.413793103448276,static certificate for the supplied serial binary repeated-squaring architecture; not a lower bound for Regev-style factoring,13456,116,13514,233,FAILS_REGEV_COMPLEXITY_FIDELITY
Theta(n^3 log2(n)),80.0,118,8,cover_2n,59,1.0169491525423728,False,15,0.13216048058356575,14160,120,1848,12,soft-O(n^(3/2)),239,12.203389830508474,static certificate for the supplied serial binary repeated-squaring architecture; not a lower bound for Regev-style factoring,13924,118,13983,237,FAILS_REGEV_COMPLEXITY_FIDELITY
Theta(n^3 log2(n)),80.0,120,8,cover_2n,60,1.0,False,15,0.12780082987551866,14400,120,1848,12,soft-O(n^(3/2)),241,12.0,static certificate for the supplied serial binary repeated-squaring architecture; not a lower bound for Regev-style factoring,14400,120,14460,241,FAILS_REGEV_COMPLEXITY_FIDELITY
Theta(n^3 log2(n)),80.0,122,8,cover_2n,61,1.0491803278688525,False,16,0.14131816661090665,15616,128,2112,12,soft-O(n^(3/2)),251,12.59016393442623,static certificate for the supplied serial binary repeated-squaring architecture; not a lower bound for Regev-style factoring,14884,122,14945,245,FAILS_REGEV_COMPLEXITY_FIDELITY
Theta(n^3 log2(n)),80.0,124,8,cover_2n,62,1.032258064516129,False,16,0.1368052856587641,15872,128,2112,12,soft-O(n^(3/2)),253,12.387096774193548,static certificate for the supplied serial binary repeated-squaring architecture; not a lower bound for Regev-style factoring,15376,124,15438,249,FAILS_REGEV_COMPLEXITY_FIDELITY
Theta(n^3 log2(n)),80.0,126,8,cover_2n,63,1.0158730158730158,False,16,0.13250517598343686,16128,128,2112,12,soft-O(n^(3/2)),255,12.19047619047619,static certificate for the supplied serial binary repeated-squaring architecture; not a lower bound for Regev-style factoring,15876,126,15939,253,FAILS_REGEV_COMPLEXITY_FIDELITY
Theta(n^3 log2(n)),80.0,128,8,cover_2n,64,1.0,False,16,0.12840466926070038,16384,128,2112,12,soft-O(n^(3/2)),257,12.0,static certificate for the supplied serial binary repeated-squaring architecture; not a lower bound for Regev-style factoring,16384,128,16448,257,FAILS_REGEV_COMPLEXITY_FIDELITY
Theta(n^3 log2(n)),80.0,130,9,cover_2n,65,1.0384615384615385,False,15,0.12254641909814323,17550,135,2079,13,soft-O(n^(3/2)),266,13.5,static certificate for the supplied serial binary repeated-squaring architecture; not a lower bound for Regev-style factoring,16900,130,16965,261,FAILS_REGEV_COMPLEXITY_FIDELITY
Theta(n^3 log2(n)),80.0,132,9,cover_2n,66,1.0227272727272727,False,15,0.11886792452830189,17820,135,2079,13,soft-O(n^(3/2)),268,13.295454545454545,static certificate for the supplied serial binary repeated-squaring architecture; not a lower bound for Regev-style factoring,17424,132,17490,265,FAILS_REGEV_COMPLEXITY_FIDELITY
Theta(n^3 log2(n)),80.0,134,9,cover_2n,67,1.007462686567164,False,15,0.1153526050047162,18090,135,2079,13,soft-O(n^(3/2)),270,13.097014925373134,static certificate for the supplied serial binary repeated-squaring architecture; not a lower bound for Regev-style factoring,17956,134,18023,269,FAILS_REGEV_COMPLEXITY_FIDELITY
Theta(n^3 log2(n)),80.0,136,9,cover_2n,68,1.0588235294117647,False,16,0.1279896574014221,19584,144,2376,13,soft-O(n^(3/2)),281,13.764705882352942,static certificate for the supplied serial binary repeated-squaring architecture; not a lower bound for Regev-style factoring,18496,136,18564,273,FAILS_REGEV_COMPLEXITY_FIDELITY
Theta(n^3 log2(n)),80.0,138,9,cover_2n,69,1.0434782608695652,False,16,0.1243132946162298,19872,144,2376,13,soft-O(n^(3/2)),283,13.565217391304348,static certificate for the supplied serial binary repeated-squaring architecture; not a lower bound for Regev-style factoring,19044,138,19113,277,FAILS_REGEV_COMPLEXITY_FIDELITY
Theta(n^3 log2(n)),80.0,140,9,cover_2n,70,1.0285714285714285,False,16,0.12079308591764108,20160,144,2376,13,soft-O(n^(3/2)),285,13.371428571428572,static certificate for the supplied serial binary repeated-squaring architecture; not a lower bound for Regev-style factoring,19600,140,19670,281,FAILS_REGEV_COMPLEXITY_FIDELITY
Theta(n^3 log2(n)),80.0,142,9,cover_2n,71,1.0140845070422535,False,16,0.11742031134173461,20448,144,2376,13,soft-O(n^(3/2)),287,13.183098591549296,static certificate for the supplied serial binary repeated-squaring architecture; not a lower bound for Regev-style factoring,20164,142,20235,285,FAILS_REGEV_COMPLEXITY_FIDELITY
Theta(n^3 log2(n)),80.0,144,9,cover_2n,72,1.0,False,16,0.11418685121107267,20736,144,2376,13,soft-O(n^(3/2)),289,13.0,static certificate for the supplied serial binary repeated-squaring architecture; not a lower bound for Regev-style factoring,20736,144,20808,289,FAILS_REGEV_COMPLEXITY_FIDELITY
Theta(n^3 log2(n)),80.0,146,9,cover_2n,73,1.047945205479452,False,17,0.12455000233765019,22338,153,2664,13,soft-O(n^(3/2)),300,13.623287671232877,static certificate for the supplied serial binary repeated-squaring architecture; not a lower bound for Regev-style factoring,21316,146,21389,293,FAILS_REGEV_COMPLEXITY_FIDELITY
Theta(n^3 log2(n)),80.0,148,9,cover_2n,74,1.0337837837837838,False,17,0.12121212121212122,22644,153,2664,13,soft-O(n^(3/2)),302,13.43918918918919,static certificate for the supplied serial binary repeated-squaring architecture; not a lower bound for Regev-style factoring,21904,148,21978,297,FAILS_REGEV_COMPLEXITY_FIDELITY
Theta(n^3 log2(n)),80.0,150,9,cover_2n,75,1.02,False,17,0.11800664451827242,22950,153,2664,13,soft-O(n^(3/2)),304,13.26,static certificate for the supplied serial binary repeated-squaring architecture; not a lower bound for Regev-style factoring,22500,150,22575,301,FAILS_REGEV_COMPLEXITY_FIDELITY
Theta(n^3 log2(n)),80.0,152,9,cover_2n,76,1.006578947368421,False,17,0.11492666091458154,23256,153,2664,13,soft-O(n^(3/2)),306,13.085526315789474,static certificate for the supplied serial binary repeated-squaring architecture; not a lower bound for Regev-style factoring,23104,152,23180,305,FAILS_REGEV_COMPLEXITY_FIDELITY
Theta(n^3 log2(n)),80.0,154,9,cover_2n,77,1.051948051948052,False,18,0.12596141722355314,24948,162,2997,13,soft-O(n^(3/2)),317,13.675324675324676,static certificate for the supplied serial binary repeated-squaring architecture; not a lower bound for Regev-style factoring,23716,154,23793,309,FAILS_REGEV_COMPLEXITY_FIDELITY
Theta(n^3 log2(n)),80.0,156,9,cover_2n,78,1.0384615384615385,False,18,0.1227574342590317,25272,162,2997,13,soft-O(n^(3/2)),319,13.5,static certificate for the supplied serial binary repeated-squaring architecture; not a lower bound for Regev-style factoring,24336,156,24414,313,FAILS_REGEV_COMPLEXITY_FIDELITY
Theta(n^3 log2(n)),80.0,158,9,cover_2n,79,1.0253164556962024,False,18,0.11967416044403625,25596,162,2997,13,soft-O(n^(3/2)),321,13.329113924050633,static certificate for the supplied serial binary repeated-squaring architecture; not a lower bound for Regev-style factoring,24964,158,25043,317,FAILS_REGEV_COMPLEXITY_FIDELITY
Theta(n^3 log2(n)),80.0,160,9,cover_2n,80,1.0125,False,18,0.11670560747663551,25920,162,2997,13,soft-O(n^(3/2)),323,13.1625,static certificate for the supplied serial binary repeated-squaring architecture; not a lower bound for Regev-style factoring,25600,160,25680,321,FAILS_REGEV_COMPLEXITY_FIDELITY
Theta(n^3 log2(n)),80.0,162,9,cover_2n,81,1.0,False,18,0.11384615384615385,26244,162,2997,13,soft-O(n^(3/2)),325,13.0,static certificate for the supplied serial binary repeated-squaring architecture; not a lower bound for Regev-style factoring,26244,162,26325,325,FAILS_REGEV_COMPLEXITY_FIDELITY
Theta(n^3 log2(n)),80.0,164,10,cover_2n,82,1.0365853658536586,False,17,0.1097190303210023,27880,170,2960,14,soft-O(n^(3/2)),335,14.512195121951219,static certificate for the supplied serial binary repeated-squaring architecture; not a lower bound for Regev-style factoring,26896,164,26978,329,FAILS_REGEV_COMPLEXITY_FIDELITY
Theta(n^3 log2(n)),80.0,166,10,cover_2n,83,1.0240963855421688,False,17,0.107095046854083,28220,170,2960,14,soft-O(n^(3/2)),337,14.337349397590362,static certificate for the supplied serial binary repeated-squaring architecture; not a lower bound for Regev-style factoring,27556,166,27639,333,FAILS_REGEV_COMPLEXITY_FIDELITY
Theta(n^3 log2(n)),80.0,168,10,cover_2n,84,1.0119047619047619,False,17,0.10456408082520842,28560,170,2960,14,soft-O(n^(3/2)),339,14.166666666666666,static certificate for the supplied serial binary repeated-squaring architecture; not a lower bound for Regev-style factoring,28224,168,28308,337,FAILS_REGEV_COMPLEXITY_FIDELITY
Theta(n^3 log2(n)),80.0,170,10,cover_2n,85,1.0,False,17,0.1021217871312748,28900,170,2960,14,soft-O(n^(3/2)),341,14.0,static certificate for the supplied serial binary repeated-squaring architecture; not a lower bound for Regev-style factoring,28900,170,28985,341,FAILS_REGEV_COMPLEXITY_FIDELITY
Theta(n^3 log2(n)),80.0,172,10,cover_2n,86,1.0465116279069768,False,18,0.1122345803842265,30960,180,3330,14,soft-O(n^(3/2)),353,14.651162790697674,static certificate for the supplied serial binary repeated-squaring architecture; not a lower bound for Regev-style factoring,29584,172,29670,345,FAILS_REGEV_COMPLEXITY_FIDELITY
Theta(n^3 log2(n)),80.0,174,10,cover_2n,87,1.0344827586206897,False,18,0.10967295721766623,31320,180,3330,14,soft-O(n^(3/2)),355,14.482758620689655,static certificate for the supplied serial binary repeated-squaring architecture; not a lower bound for Regev-style factoring,30276,174,30363,349,FAILS_REGEV_COMPLEXITY_FIDELITY
Theta(n^3 log2(n)),80.0,176,10,cover_2n,88,1.0227272727272727,False,18,0.10719804275045068,31680,180,3330,14,soft-O(n^(3/2)),357,14.318181818181818,static certificate for the supplied serial binary repeated-squaring architecture; not a lower bound for Regev-style factoring,30976,176,31064,353,FAILS_REGEV_COMPLEXITY_FIDELITY
Theta(n^3 log2(n)),80.0,178,10,cover_2n,89,1.0112359550561798,False,18,0.10480596733075252,32040,180,3330,14,soft-O(n^(3/2)),359,14.157303370786517,static certificate for the supplied serial binary repeated-squaring architecture; not a lower bound for Regev-style factoring,31684,178,31773,357,FAILS_REGEV_COMPLEXITY_FIDELITY
Theta(n^3 log2(n)),80.0,180,10,cover_2n,90,1.0,False,18,0.10249307479224377,32400,180,3330,14,soft-O(n^(3/2)),361,14.0,static certificate for the supplied serial binary repeated-squaring architecture; not a lower bound for Regev-style factoring,32400,180,32490,361,FAILS_REGEV_COMPLEXITY_FIDELITY
Theta(n^3 log2(n)),80.0,182,10,cover_2n,91,1.043956043956044,False,19,0.11109438506698781,34580,190,3690,14,soft-O(n^(3/2)),373,14.615384615384615,static certificate for the supplied serial binary repeated-squaring architecture; not a lower bound for Regev-style factoring,33124,182,33215,365,FAILS_REGEV_COMPLEXITY_FIDELITY
Theta(n^3 log2(n)),80.0,184,10,cover_2n,92,1.0326086956521738,False,19,0.10869565217391304,34960,190,3690,14,soft-O(n^(3/2)),375,14.456521739130435,static certificate for the supplied serial binary repeated-squaring architecture; not a lower bound for Regev-style factoring,33856,184,33948,369,FAILS_REGEV_COMPLEXITY_FIDELITY
Theta(n^3 log2(n)),80.0,186,10,cover_2n,93,1.021505376344086,False,19,0.10637377843120298,35340,190,3690,14,soft-O(n^(3/2)),377,14.301075268817204,static certificate for the supplied serial binary repeated-squaring architecture; not a lower bound for Regev-style factoring,34596,186,34689,373,FAILS_REGEV_COMPLEXITY_FIDELITY
Theta(n^3 log2(n)),80.0,188,10,cover_2n,94,1.0106382978723405,False,19,0.10412551498391558,35720,190,3690,14,soft-O(n^(3/2)),379,14.148936170212766,static certificate for the supplied serial binary repeated-squaring architecture; not a lower bound for Regev-style factoring,35344,188,35438,377,FAILS_REGEV_COMPLEXITY_FIDELITY
Theta(n^3 log2(n)),80.0,190,10,cover_2n,95,1.0,False,19,0.10194778284293411,36100,190,3690,14,soft-O(n^(3/2)),381,14.0,static certificate for the supplied serial binary repeated-squaring architecture; not a lower bound for Regev-style factoring,36100,190,36195,381,FAILS_REGEV_COMPLEXITY_FIDELITY
Theta(n^3 log2(n)),80.0,192,10,cover_2n,96,1.0416666666666667,False,20,0.11093073593073594,38400,200,4100,14,soft-O(n^(3/2)),393,14.583333333333334,static certificate for the supplied serial binary repeated-squaring architecture; not a lower bound for Regev-style factoring,36864,192,36960,385,FAILS_REGEV_COMPLEXITY_FIDELITY
Theta(n^3 log2(n)),80.0,194,10,cover_2n,97,1.0309278350515463,False,20,0.10865820369437892,38800,200,4100,14,soft-O(n^(3/2)),395,14.43298969072165,static certificate for the supplied serial binary repeated-squaring architecture; not a lower bound for Regev-style factoring,37636,194,37733,389,FAILS_REGEV_COMPLEXITY_FIDELITY
Theta(n^3 log2(n)),80.0,196,10,cover_2n,98,1.0204081632653061,False,20,0.1064547956587215,39200,200,4100,14,soft-O(n^(3/2)),397,14.285714285714286,static certificate for the supplied serial binary repeated-squaring architecture; not a lower bound for Regev-style factoring,38416,196,38514,393,FAILS_REGEV_COMPLEXITY_FIDELITY
Theta(n^3 log2(n)),80.0,198,10,cover_2n,99,1.0101010101010102,False,20,0.10431773655955016,39600,200,4100,14,soft-O(n^(3/2)),399,14.141414141414142,static certificate for the supplied serial binary repeated-squaring architecture; not a lower bound for Regev-style factoring,39204,198,39303,397,FAILS_REGEV_COMPLEXITY_FIDELITY
Theta(n^3 log2(n)),80.0,200,10,cover_2n,100,1.0,False,20,0.10224438902743142,40000,200,4100,14,soft-O(n^(3/2)),401,14.0,static certificate for the supplied serial binary repeated-squaring architecture; not a lower bound for Regev-style factoring,40000,200,40100,401,FAILS_REGEV_COMPLEXITY_FIDELITY
Theta(n^3 log2(n)),80.0,202,11,cover_2n,101,1.0346534653465347,False,19,0.09922992299229923,42218,209,4059,15,soft-O(n^(3/2)),412,15.51980198019802,static certificate for the supplied serial binary repeated-squaring architecture; not a lower bound for Regev-style factoring,40804,202,40905,405,FAILS_REGEV_COMPLEXITY_FIDELITY
Theta(n^3 log2(n)),80.0,204,11,cover_2n,102,1.0245098039215685,False,19,0.097296131166403,42636,209,4059,15,soft-O(n^(3/2)),414,15.367647058823529,static certificate for the supplied serial binary repeated-squaring architecture; not a lower bound for Regev-style factoring,41616,204,41718,409,FAILS_REGEV_COMPLEXITY_FIDELITY
Theta(n^3 log2(n)),80.0,206,11,cover_2n,103,1.0145631067961165,False,19,0.09541832201039047,43054,209,4059,15,soft-O(n^(3/2)),416,15.218446601941748,static certificate for the supplied serial binary repeated-squaring architecture; not a lower bound for Regev-style factoring,42436,206,42539,413,FAILS_REGEV_COMPLEXITY_FIDELITY
Theta(n^3 log2(n)),80.0,208,11,cover_2n,104,1.0048076923076923,False,19,0.09359435528500276,43472,209,4059,15,soft-O(n^(3/2)),418,15.072115384615385,static certificate for the supplied serial binary repeated-squaring architecture; not a lower bound for Regev-style factoring,43264,208,43368,417,FAILS_REGEV_COMPLEXITY_FIDELITY
Theta(n^3 log2(n)),80.0,210,11,cover_2n,105,1.0476190476190477,False,20,0.10202465784413528,46200,220,4510,15,soft-O(n^(3/2)),431,15.714285714285714,static certificate for the supplied serial binary repeated-squaring architecture; not a lower bound for Regev-style factoring,44100,210,44205,421,FAILS_REGEV_COMPLEXITY_FIDELITY
Theta(n^3 log2(n)),80.0,212,11,cover_2n,106,1.0377358490566038,False,20,0.10011098779134295,46640,220,4510,15,soft-O(n^(3/2)),433,15.566037735849056,static certificate for the supplied serial binary repeated-squaring architecture; not a lower bound for Regev-style factoring,44944,212,45050,425,FAILS_REGEV_COMPLEXITY_FIDELITY
Theta(n^3 log2(n)),80.0,214,11,cover_2n,107,1.02803738317757,False,20,0.09825065899832255,47080,220,4510,15,soft-O(n^(3/2)),435,15.42056074766355,static certificate for the supplied serial binary repeated-squaring architecture; not a lower bound for Regev-style factoring,45796,214,45903,429,FAILS_REGEV_COMPLEXITY_FIDELITY
Theta(n^3 log2(n)),80.0,216,11,cover_2n,108,1.0185185185185186,False,20,0.09644170729621077,47520,220,4510,15,soft-O(n^(3/2)),437,15.277777777777779,static certificate for the supplied serial binary repeated-squaring architecture; not a lower bound for Regev-style factoring,46656,216,46764,433,FAILS_REGEV_COMPLEXITY_FIDELITY
Theta(n^3 log2(n)),80.0,218,11,cover_2n,109,1.0091743119266054,False,20,0.09468225809837717,47960,220,4510,15,soft-O(n^(3/2)),439,15.137614678899082,static certificate for the supplied serial binary repeated-squaring architecture; not a lower bound for Regev-style factoring,47524,218,47633,437,FAILS_REGEV_COMPLEXITY_FIDELITY
Theta(n^3 log2(n)),80.0,220,11,cover_2n,110,1.0,False,20,0.09297052154195011,48400,220,4510,15,soft-O(n^(3/2)),441,15.0,static certificate for the supplied serial binary repeated-squaring architecture; not a lower bound for Regev-style factoring,48400,220,48510,441,FAILS_REGEV_COMPLEXITY_FIDELITY
Theta(n^3 log2(n)),80.0,222,11,cover_2n,111,1.0405405405405406,False,21,0.10021257212268449,51282,231,4950,15,soft-O(n^(3/2)),454,15.608108108108109,static certificate for the supplied serial binary repeated-squaring architecture; not a lower bound for Regev-style factoring,49284,222,49395,445,FAILS_REGEV_COMPLEXITY_FIDELITY
Theta(n^3 log2(n)),80.0,224,11,cover_2n,112,1.03125,False,21,0.09843302577155584,51744,231,4950,15,soft-O(n^(3/2)),456,15.46875,static certificate for the supplied serial binary repeated-squaring architecture; not a lower bound for Regev-style factoring,50176,224,50288,449,FAILS_REGEV_COMPLEXITY_FIDELITY
Theta(n^3 log2(n)),80.0,226,11,cover_2n,113,1.0221238938053097,False,21,0.09670046299009553,52206,231,4950,15,soft-O(n^(3/2)),458,15.331858407079647,static certificate for the supplied serial binary repeated-squaring architecture; not a lower bound for Regev-style factoring,51076,226,51189,453,FAILS_REGEV_COMPLEXITY_FIDELITY
Theta(n^3 log2(n)),80.0,228,11,cover_2n,114,1.013157894736842,False,21,0.09501324427041345,52668,231,4950,15,soft-O(n^(3/2)),460,15.197368421052632,static certificate for the supplied serial binary repeated-squaring architecture; not a lower bound for Regev-style factoring,51984,228,52098,457,FAILS_REGEV_COMPLEXITY_FIDELITY
Theta(n^3 log2(n)),80.0,230,11,cover_2n,115,1.0043478260869565,False,21,0.09336980099971706,53130,231,4950,15,soft-O(n^(3/2)),462,15.065217391304348,static certificate for the supplied serial binary repeated-squaring architecture; not a lower bound for Regev-style factoring,52900,230,53015,461,FAILS_REGEV_COMPLEXITY_FIDELITY
Theta(n^3 log2(n)),80.0,232,11,cover_2n,116,1.043103448275862,False,22,0.10094549499443826,56144,242,5445,15,soft-O(n^(3/2)),475,15.64655172413793,static certificate for the supplied serial binary repeated-squaring architecture; not a lower bound for Regev-style factoring,53824,232,53940,465,FAILS_REGEV_COMPLEXITY_FIDELITY
Theta(n^3 log2(n)),80.0,234,11,cover_2n,117,1.0341880341880343,False,22,0.09922912907987534,56628,242,5445,15,soft-O(n^(3/2)),477,15.512820512820513,static certificate for the supplied serial binary repeated-squaring architecture; not a lower bound for Regev-style factoring,54756,234,54873,469,FAILS_REGEV_COMPLEXITY_FIDELITY
Theta(n^3 log2(n)),80.0,236,11,cover_2n,118,1.0254237288135593,False,22,0.09755616870319275,57112,242,5445,15,soft-O(n^(3/2)),479,15.38135593220339,static certificate for the supplied serial binary repeated-squaring architecture; not a lower bound for Regev-style factoring,55696,236,55814,473,FAILS_REGEV_COMPLEXITY_FIDELITY
Theta(n^3 log2(n)),80.0,238,11,cover_2n,119,1.0168067226890756,False,22,0.09592516251783732,57596,242,5445,15,soft-O(n^(3/2)),481,15.252100840336135,static certificate for the supplied serial binary repeated-squaring architecture; not a lower bound for Regev-style factoring,56644,238,56763,477,FAILS_REGEV_COMPLEXITY_FIDELITY
Theta(n^3 log2(n)),80.0,240,11,cover_2n,120,1.0083333333333333,False,22,0.09433471933471933,58080,242,5445,15,soft-O(n^(3/2)),483,15.125,static certificate for the supplied serial binary repeated-squaring architecture; not a lower bound for Regev-style factoring,57600,240,57720,481,FAILS_REGEV_COMPLEXITY_FIDELITY
Theta(n^3 log2(n)),80.0,242,11,cover_2n,121,1.0,False,22,0.09278350515463918,58564,242,5445,15,soft-O(n^(3/2)),485,15.0,static certificate for the supplied serial binary repeated-squaring architecture; not a lower bound for Regev-style factoring,58564,242,58685,485,FAILS_REGEV_COMPLEXITY_FIDELITY
Theta(n^3 log2(n)),80.0,244,12,cover_2n,122,1.0327868852459017,False,21,0.09051594086291864,61488,252,5400,16,soft-O(n^(3/2)),497,16.524590163934427,static certificate for the supplied serial binary repeated-squaring architecture; not a lower bound for Regev-style factoring,59536,244,59658,489,FAILS_REGEV_COMPLEXITY_FIDELITY
Theta(n^3 log2(n)),80.0,246,12,cover_2n,123,1.024390243902439,False,21,0.08905160045515262,61992,252,5400,16,soft-O(n^(3/2)),499,16.390243902439025,static certificate for the supplied serial binary repeated-squaring architecture; not a lower bound for Regev-style factoring,60516,246,60639,493,FAILS_REGEV_COMPLEXITY_FIDELITY
Theta(n^3 log2(n)),80.0,248,12,cover_2n,124,1.0161290322580645,False,21,0.08762250924904265,62496,252,5400,16,soft-O(n^(3/2)),501,16.258064516129032,static certificate for the supplied serial binary repeated-squaring architecture; not a lower bound for Regev-style factoring,61504,248,61628,497,FAILS_REGEV_COMPLEXITY_FIDELITY
Theta(n^3 log2(n)),80.0,250,12,cover_2n,125,1.008,False,21,0.08622754491017964,63000,252,5400,16,soft-O(n^(3/2)),503,16.128,static certificate for the supplied serial binary repeated-squaring architecture; not a lower bound for Regev-style factoring,62500,250,62625,501,FAILS_REGEV_COMPLEXITY_FIDELITY
Theta(n^3 log2(n)),80.0,252,12,cover_2n,126,1.0,False,21,0.08486562942008487,63504,252,5400,16,soft-O(n^(3/2)),505,16.0,static certificate for the supplied serial binary repeated-squaring architecture; not a lower bound for Regev-style factoring,63504,252,63630,505,FAILS_REGEV_COMPLEXITY_FIDELITY
Theta(n^3 log2(n)),80.0,254,12,cover_2n,127,1.0393700787401574,False,22,0.09188929969215538,67056,264,5940,16,soft-O(n^(3/2)),519,16.62992125984252,static certificate for the supplied serial binary repeated-squaring architecture; not a lower bound for Regev-style factoring,64516,254,64643,509,FAILS_REGEV_COMPLEXITY_FIDELITY
Theta(n^3 log2(n)),80.0,256,12,cover_2n,128,1.03125,False,22,0.09046052631578948,67584,264,5940,16,soft-O(n^(3/2)),521,16.5,static certificate for the supplied serial binary repeated-squaring architecture; not a lower bound for Regev-style factoring,65536,256,65664,513,FAILS_REGEV_COMPLEXITY_FIDELITY
Theta(n^3 log2(n)),80.0,258,12,cover_2n,129,1.0232558139534884,False,22,0.08906481939633845,68112,264,5940,16,soft-O(n^(3/2)),523,16.372093023255815,static certificate for the supplied serial binary repeated-squaring architecture; not a lower bound for Regev-style factoring,66564,258,66693,517,FAILS_REGEV_COMPLEXITY_FIDELITY
Theta(n^3 log2(n)),80.0,260,12,cover_2n,130,1.0153846153846153,False,22,0.08770116639598405,68640,264,5940,16,soft-O(n^(3/2)),525,16.246153846153845,static certificate for the supplied serial binary repeated-squaring architecture; not a lower bound for Regev-style factoring,67600,260,67730,521,FAILS_REGEV_COMPLEXITY_FIDELITY
Theta(n^3 log2(n)),80.0,262,12,cover_2n,131,1.0076335877862594,False,22,0.08636859323882225,69168,264,5940,16,soft-O(n^(3/2)),527,16.12213740458015,static certificate for the supplied serial binary repeated-squaring architecture; not a lower bound for Regev-style factoring,68644,262,68775,525,FAILS_REGEV_COMPLEXITY_FIDELITY
Theta(n^3 log2(n)),80.0,264,12,cover_2n,132,1.0,False,22,0.08506616257088846,69696,264,5940,16,soft-O(n^(3/2)),529,16.0,static certificate for the supplied serial binary repeated-squaring architecture; not a lower bound for Regev-style factoring,69696,264,69828,529,FAILS_REGEV_COMPLEXITY_FIDELITY
Theta(n^3 log2(n)),80.0,266,12,cover_2n,133,1.037593984962406,False,23,0.09124123629900266,73416,276,6468,16,soft-O(n^(3/2)),543,16.601503759398497,static certificate for the supplied serial binary repeated-squaring architecture; not a lower bound for Regev-style factoring,70756,266,70889,533,FAILS_REGEV_COMPLEXITY_FIDELITY
Theta(n^3 log2(n)),80.0,268,12,cover_2n,134,1.0298507462686568,False,23,0.08988576669724006,73968,276,6468,16,soft-O(n^(3/2)),545,16.47761194029851,static certificate for the supplied serial binary repeated-squaring architecture; not a lower bound for Regev-style factoring,71824,268,71958,537,FAILS_REGEV_COMPLEXITY_FIDELITY
Theta(n^3 log2(n)),80.0,270,12,cover_2n,135,1.0222222222222221,False,23,0.08856027931813513,74520,276,6468,16,soft-O(n^(3/2)),547,16.355555555555554,static certificate for the supplied serial binary repeated-squaring architecture; not a lower bound for Regev-style factoring,72900,270,73035,541,FAILS_REGEV_COMPLEXITY_FIDELITY
Theta(n^3 log2(n)),80.0,272,12,cover_2n,136,1.0147058823529411,False,23,0.08726389638424177,75072,276,6468,16,soft-O(n^(3/2)),549,16.235294117647058,static certificate for the supplied serial binary repeated-squaring architecture; not a lower bound for Regev-style factoring,73984,272,74120,545,FAILS_REGEV_COMPLEXITY_FIDELITY
Theta(n^3 log2(n)),80.0,274,12,cover_2n,137,1.0072992700729928,False,23,0.08599577200749871,75624,276,6468,16,soft-O(n^(3/2)),551,16.116788321167885,static certificate for the supplied serial binary repeated-squaring architecture; not a lower bound for Regev-style factoring,75076,274,75213,549,FAILS_REGEV_COMPLEXITY_FIDELITY
Theta(n^3 log2(n)),80.0,276,12,cover_2n,138,1.0,False,23,0.08475509080902587,76176,276,6468,16,soft-O(n^(3/2)),553,16.0,static certificate for the supplied serial binary repeated-squaring architecture; not a lower bound for Regev-style factoring,76176,276,76314,553,FAILS_REGEV_COMPLEXITY_FIDELITY
Theta(n^3 log2(n)),80.0,278,12,cover_2n,139,1.0359712230215827,False,24,0.09113570902703332,80064,288,7056,16,soft-O(n^(3/2)),567,16.575539568345324,static certificate for the supplied serial binary repeated-squaring architecture; not a lower bound for Regev-style factoring,77284,278,77423,557,FAILS_REGEV_COMPLEXITY_FIDELITY
Theta(n^3 log2(n)),80.0,280,12,cover_2n,140,1.0285714285714285,False,24,0.08983957219251337,80640,288,7056,16,soft-O(n^(3/2)),569,16.457142857142856,static certificate for the supplied serial binary repeated-squaring architecture; not a lower bound for Regev-style factoring,78400,280,78540,561,FAILS_REGEV_COMPLEXITY_FIDELITY
Theta(n^3 log2(n)),80.0,282,12,cover_2n,141,1.0212765957446808,False,24,0.08857089060440596,81216,288,7056,16,soft-O(n^(3/2)),571,16.340425531914892,static certificate for the supplied serial binary repeated-squaring architecture; not a lower bound for Regev-style factoring,79524,282,79665,565,FAILS_REGEV_COMPLEXITY_FIDELITY
Theta(n^3 log2(n)),80.0,284,12,cover_2n,142,1.0140845070422535,False,24,0.08732889427956138,81792,288,7056,16,soft-O(n^(3/2)),573,16.225352112676056,static certificate for the supplied serial binary repeated-squaring architecture; not a lower bound for Regev-style factoring,80656,284,80798,569,FAILS_REGEV_COMPLEXITY_FIDELITY
Theta(n^3 log2(n)),80.0,286,12,cover_2n,143,1.006993006993007,False,24,0.08611284003954162,82368,288,7056,16,soft-O(n^(3/2)),575,16.111888111888113,static certificate for the supplied serial binary repeated-squaring architecture; not a lower bound for Regev-style factoring,81796,286,81939,573,FAILS_REGEV_COMPLEXITY_FIDELITY
Theta(n^3 log2(n)),80.0,288,12,cover_2n,144,1.0,False,24,0.08492201039861352,82944,288,7056,16,soft-O(n^(3/2)),577,16.0,static certificate for the supplied serial binary repeated-squaring architecture; not a lower bound for Regev-style factoring,82944,288,83088,577,FAILS_REGEV_COMPLEXITY_FIDELITY
Theta(n^3 log2(n)),80.0,290,13,cover_2n,145,1.0310344827586206,False,23,0.08317407561279601,86710,299,7007,17,soft-O(n^(3/2)),590,17.52758620689655,static certificate for the supplied serial binary repeated-squaring architecture; not a lower bound for Regev-style factoring,84100,290,84245,581,FAILS_REGEV_COMPLEXITY_FIDELITY
Theta(n^3 log2(n)),80.0,292,13,cover_2n,146,1.023972602739726,False,23,0.08203957382039574,87308,299,7007,17,soft-O(n^(3/2)),592,17.40753424657534,static certificate for the supplied serial binary repeated-squaring architecture; not a lower bound for Regev-style factoring,85264,292,85410,585,FAILS_REGEV_COMPLEXITY_FIDELITY
Theta(n^3 log2(n)),80.0,294,13,cover_2n,147,1.0170068027210883,False,23,0.08092812676853424,87906,299,7007,17,soft-O(n^(3/2)),594,17.289115646258505,static certificate for the supplied serial binary repeated-squaring architecture; not a lower bound for Regev-style factoring,86436,294,86583,589,FAILS_REGEV_COMPLEXITY_FIDELITY
Theta(n^3 log2(n)),80.0,296,13,cover_2n,148,1.010135135135135,False,23,0.07983911398751196,88504,299,7007,17,soft-O(n^(3/2)),596,17.1722972972973,static certificate for the supplied serial binary repeated-squaring architecture; not a lower bound for Regev-style factoring,87616,296,87764,593,FAILS_REGEV_COMPLEXITY_FIDELITY
Theta(n^3 log2(n)),80.0,298,13,cover_2n,149,1.0033557046979866,False,23,0.07877193574134655,89102,299,7007,17,soft-O(n^(3/2)),598,17.05704697986577,static certificate for the supplied serial binary repeated-squaring architecture; not a lower bound for Regev-style factoring,88804,298,88953,597,FAILS_REGEV_COMPLEXITY_FIDELITY
Theta(n^3 log2(n)),80.0,300,13,cover_2n,150,1.04,False,24,0.08479201331114809,93600,312,7644,17,soft-O(n^(3/2)),613,17.68,static certificate for the supplied serial binary repeated-squaring architecture; not a lower bound for Regev-style factoring,90000,300,90150,601,FAILS_REGEV_COMPLEXITY_FIDELITY
Theta(n^3 log2(n)),80.0,302,13,cover_2n,151,1.033112582781457,False,24,0.08367358108477915,94224,312,7644,17,soft-O(n^(3/2)),615,17.56291390728477,static certificate for the supplied serial binary repeated-squaring architecture; not a lower bound for Regev-style factoring,91204,302,91355,605,FAILS_REGEV_COMPLEXITY_FIDELITY
Theta(n^3 log2(n)),80.0,304,13,cover_2n,152,1.0263157894736843,False,24,0.08257713248638839,94848,312,7644,17,soft-O(n^(3/2)),617,17.44736842105263,static certificate for the supplied serial binary repeated-squaring architecture; not a lower bound for Regev-style factoring,92416,304,92568,609,FAILS_REGEV_COMPLEXITY_FIDELITY
Theta(n^3 log2(n)),80.0,306,13,cover_2n,153,1.0196078431372548,False,24,0.08150209512842657,95472,312,7644,17,soft-O(n^(3/2)),619,17.333333333333332,static certificate for the supplied serial binary repeated-squaring architecture; not a lower bound for Regev-style factoring,93636,306,93789,613,FAILS_REGEV_COMPLEXITY_FIDELITY
Theta(n^3 log2(n)),80.0,308,13,cover_2n,154,1.0129870129870129,False,24,0.08044791513186975,96096,312,7644,17,soft-O(n^(3/2)),621,17.22077922077922,static certificate for the supplied serial binary repeated-squaring architecture; not a lower bound for Regev-style factoring,94864,308,95018,617,FAILS_REGEV_COMPLEXITY_FIDELITY
Theta(n^3 log2(n)),80.0,310,13,cover_2n,155,1.0064516129032257,False,24,0.0794140564126539,96720,312,7644,17,soft-O(n^(3/2)),623,17.10967741935484,static certificate for the supplied serial binary repeated-squaring architecture; not a lower bound for Regev-style factoring,96100,310,96255,621,FAILS_REGEV_COMPLEXITY_FIDELITY
Theta(n^3 log2(n)),80.0,312,13,cover_2n,156,1.0,False,24,0.0784,97344,312,7644,17,soft-O(n^(3/2)),625,17.0,static certificate for the supplied serial binary repeated-squaring architecture; not a lower bound for Regev-style factoring,97344,312,97500,625,FAILS_REGEV_COMPLEXITY_FIDELITY
Theta(n^3 log2(n)),80.0,314,13,cover_2n,157,1.035031847133758,False,25,0.08372403876337935,102050,325,8268,17,soft-O(n^(3/2)),640,17.595541401273884,static certificate for the supplied serial binary repeated-squaring architecture; not a lower bound for Regev-style factoring,98596,314,98753,629,FAILS_REGEV_COMPLEXITY_FIDELITY
Theta(n^3 log2(n)),80.0,316,13,cover_2n,158,1.0284810126582278,False,25,0.08266842642030116,102700,325,8268,17,soft-O(n^(3/2)),642,17.484177215189874,static certificate for the supplied serial binary repeated-squaring architecture; not a lower bound for Regev-style factoring,99856,316,100014,633,FAILS_REGEV_COMPLEXITY_FIDELITY
Theta(n^3 log2(n)),80.0,318,13,cover_2n,159,1.0220125786163523,False,25,0.08163265306122448,103350,325,8268,17,soft-O(n^(3/2)),644,17.37421383647799,static certificate for the supplied serial binary repeated-squaring architecture; not a lower bound for Regev-style factoring,101124,318,101283,637,FAILS_REGEV_COMPLEXITY_FIDELITY
Theta(n^3 log2(n)),80.0,320,13,cover_2n,160,1.015625,False,25,0.08061622464898596,104000,325,8268,17,soft-O(n^(3/2)),646,17.265625,static certificate for the supplied serial binary repeated-squaring architecture; not a lower bound for Regev-style factoring,102400,320,102560,641,FAILS_REGEV_COMPLEXITY_FIDELITY
Theta(n^3 log2(n)),80.0,322,13,cover_2n,161,1.0093167701863355,False,25,0.07961866242958256,104650,325,8268,17,soft-O(n^(3/2)),648,17.158385093167702,static certificate for the supplied serial binary repeated-squaring architecture; not a lower bound for Regev-style factoring,103684,322,103845,645,FAILS_REGEV_COMPLEXITY_FIDELITY
Theta(n^3 log2(n)),80.0,324,13,cover_2n,162,1.0030864197530864,False,25,0.07863950236831593,105300,325,8268,17,soft-O(n^(3/2)),650,17.05246913580247,static certificate for the supplied serial binary repeated-squaring architecture; not a lower bound for Regev-style factoring,104976,324,105138,649,FAILS_REGEV_COMPLEXITY_FIDELITY
Theta(n^3 log2(n)),80.0,326,13,cover_2n,163,1.0368098159509203,False,26,0.08415148582756321,110188,338,8957,17,soft-O(n^(3/2)),665,17.625766871165645,static certificate for the supplied serial binary repeated-squaring architecture; not a lower bound for Regev-style factoring,106276,326,106439,653,FAILS_REGEV_COMPLEXITY_FIDELITY
Theta(n^3 log2(n)),80.0,328,13,cover_2n,164,1.0304878048780488,False,26,0.0831291532093403,110864,338,8957,17,soft-O(n^(3/2)),667,17.51829268292683,static certificate for the supplied serial binary repeated-squaring architecture; not a lower bound for Regev-style factoring,107584,328,107748,657,FAILS_REGEV_COMPLEXITY_FIDELITY
Theta(n^3 log2(n)),80.0,330,13,cover_2n,165,1.0242424242424242,False,26,0.08212533810113236,111540,338,8957,17,soft-O(n^(3/2)),669,17.412121212121214,static certificate for the supplied serial binary repeated-squaring architecture; not a lower bound for Regev-style factoring,108900,330,109065,661,FAILS_REGEV_COMPLEXITY_FIDELITY
Theta(n^3 log2(n)),80.0,332,13,cover_2n,166,1.0180722891566265,False,26,0.08113959597789655,112216,338,8957,17,soft-O(n^(3/2)),671,17.30722891566265,static certificate for the supplied serial binary repeated-squaring architecture; not a lower bound for Regev-style factoring,110224,332,110390,665,FAILS_REGEV_COMPLEXITY_FIDELITY
Theta(n^3 log2(n)),80.0,334,13,cover_2n,167,1.0119760479041917,False,26,0.08017149557387467,112892,338,8957,17,soft-O(n^(3/2)),673,17.20359281437126,static certificate for the supplied serial binary repeated-squaring architecture; not a lower bound for Regev-style factoring,111556,334,111723,669,FAILS_REGEV_COMPLEXITY_FIDELITY
Theta(n^3 log2(n)),80.0,336,13,cover_2n,168,1.005952380952381,False,26,0.07922061841081157,113568,338,8957,17,soft-O(n^(3/2)),675,17.101190476190474,static certificate for the supplied serial binary repeated-squaring architecture; not a lower bound for Regev-style factoring,112896,336,113064,673,FAILS_REGEV_COMPLEXITY_FIDELITY
Theta(n^3 log2(n)),80.0,338,13,cover_2n,169,1.0,False,26,0.07828655834564253,114244,338,8957,17,soft-O(n^(3/2)),677,17.0,static certificate for the supplied serial binary repeated-squaring architecture; not a lower bound for Regev-style factoring,114244,338,114413,677,FAILS_REGEV_COMPLEXITY_FIDELITY
Theta(n^3 log2(n)),80.0,340,14,cover_2n,170,1.0294117647058822,False,25,0.07691111686965535,119000,350,8904,18,soft-O(n^(3/2)),691,18.529411764705884,static certificate for the supplied serial binary repeated-squaring architecture; not a lower bound for Regev-style factoring,115600,340,115770,681,FAILS_REGEV_COMPLEXITY_FIDELITY
Theta(n^3 log2(n)),80.0,342,14,cover_2n,171,1.023391812865497,False,25,0.07601485465488539,119700,350,8904,18,soft-O(n^(3/2)),693,18.42105263157895,static certificate for the supplied serial binary repeated-squaring architecture; not a lower bound for Regev-style factoring,116964,342,117135,685,FAILS_REGEV_COMPLEXITY_FIDELITY
Theta(n^3 log2(n)),80.0,344,14,cover_2n,172,1.0174418604651163,False,25,0.07513416815742398,120400,350,8904,18,soft-O(n^(3/2)),695,18.313953488372093,static certificate for the supplied serial binary repeated-squaring architecture; not a lower bound for Regev-style factoring,118336,344,118508,689,FAILS_REGEV_COMPLEXITY_FIDELITY
Theta(n^3 log2(n)),80.0,346,14,cover_2n,173,1.0115606936416186,False,25,0.0742686985461552,121100,350,8904,18,soft-O(n^(3/2)),697,18.208092485549134,static certificate for the supplied serial binary repeated-squaring architecture; not a lower bound for Regev-style factoring,119716,346,119889,693,FAILS_REGEV_COMPLEXITY_FIDELITY
Theta(n^3 log2(n)),80.0,348,14,cover_2n,174,1.0057471264367817,False,25,0.07341809726413694,121800,350,8904,18,soft-O(n^(3/2)),699,18.103448275862068,static certificate for the supplied serial binary repeated-squaring architecture; not a lower bound for Regev-style factoring,121104,348,121278,697,FAILS_REGEV_COMPLEXITY_FIDELITY
Theta(n^3 log2(n)),80.0,350,14,cover_2n,175,1.0,False,25,0.07258202567760343,122500,350,8904,18,soft-O(n^(3/2)),701,18.0,static certificate for the supplied serial binary repeated-squaring architecture; not a lower bound for Regev-style factoring,122500,350,122675,701,FAILS_REGEV_COMPLEXITY_FIDELITY
Theta(n^3 log2(n)),80.0,352,14,cover_2n,176,1.0340909090909092,False,26,0.07774016763378465,128128,364,9646,18,soft-O(n^(3/2)),717,18.613636363636363,static certificate for the supplied serial binary repeated-squaring architecture; not a lower bound for Regev-style factoring,123904,352,124080,705,FAILS_REGEV_COMPLEXITY_FIDELITY
Theta(n^3 log2(n)),80.0,354,14,cover_2n,177,1.0282485875706215,False,26,0.07686484505111839,128856,364,9646,18,soft-O(n^(3/2)),719,18.508474576271187,static certificate for the supplied serial binary repeated-squaring architecture; not a lower bound for Regev-style factoring,125316,354,125493,709,FAILS_REGEV_COMPLEXITY_FIDELITY
Theta(n^3 log2(n)),80.0,356,14,cover_2n,178,1.0224719101123596,False,26,0.07600422333233528,129584,364,9646,18,soft-O(n^(3/2)),721,18.40449438202247,static certificate for the supplied serial binary repeated-squaring architecture; not a lower bound for Regev-style factoring,126736,356,126914,713,FAILS_REGEV_COMPLEXITY_FIDELITY
Theta(n^3 log2(n)),80.0,358,14,cover_2n,179,1.0167597765363128,False,26,0.07515797511356287,130312,364,9646,18,soft-O(n^(3/2)),723,18.30167597765363,static certificate for the supplied serial binary repeated-squaring architecture; not a lower bound for Regev-style factoring,128164,358,128343,717,FAILS_REGEV_COMPLEXITY_FIDELITY
Theta(n^3 log2(n)),80.0,360,14,cover_2n,180,1.011111111111111,False,26,0.07432578209277238,131040,364,9646,18,soft-O(n^(3/2)),725,18.2,static certificate for the supplied serial binary repeated-squaring architecture; not a lower bound for Regev-style factoring,129600,360,129780,721,FAILS_REGEV_COMPLEXITY_FIDELITY
Theta(n^3 log2(n)),80.0,362,14,cover_2n,181,1.0055248618784531,False,26,0.07350733473042484,131768,364,9646,18,soft-O(n^(3/2)),727,18.099447513812155,static certificate for the supplied serial binary repeated-squaring architecture; not a lower bound for Regev-style factoring,131044,362,131225,725,FAILS_REGEV_COMPLEXITY_FIDELITY
Theta(n^3 log2(n)),80.0,364,14,cover_2n,182,1.0,False,26,0.07270233196159122,132496,364,9646,18,soft-O(n^(3/2)),729,18.0,static certificate for the supplied serial binary repeated-squaring architecture; not a lower bound for Regev-style factoring,132496,364,132678,729,FAILS_REGEV_COMPLEXITY_FIDELITY
Theta(n^3 log2(n)),80.0,366,14,cover_2n,183,1.0327868852459017,False,27,0.07733768702614452,138348,378,10374,18,soft-O(n^(3/2)),745,18.59016393442623,static certificate for the supplied serial binary repeated-squaring architecture; not a lower bound for Regev-style factoring,133956,366,134139,733,FAILS_REGEV_COMPLEXITY_FIDELITY
Theta(n^3 log2(n)),80.0,368,14,cover_2n,184,1.0271739130434783,False,27,0.07649991150964545,139104,378,10374,18,soft-O(n^(3/2)),747,18.48913043478261,static certificate for the supplied serial binary repeated-squaring architecture; not a lower bound for Regev-style factoring,135424,368,135608,737,FAILS_REGEV_COMPLEXITY_FIDELITY
Theta(n^3 log2(n)),80.0,370,14,cover_2n,185,1.0216216216216216,False,27,0.07567567567567568,139860,378,10374,18,soft-O(n^(3/2)),749,18.38918918918919,static certificate for the supplied serial binary repeated-squaring architecture; not a lower bound for Regev-style factoring,136900,370,137085,741,FAILS_REGEV_COMPLEXITY_FIDELITY
Theta(n^3 log2(n)),80.0,372,14,cover_2n,186,1.0161290322580645,False,27,0.07486468932669409,140616,378,10374,18,soft-O(n^(3/2)),751,18.29032258064516,static certificate for the supplied serial binary repeated-squaring architecture; not a lower bound for Regev-style factoring,138384,372,138570,745,FAILS_REGEV_COMPLEXITY_FIDELITY
Theta(n^3 log2(n)),80.0,374,14,cover_2n,187,1.0106951871657754,False,27,0.07406666999850067,141372,378,10374,18,soft-O(n^(3/2)),753,18.192513368983956,static certificate for the supplied serial binary repeated-squaring architecture; not a lower bound for Regev-style factoring,139876,374,140063,749,FAILS_REGEV_COMPLEXITY_FIDELITY
Theta(n^3 log2(n)),80.0,376,14,cover_2n,188,1.0053191489361701,False,27,0.07328134271424938,142128,378,10374,18,soft-O(n^(3/2)),755,18.095744680851062,static certificate for the supplied serial binary repeated-squaring architecture; not a lower bound for Regev-style factoring,141376,376,141564,753,FAILS_REGEV_COMPLEXITY_FIDELITY
Theta(n^3 log2(n)),80.0,378,14,cover_2n,189,1.0,False,27,0.07250843974754147,142884,378,10374,18,soft-O(n^(3/2)),757,18.0,static certificate for the supplied serial binary repeated-squaring architecture; not a lower bound for Regev-style factoring,142884,378,143073,757,FAILS_REGEV_COMPLEXITY_FIDELITY
Theta(n^3 log2(n)),80.0,380,14,cover_2n,190,1.0315789473684212,False,28,0.07726675427069646,148960,392,11172,18,soft-O(n^(3/2)),773,18.568421052631578,static certificate for the supplied serial binary repeated-squaring architecture; not a lower bound for Regev-style factoring,144400,380,144590,761,FAILS_REGEV_COMPLEXITY_FIDELITY
Theta(n^3 log2(n)),80.0,382,14,cover_2n,191,1.0261780104712042,False,28,0.07646032234883482,149744,392,11172,18,soft-O(n^(3/2)),775,18.471204188481675,static certificate for the supplied serial binary repeated-squaring architecture; not a lower bound for Regev-style factoring,145924,382,146115,765,FAILS_REGEV_COMPLEXITY_FIDELITY
Theta(n^3 log2(n)),80.0,384,14,cover_2n,192,1.0208333333333333,False,28,0.07566644993498049,150528,392,11172,18,soft-O(n^(3/2)),777,18.375,static certificate for the supplied serial binary repeated-squaring architecture; not a lower bound for Regev-style factoring,147456,384,147648,769,FAILS_REGEV_COMPLEXITY_FIDELITY
Theta(n^3 log2(n)),80.0,386,14,cover_2n,193,1.0155440414507773,False,28,0.07488487757140272,151312,392,11172,18,soft-O(n^(3/2)),779,18.27979274611399,static certificate for the supplied serial binary repeated-squaring architecture; not a lower bound for Regev-style factoring,148996,386,149189,773,FAILS_REGEV_COMPLEXITY_FIDELITY
Theta(n^3 log2(n)),80.0,388,14,cover_2n,194,1.0103092783505154,False,28,0.07411535246586792,152096,392,11172,18,soft-O(n^(3/2)),781,18.185567010309278,static certificate for the supplied serial binary repeated-squaring architecture; not a lower bound for Regev-style factoring,150544,388,150738,777,FAILS_REGEV_COMPLEXITY_FIDELITY
Theta(n^3 log2(n)),80.0,390,14,cover_2n,195,1.005128205128205,False,28,0.07335762828720575,152880,392,11172,18,soft-O(n^(3/2)),783,18.092307692307692,static certificate for the supplied serial binary repeated-squaring architecture; not a lower bound for Regev-style factoring,152100,390,152295,781,FAILS_REGEV_COMPLEXITY_FIDELITY
Theta(n^3 log2(n)),80.0,392,14,cover_2n,196,1.0,False,28,0.07261146496815286,153664,392,11172,18,soft-O(n^(3/2)),785,18.0,static certificate for the supplied serial binary repeated-squaring architecture; not a lower bound for Regev-style factoring,153664,392,153860,785,FAILS_REGEV_COMPLEXITY_FIDELITY
Theta(n^3 log2(n)),80.0,394,15,cover_2n,197,1.0279187817258884,False,27,0.07150991102275578,159570,405,11115,19,soft-O(n^(3/2)),800,19.53045685279188,static certificate for the supplied serial binary repeated-squaring architecture; not a lower bound for Regev-style factoring,155236,394,155433,789,FAILS_REGEV_COMPLEXITY_FIDELITY
Theta(n^3 log2(n)),80.0,396,15,cover_2n,198,1.0227272727272727,False,27,0.07078986587183309,160380,405,11115,19,soft-O(n^(3/2)),802,19.431818181818183,static certificate for the supplied serial binary repeated-squaring architecture; not a lower bound for Regev-style factoring,156816,396,157014,793,FAILS_REGEV_COMPLEXITY_FIDELITY
Theta(n^3 log2(n)),80.0,398,15,cover_2n,199,1.0175879396984924,False,27,0.07008064160198735,161190,405,11115,19,soft-O(n^(3/2)),804,19.334170854271356,static certificate for the supplied serial binary repeated-squaring architecture; not a lower bound for Regev-style factoring,158404,398,158603,797,FAILS_REGEV_COMPLEXITY_FIDELITY
Theta(n^3 log2(n)),80.0,400,15,cover_2n,200,1.0125,False,27,0.06938202247191011,162000,405,11115,19,soft-O(n^(3/2)),806,19.2375,static certificate for the supplied serial binary repeated-squaring architecture; not a lower bound for Regev-style factoring,160000,400,160200,801,FAILS_REGEV_COMPLEXITY_FIDELITY
Theta(n^3 log2(n)),80.0,402,15,cover_2n,201,1.007462686567164,False,27,0.06869379809029387,162810,405,11115,19,soft-O(n^(3/2)),808,19.14179104477612,static certificate for the supplied serial binary repeated-squaring architecture; not a lower bound for Regev-style factoring,161604,402,161805,805,FAILS_REGEV_COMPLEXITY_FIDELITY
Theta(n^3 log2(n)),80.0,404,15,cover_2n,202,1.0024752475247525,False,27,0.0680157632574135,163620,405,11115,19,soft-O(n^(3/2)),810,19.047029702970296,static certificate for the supplied serial binary repeated-squaring architecture; not a lower bound for Regev-style factoring,163216,404,163418,809,FAILS_REGEV_COMPLEXITY_FIDELITY
Theta(n^3 log2(n)),80.0,406,15,cover_2n,203,1.0344827586206897,False,28,0.07252831149001145,170520,420,11970,19,soft-O(n^(3/2)),827,19.655172413793103,static certificate for the supplied serial binary repeated-squaring architecture; not a lower bound for Regev-style factoring,164836,406,165039,813,FAILS_REGEV_COMPLEXITY_FIDELITY
Theta(n^3 log2(n)),80.0,408,15,cover_2n,204,1.0294117647058822,False,28,0.07181942544459645,171360,420,11970,19,soft-O(n^(3/2)),829,19.558823529411764,static certificate for the supplied serial binary repeated-squaring architecture; not a lower bound for Regev-style factoring,166464,408,166668,817,FAILS_REGEV_COMPLEXITY_FIDELITY
Theta(n^3 log2(n)),80.0,410,15,cover_2n,205,1.024390243902439,False,28,0.07112088173256885,172200,420,11970,19,soft-O(n^(3/2)),831,19.463414634146343,static certificate for the supplied serial binary repeated-squaring architecture; not a lower bound for Regev-style factoring,168100,410,168305,821,FAILS_REGEV_COMPLEXITY_FIDELITY
Theta(n^3 log2(n)),80.0,412,15,cover_2n,206,1.0194174757281553,False,28,0.070432480141218,173040,420,11970,19,soft-O(n^(3/2)),833,19.368932038834952,static certificate for the supplied serial binary repeated-squaring architecture; not a lower bound for Regev-style factoring,169744,412,169950,825,FAILS_REGEV_COMPLEXITY_FIDELITY
Theta(n^3 log2(n)),80.0,414,15,cover_2n,207,1.0144927536231885,False,28,0.06975402527927833,173880,420,11970,19,soft-O(n^(3/2)),835,19.27536231884058,static certificate for the supplied serial binary repeated-squaring architecture; not a lower bound for Regev-style factoring,171396,414,171603,829,FAILS_REGEV_COMPLEXITY_FIDELITY
Theta(n^3 log2(n)),80.0,416,15,cover_2n,208,1.0096153846153846,False,28,0.06908532643826762,174720,420,11970,19,soft-O(n^(3/2)),837,19.182692307692307,static certificate for the supplied serial binary repeated-squaring architecture; not a lower bound for Regev-style factoring,173056,416,173264,833,FAILS_REGEV_COMPLEXITY_FIDELITY
Theta(n^3 log2(n)),80.0,418,15,cover_2n,209,1.0047846889952152,False,28,0.06842619745845552,175560,420,11970,19,soft-O(n^(3/2)),839,19.09090909090909,static certificate for the supplied serial binary repeated-squaring architecture; not a lower bound for Regev-style factoring,174724,418,174933,837,FAILS_REGEV_COMPLEXITY_FIDELITY
Theta(n^3 log2(n)),80.0,420,15,cover_2n,210,1.0,False,28,0.06777645659928656,176400,420,11970,19,soft-O(n^(3/2)),841,19.0,static certificate for the supplied serial binary repeated-squaring architecture; not a lower bound for Regev-style factoring,176400,420,176610,841,FAILS_REGEV_COMPLEXITY_FIDELITY
Theta(n^3 log2(n)),80.0,422,15,cover_2n,211,1.0308056872037914,False,29,0.07184721949577946,183570,435,12810,19,soft-O(n^(3/2)),858,19.585308056872037,static certificate for the supplied serial binary repeated-squaring architecture; not a lower bound for Regev-style factoring,178084,422,178295,845,FAILS_REGEV_COMPLEXITY_FIDELITY
Theta(n^3 log2(n)),80.0,424,15,cover_2n,212,1.025943396226415,False,29,0.0711714114274285,184440,435,12810,19,soft-O(n^(3/2)),860,19.492924528301888,static certificate for the supplied serial binary repeated-squaring architecture; not a lower bound for Regev-style factoring,179776,424,179988,849,FAILS_REGEV_COMPLEXITY_FIDELITY
Theta(n^3 log2(n)),80.0,426,15,cover_2n,213,1.0211267605633803,False,29,0.07050509386919407,185310,435,12810,19,soft-O(n^(3/2)),862,19.401408450704224,static certificate for the supplied serial binary repeated-squaring architecture; not a lower bound for Regev-style factoring,181476,426,181689,853,FAILS_REGEV_COMPLEXITY_FIDELITY
Theta(n^3 log2(n)),80.0,428,15,cover_2n,214,1.016355140186916,False,29,0.06984808994645525,186180,435,12810,19,soft-O(n^(3/2)),864,19.310747663551403,static certificate for the supplied serial binary repeated-squaring architecture; not a lower bound for Regev-style factoring,183184,428,183398,857,FAILS_REGEV_COMPLEXITY_FIDELITY
Theta(n^3 log2(n)),80.0,430,15,cover_2n,215,1.0116279069767442,False,29,0.06920022688598979,187050,435,12810,19,soft-O(n^(3/2)),866,19.22093023255814,static certificate for the supplied serial binary repeated-squaring architecture; not a lower bound for Regev-style factoring,184900,430,185115,861,FAILS_REGEV_COMPLEXITY_FIDELITY
Theta(n^3 log2(n)),80.0,432,15,cover_2n,216,1.0069444444444444,False,29,0.06856133590237637,187920,435,12810,19,soft-O(n^(3/2)),868,19.131944444444443,static certificate for the supplied serial binary repeated-squaring architecture; not a lower bound for Regev-style factoring,186624,432,186840,865,FAILS_REGEV_COMPLEXITY_FIDELITY
Theta(n^3 log2(n)),80.0,434,15,cover_2n,217,1.0023041474654377,False,29,0.06793125208805079,188790,435,12810,19,soft-O(n^(3/2)),870,19.043778801843317,static certificate for the supplied serial binary repeated-squaring architecture; not a lower bound for Regev-style factoring,188356,434,188573,869,FAILS_REGEV_COMPLEXITY_FIDELITY
Theta(n^3 log2(n)),80.0,436,15,cover_2n,218,1.0321100917431192,False,30,0.07211765818594533,196200,450,13725,19,soft-O(n^(3/2)),887,19.610091743119266,static certificate for the supplied serial binary repeated-squaring architecture; not a lower bound for Regev-style factoring,190096,436,190314,873,FAILS_REGEV_COMPLEXITY_FIDELITY
Theta(n^3 log2(n)),80.0,438,15,cover_2n,219,1.0273972602739727,False,30,0.0714609268833664,197100,450,13725,19,soft-O(n^(3/2)),889,19.52054794520548,static certificate for the supplied serial binary repeated-squaring architecture; not a lower bound for Regev-style factoring,191844,438,192063,877,FAILS_REGEV_COMPLEXITY_FIDELITY
Theta(n^3 log2(n)),80.0,440,15,cover_2n,220,1.0227272727272727,False,30,0.07081312558043545,198000,450,13725,19,soft-O(n^(3/2)),891,19.431818181818183,static certificate for the supplied serial binary repeated-squaring architecture; not a lower bound for Regev-style factoring,193600,440,193820,881,FAILS_REGEV_COMPLEXITY_FIDELITY
Theta(n^3 log2(n)),80.0,442,15,cover_2n,221,1.0180995475113122,False,30,0.07017409310529948,198900,450,13725,19,soft-O(n^(3/2)),893,19.34389140271493,static certificate for the supplied serial binary repeated-squaring architecture; not a lower bound for Regev-style factoring,195364,442,195585,885,FAILS_REGEV_COMPLEXITY_FIDELITY
Theta(n^3 log2(n)),80.0,444,15,cover_2n,222,1.0135135135135136,False,30,0.06954367190587663,199800,450,13725,19,soft-O(n^(3/2)),895,19.256756756756758,static certificate for the supplied serial binary repeated-squaring architecture; not a lower bound for Regev-style factoring,197136,444,197358,889,FAILS_REGEV_COMPLEXITY_FIDELITY
Theta(n^3 log2(n)),80.0,446,15,cover_2n,223,1.0089686098654709,False,30,0.06892170795273653,200700,450,13725,19,soft-O(n^(3/2)),897,19.170403587443946,static certificate for the supplied serial binary repeated-squaring architecture; not a lower bound for Regev-style factoring,198916,446,199139,893,FAILS_REGEV_COMPLEXITY_FIDELITY
Theta(n^3 log2(n)),80.0,448,15,cover_2n,224,1.0044642857142858,False,30,0.06830805064500717,201600,450,13725,19,soft-O(n^(3/2)),899,19.084821428571427,static certificate for the supplied serial binary repeated-squaring architecture; not a lower bound for Regev-style factoring,200704,448,200928,897,FAILS_REGEV_COMPLEXITY_FIDELITY
Theta(n^3 log2(n)),80.0,450,15,cover_2n,225,1.0,False,30,0.06770255271920089,202500,450,13725,19,soft-O(n^(3/2)),901,19.0,static certificate for the supplied serial binary repeated-squaring architecture; not a lower bound for Regev-style factoring,202500,450,202725,901,FAILS_REGEV_COMPLEXITY_FIDELITY
Theta(n^3 log2(n)),80.0,452,16,cover_2n,226,1.0265486725663717,False,29,0.06680682540458613,209728,464,13664,20,soft-O(n^(3/2)),917,20.530973451327434,static certificate for the supplied serial binary repeated-squaring architecture; not a lower bound for Regev-style factoring,204304,452,204530,905,FAILS_REGEV_COMPLEXITY_FIDELITY
Theta(n^3 log2(n)),80.0,454,16,cover_2n,227,1.0220264317180616,False,29,0.06621983784281511,210656,464,13664,20,soft-O(n^(3/2)),919,20.440528634361232,static certificate for the supplied serial binary repeated-squaring architecture; not a lower bound for Regev-style factoring,206116,454,206343,909,FAILS_REGEV_COMPLEXITY_FIDELITY
Theta(n^3 log2(n)),80.0,456,16,cover_2n,228,1.0175438596491229,False,29,0.06564055264118676,211584,464,13664,20,soft-O(n^(3/2)),921,20.350877192982455,static certificate for the supplied serial binary repeated-squaring architecture; not a lower bound for Regev-style factoring,207936,456,208164,913,FAILS_REGEV_COMPLEXITY_FIDELITY
Theta(n^3 log2(n)),80.0,458,16,cover_2n,229,1.0131004366812226,False,29,0.06506883562785426,212512,464,13664,20,soft-O(n^(3/2)),923,20.262008733624455,static certificate for the supplied serial binary repeated-squaring architecture; not a lower bound for Regev-style factoring,209764,458,209993,917,FAILS_REGEV_COMPLEXITY_FIDELITY
Theta(n^3 log2(n)),80.0,460,16,cover_2n,230,1.008695652173913,False,29,0.06450455553981967,213440,464,13664,20,soft-O(n^(3/2)),925,20.17391304347826,static certificate for the supplied serial binary repeated-squaring architecture; not a lower bound for Regev-style factoring,211600,460,211830,921,FAILS_REGEV_COMPLEXITY_FIDELITY
Theta(n^3 log2(n)),80.0,462,16,cover_2n,231,1.0043290043290043,False,29,0.06394758394758394,214368,464,13664,20,soft-O(n^(3/2)),927,20.086580086580085,static certificate for the supplied serial binary repeated-squaring architecture; not a lower bound for Regev-style factoring,213444,462,213675,925,FAILS_REGEV_COMPLEXITY_FIDELITY
Theta(n^3 log2(n)),80.0,464,16,cover_2n,232,1.0,False,29,0.06339779518206451,215296,464,13664,20,soft-O(n^(3/2)),929,20.0,static certificate for the supplied serial binary repeated-squaring architecture; not a lower bound for Regev-style factoring,215296,464,215528,929,FAILS_REGEV_COMPLEXITY_FIDELITY
Theta(n^3 log2(n)),80.0,466,16,cover_2n,233,1.0300429184549356,False,30,0.06734471385396686,223680,480,14640,20,soft-O(n^(3/2)),947,20.600858369098713,static certificate for the supplied serial binary repeated-squaring architecture; not a lower bound for Regev-style factoring,217156,466,217389,933,FAILS_REGEV_COMPLEXITY_FIDELITY
Theta(n^3 log2(n)),80.0,468,16,cover_2n,234,1.0256410256410255,False,30,0.06677065375037627,224640,480,14640,20,soft-O(n^(3/2)),949,20.512820512820515,static certificate for the supplied serial binary repeated-squaring architecture; not a lower bound for Regev-style factoring,219024,468,219258,937,FAILS_REGEV_COMPLEXITY_FIDELITY
Theta(n^3 log2(n)),80.0,470,16,cover_2n,235,1.0212765957446808,False,30,0.06620390259343839,225600,480,14640,20,soft-O(n^(3/2)),951,20.425531914893618,static certificate for the supplied serial binary repeated-squaring architecture; not a lower bound for Regev-style factoring,220900,470,221135,941,FAILS_REGEV_COMPLEXITY_FIDELITY
Theta(n^3 log2(n)),80.0,472,16,cover_2n,236,1.0169491525423728,False,30,0.06564433683077751,226560,480,14640,20,soft-O(n^(3/2)),953,20.338983050847457,static certificate for the supplied serial binary repeated-squaring architecture; not a lower bound for Regev-style factoring,222784,472,223020,945,FAILS_REGEV_COMPLEXITY_FIDELITY
Theta(n^3 log2(n)),80.0,474,16,cover_2n,237,1.0126582278481013,False,30,0.06509183550973043,227520,480,14640,20,soft-O(n^(3/2)),955,20.253164556962027,static certificate for the supplied serial binary repeated-squaring architecture; not a lower bound for Regev-style factoring,224676,474,224913,949,FAILS_REGEV_COMPLEXITY_FIDELITY
Theta(n^3 log2(n)),80.0,476,16,cover_2n,238,1.0084033613445378,False,30,0.06454628021197986,228480,480,14640,20,soft-O(n^(3/2)),957,20.168067226890756,static certificate for the supplied serial binary repeated-squaring architecture; not a lower bound for Regev-style factoring,226576,476,226814,953,FAILS_REGEV_COMPLEXITY_FIDELITY
Theta(n^3 log2(n)),80.0,478,16,cover_2n,239,1.00418410041841,False,30,0.06400755499009719,229440,480,14640,20,soft-O(n^(3/2)),959,20.0836820083682,static certificate for the supplied serial binary repeated-squaring architecture; not a lower bound for Regev-style factoring,228484,478,228723,957,FAILS_REGEV_COMPLEXITY_FIDELITY
Theta(n^3 log2(n)),80.0,480,16,cover_2n,240,1.0,False,30,0.06347554630593132,230400,480,14640,20,soft-O(n^(3/2)),961,20.0,static certificate for the supplied serial binary repeated-squaring architecture; not a lower bound for Regev-style factoring,230400,480,230640,961,FAILS_REGEV_COMPLEXITY_FIDELITY
Theta(n^3 log2(n)),80.0,482,16,cover_2n,241,1.0290456431535269,False,31,0.06707802119837465,239072,496,15600,20,soft-O(n^(3/2)),979,20.58091286307054,static certificate for the supplied serial binary repeated-squaring architecture; not a lower bound for Regev-style factoring,232324,482,232565,965,FAILS_REGEV_COMPLEXITY_FIDELITY
Theta(n^3 log2(n)),80.0,484,16,cover_2n,242,1.024793388429752,False,31,0.06652508763400967,240064,496,15600,20,soft-O(n^(3/2)),981,20.49586776859504,static certificate for the supplied serial binary repeated-squaring architecture; not a lower bound for Regev-style factoring,234256,484,234498,969,FAILS_REGEV_COMPLEXITY_FIDELITY
Theta(n^3 log2(n)),80.0,486,16,cover_2n,243,1.0205761316872428,False,31,0.06597896286145687,241056,496,15600,20,soft-O(n^(3/2)),983,20.411522633744855,static certificate for the supplied serial binary repeated-squaring architecture; not a lower bound for Regev-style factoring,236196,486,236439,973,FAILS_REGEV_COMPLEXITY_FIDELITY
Theta(n^3 log2(n)),80.0,488,16,cover_2n,244,1.0163934426229508,False,31,0.0654395355470913,242048,496,15600,20,soft-O(n^(3/2)),985,20.327868852459016,static certificate for the supplied serial binary repeated-squaring architecture; not a lower bound for Regev-style factoring,238144,488,238388,977,FAILS_REGEV_COMPLEXITY_FIDELITY
Theta(n^3 log2(n)),80.0,490,16,cover_2n,245,1.0122448979591836,False,31,0.06490669662360357,243040,496,15600,20,soft-O(n^(3/2)),987,20.244897959183675,static certificate for the supplied serial binary repeated-squaring architecture; not a lower bound for Regev-style factoring,240100,490,240345,981,FAILS_REGEV_COMPLEXITY_FIDELITY
Theta(n^3 log2(n)),80.0,492,16,cover_2n,246,1.008130081300813,False,31,0.06438033923486443,244032,496,15600,20,soft-O(n^(3/2)),989,20.16260162601626,static certificate for the supplied serial binary repeated-squaring architecture; not a lower bound for Regev-style factoring,242064,492,242310,985,FAILS_REGEV_COMPLEXITY_FIDELITY
Theta(n^3 log2(n)),80.0,494,16,cover_2n,247,1.0040485829959513,False,31,0.06386035868234793,245024,496,15600,20,soft-O(n^(3/2)),991,20.08097165991903,static certificate for the supplied serial binary repeated-squaring architecture; not a lower bound for Regev-style factoring,244036,494,244283,989,FAILS_REGEV_COMPLEXITY_FIDELITY
Theta(n^3 log2(n)),80.0,496,16,cover_2n,248,1.0,False,31,0.06334665237306306,246016,496,15600,20,soft-O(n^(3/2)),993,20.0,static certificate for the supplied serial binary repeated-squaring architecture; not a lower bound for Regev-style factoring,246016,496,246264,993,FAILS_REGEV_COMPLEXITY_FIDELITY
Theta(n^3 log2(n)),80.0,498,16,cover_2n,249,1.0281124497991967,False,32,0.06702839442020841,254976,512,16640,20,soft-O(n^(3/2)),1011,20.562248995983936,static certificate for the supplied serial binary repeated-squaring architecture; not a lower bound for Regev-style factoring,248004,498,248253,997,FAILS_REGEV_COMPLEXITY_FIDELITY
Theta(n^3 log2(n)),80.0,500,16,cover_2n,250,1.024,False,32,0.0664935064935065,256000,512,16640,20,soft-O(n^(3/2)),1013,20.48,static certificate for the supplied serial binary repeated-squaring architecture; not a lower bound for Regev-style factoring,250000,500,250250,1001,FAILS_REGEV_COMPLEXITY_FIDELITY
Theta(n^3 log2(n)),80.0,502,16,cover_2n,251,1.0199203187250996,False,32,0.06596499573843928,257024,512,16640,20,soft-O(n^(3/2)),1015,20.39840637450199,static certificate for the supplied serial binary repeated-squaring architecture; not a lower bound for Regev-style factoring,252004,502,252255,1005,FAILS_REGEV_COMPLEXITY_FIDELITY
Theta(n^3 log2(n)),80.0,504,16,cover_2n,252,1.0158730158730158,False,32,0.06544276118111599,258048,512,16640,20,soft-O(n^(3/2)),1017,20.317460317460316,static certificate for the supplied serial binary repeated-squaring architecture; not a lower bound for Regev-style factoring,254016,504,254268,1009,FAILS_REGEV_COMPLEXITY_FIDELITY
Theta(n^3 log2(n)),80.0,506,16,cover_2n,253,1.0118577075098814,False,32,0.0649267038382451,259072,512,16640,20,soft-O(n^(3/2)),1019,20.23715415019763,static certificate for the supplied serial binary repeated-squaring architecture; not a lower bound for Regev-style factoring,256036,506,256289,1013,FAILS_REGEV_COMPLEXITY_FIDELITY
Theta(n^3 log2(n)),80.0,508,16,cover_2n,254,1.0078740157480315,False,32,0.06441672667022817,260096,512,16640,20,soft-O(n^(3/2)),1021,20.15748031496063,static certificate for the supplied serial binary repeated-squaring architecture; not a lower bound for Regev-style factoring,258064,508,258318,1017,FAILS_REGEV_COMPLEXITY_FIDELITY
Theta(n^3 log2(n)),80.0,510,16,cover_2n,255,1.003921568627451,False,32,0.06391273453553802,261120,512,16640,20,soft-O(n^(3/2)),1023,20.07843137254902,static certificate for the supplied serial binary repeated-squaring architecture; not a lower bound for Regev-style factoring,260100,510,260355,1021,FAILS_REGEV_COMPLEXITY_FIDELITY
Theta(n^3 log2(n)),80.0,512,16,cover_2n,256,1.0,False,32,0.06341463414634146,262144,512,16640,20,soft-O(n^(3/2)),1025,20.0,static certificate for the supplied serial binary repeated-squaring architecture; not a lower bound for Regev-style factoring,262144,512,262400,1025,FAILS_REGEV_COMPLEXITY_FIDELITY
Theta(n^3 log2(n)),80.0,514,17,cover_2n,257,1.0252918287937742,False,31,0.06267654365804132,270878,527,16575,21,soft-O(n^(3/2)),1042,21.53112840466926,static certificate for the supplied serial binary repeated-squaring architecture; not a lower bound for Regev-style factoring,264196,514,264453,1029,FAILS_REGEV_COMPLEXITY_FIDELITY
Theta(n^3 log2(n)),80.0,516,17,cover_2n,258,1.0213178294573644,False,31,0.06219185483689412,271932,527,16575,21,soft-O(n^(3/2)),1044,21.447674418604652,static certificate for the supplied serial binary repeated-squaring architecture; not a lower bound for Regev-style factoring,266256,516,266514,1033,FAILS_REGEV_COMPLEXITY_FIDELITY
Theta(n^3 log2(n)),80.0,518,17,cover_2n,259,1.0173745173745175,False,31,0.061712766630799415,272986,527,16575,21,soft-O(n^(3/2)),1046,21.364864864864863,static certificate for the supplied serial binary repeated-squaring architecture; not a lower bound for Regev-style factoring,268324,518,268583,1037,FAILS_REGEV_COMPLEXITY_FIDELITY
Theta(n^3 log2(n)),80.0,520,17,cover_2n,260,1.0134615384615384,False,31,0.061239193083573486,274040,527,16575,21,soft-O(n^(3/2)),1048,21.282692307692308,static certificate for the supplied serial binary repeated-squaring architecture; not a lower bound for Regev-style factoring,270400,520,270660,1041,FAILS_REGEV_COMPLEXITY_FIDELITY
Theta(n^3 log2(n)),80.0,522,17,cover_2n,261,1.0095785440613028,False,31,0.06077104988175769,275094,527,16575,21,soft-O(n^(3/2)),1050,21.201149425287355,static certificate for the supplied serial binary repeated-squaring architecture; not a lower bound for Regev-style factoring,272484,522,272745,1045,FAILS_REGEV_COMPLEXITY_FIDELITY
Theta(n^3 log2(n)),80.0,524,17,cover_2n,262,1.0057251908396947,False,31,0.06030825431708861,276148,527,16575,21,soft-O(n^(3/2)),1052,21.120229007633586,static certificate for the supplied serial binary repeated-squaring architecture; not a lower bound for Regev-style factoring,274576,524,274838,1049,FAILS_REGEV_COMPLEXITY_FIDELITY
Theta(n^3 log2(n)),80.0,526,17,cover_2n,263,1.0019011406844107,False,31,0.05985072524996479,277202,527,16575,21,soft-O(n^(3/2)),1054,21.039923954372625,static certificate for the supplied serial binary repeated-squaring architecture; not a lower bound for Regev-style factoring,276676,526,276939,1053,FAILS_REGEV_COMPLEXITY_FIDELITY
Theta(n^3 log2(n)),80.0,528,17,cover_2n,264,1.0303030303030303,False,32,0.06335827527880508,287232,544,17680,21,soft-O(n^(3/2)),1073,21.636363636363637,static certificate for the supplied serial binary repeated-squaring architecture; not a lower bound for Regev-style factoring,278784,528,279048,1057,FAILS_REGEV_COMPLEXITY_FIDELITY
Theta(n^3 log2(n)),80.0,530,17,cover_2n,265,1.0264150943396226,False,32,0.06288122632617858,288320,544,17680,21,soft-O(n^(3/2)),1075,21.554716981132074,static certificate for the supplied serial binary repeated-squaring architecture; not a lower bound for Regev-style factoring,280900,530,281165,1061,FAILS_REGEV_COMPLEXITY_FIDELITY
Theta(n^3 log2(n)),80.0,532,17,cover_2n,266,1.0225563909774436,False,32,0.06240954498923365,289408,544,17680,21,soft-O(n^(3/2)),1077,21.473684210526315,static certificate for the supplied serial binary repeated-squaring architecture; not a lower bound for Regev-style factoring,283024,532,283290,1065,FAILS_REGEV_COMPLEXITY_FIDELITY
Theta(n^3 log2(n)),80.0,534,17,cover_2n,267,1.0187265917602997,False,32,0.061943151042487814,290496,544,17680,21,soft-O(n^(3/2)),1079,21.39325842696629,static certificate for the supplied serial binary repeated-squaring architecture; not a lower bound for Regev-style factoring,285156,534,285423,1069,FAILS_REGEV_COMPLEXITY_FIDELITY
Theta(n^3 log2(n)),80.0,536,17,cover_2n,268,1.0149253731343284,False,32,0.061481965753710476,291584,544,17680,21,soft-O(n^(3/2)),1081,21.313432835820894,static certificate for the supplied serial binary repeated-squaring architecture; not a lower bound for Regev-style factoring,287296,536,287564,1073,FAILS_REGEV_COMPLEXITY_FIDELITY
Theta(n^3 log2(n)),80.0,538,17,cover_2n,269,1.0111524163568772,False,32,0.061025911850693615,292672,544,17680,21,soft-O(n^(3/2)),1083,21.234200743494423,static certificate for the supplied serial binary repeated-squaring architecture; not a lower bound for Regev-style factoring,289444,538,289713,1077,FAILS_REGEV_COMPLEXITY_FIDELITY
Theta(n^3 log2(n)),80.0,540,17,cover_2n,270,1.0074074074074073,False,32,0.06057491348888203,293760,544,17680,21,soft-O(n^(3/2)),1085,21.155555555555555,static certificate for the supplied serial binary repeated-squaring architecture; not a lower bound for Regev-style factoring,291600,540,291870,1081,FAILS_REGEV_COMPLEXITY_FIDELITY
Theta(n^3 log2(n)),80.0,542,17,cover_2n,271,1.003690036900369,False,32,0.060128896219837774,294848,544,17680,21,soft-O(n^(3/2)),1087,21.077490774907748,static certificate for the supplied serial binary repeated-squaring architecture; not a lower bound for Regev-style factoring,293764,542,294035,1085,FAILS_REGEV_COMPLEXITY_FIDELITY
Theta(n^3 log2(n)),80.0,544,17,cover_2n,272,1.0,False,32,0.05968778696051423,295936,544,17680,21,soft-O(n^(3/2)),1089,21.0,static certificate for the supplied serial binary repeated-squaring architecture; not a lower bound for Regev-style factoring,295936,544,296208,1089,FAILS_REGEV_COMPLEXITY_FIDELITY
Theta(n^3 log2(n)),80.0,546,17,cover_2n,273,1.0274725274725274,False,33,0.0628977609764435,306306,561,18768,21,soft-O(n^(3/2)),1108,21.576923076923077,static certificate for the supplied serial binary repeated-squaring architecture; not a lower bound for Regev-style factoring,298116,546,298389,1093,FAILS_REGEV_COMPLEXITY_FIDELITY
Theta(n^3 log2(n)),80.0,548,17,cover_2n,274,1.0237226277372262,False,33,0.062439699512273024,307428,561,18768,21,soft-O(n^(3/2)),1110,21.498175182481752,static certificate for the supplied serial binary repeated-squaring architecture; not a lower bound for Regev-style factoring,300304,548,300578,1097,FAILS_REGEV_COMPLEXITY_FIDELITY
Theta(n^3 log2(n)),80.0,550,17,cover_2n,275,1.02,False,33,0.06198662373049294,308550,561,18768,21,soft-O(n^(3/2)),1112,21.42,static certificate for the supplied serial binary repeated-squaring architecture; not a lower bound for Regev-style factoring,302500,550,302775,1101,FAILS_REGEV_COMPLEXITY_FIDELITY
Theta(n^3 log2(n)),80.0,552,17,cover_2n,276,1.016304347826087,False,33,0.06153846153846154,309672,561,18768,21,soft-O(n^(3/2)),1114,21.342391304347824,static certificate for the supplied serial binary repeated-squaring architecture; not a lower bound for Regev-style factoring,304704,552,304980,1105,FAILS_REGEV_COMPLEXITY_FIDELITY
Theta(n^3 log2(n)),80.0,554,17,cover_2n,277,1.0126353790613718,False,33,0.06109514214191079,310794,561,18768,21,soft-O(n^(3/2)),1116,21.26534296028881,static certificate for the supplied serial binary repeated-squaring architecture; not a lower bound for Regev-style factoring,306916,554,307193,1109,FAILS_REGEV_COMPLEXITY_FIDELITY
Theta(n^3 log2(n)),80.0,556,17,cover_2n,278,1.0089928057553956,False,33,0.06065659601698695,311916,561,18768,21,soft-O(n^(3/2)),1118,21.18884892086331,static certificate for the supplied serial binary repeated-squaring architecture; not a lower bound for Regev-style factoring,309136,556,309414,1113,FAILS_REGEV_COMPLEXITY_FIDELITY
Theta(n^3 log2(n)),80.0,558,17,cover_2n,279,1.0053763440860215,False,33,0.060222754882991114,313038,561,18768,21,soft-O(n^(3/2)),1120,21.112903225806452,static certificate for the supplied serial binary repeated-squaring architecture; not a lower bound for Regev-style factoring,311364,558,311643,1117,FAILS_REGEV_COMPLEXITY_FIDELITY
Theta(n^3 log2(n)),80.0,560,17,cover_2n,280,1.0017857142857143,False,33,0.05979355167579967,314160,561,18768,21,soft-O(n^(3/2)),1122,21.0375,static certificate for the supplied serial binary repeated-squaring architecture; not a lower bound for Regev-style factoring,313600,560,313880,1121,FAILS_REGEV_COMPLEXITY_FIDELITY
Theta(n^3 log2(n)),80.0,562,17,cover_2n,281,1.0284697508896796,False,34,0.06307947805456703,324836,578,19941,21,soft-O(n^(3/2)),1141,21.597864768683273,static certificate for the supplied serial binary repeated-squaring architecture; not a lower bound for Regev-style factoring,315844,562,316125,1125,FAILS_REGEV_COMPLEXITY_FIDELITY
Theta(n^3 log2(n)),80.0,564,17,cover_2n,282,1.024822695035461,False,34,0.06263309650792455,325992,578,19941,21,soft-O(n^(3/2)),1143,21.52127659574468,static certificate for the supplied serial binary repeated-squaring architecture; not a lower bound for Regev-style factoring,318096,564,318378,1129,FAILS_REGEV_COMPLEXITY_FIDELITY
Theta(n^3 log2(n)),80.0,566,17,cover_2n,283,1.0212014134275618,False,34,0.06219143647528841,327148,578,19941,21,soft-O(n^(3/2)),1145,21.445229681978798,static certificate for the supplied serial binary repeated-squaring architecture; not a lower bound for Regev-style factoring,320356,566,320639,1133,FAILS_REGEV_COMPLEXITY_FIDELITY
Theta(n^3 log2(n)),80.0,568,17,cover_2n,284,1.017605633802817,False,34,0.06175443160280947,328304,578,19941,21,soft-O(n^(3/2)),1147,21.369718309859156,static certificate for the supplied serial binary repeated-squaring architecture; not a lower bound for Regev-style factoring,322624,568,322908,1137,FAILS_REGEV_COMPLEXITY_FIDELITY
Theta(n^3 log2(n)),80.0,570,17,cover_2n,285,1.0140350877192983,False,34,0.06132201669818719,329460,578,19941,21,soft-O(n^(3/2)),1149,21.294736842105262,static certificate for the supplied serial binary repeated-squaring architecture; not a lower bound for Regev-style factoring,324900,570,325185,1141,FAILS_REGEV_COMPLEXITY_FIDELITY
Theta(n^3 log2(n)),80.0,572,17,cover_2n,286,1.0104895104895104,False,34,0.06089412770635478,330616,578,19941,21,soft-O(n^(3/2)),1151,21.22027972027972,static certificate for the supplied serial binary repeated-squaring architecture; not a lower bound for Regev-style factoring,327184,572,327470,1145,FAILS_REGEV_COMPLEXITY_FIDELITY
Theta(n^3 log2(n)),80.0,574,17,cover_2n,287,1.0069686411149825,False,34,0.060470701685756134,331772,578,19941,21,soft-O(n^(3/2)),1153,21.146341463414632,static certificate for the supplied serial binary repeated-squaring architecture; not a lower bound for Regev-style factoring,329476,574,329763,1149,FAILS_REGEV_COMPLEXITY_FIDELITY
Theta(n^3 log2(n)),80.0,576,17,cover_2n,288,1.0034722222222223,False,34,0.06005167678519804,332928,578,19941,21,soft-O(n^(3/2)),1155,21.072916666666668,static certificate for the supplied serial binary repeated-squaring architecture; not a lower bound for Regev-style factoring,331776,576,332064,1153,FAILS_REGEV_COMPLEXITY_FIDELITY
Theta(n^3 log2(n)),80.0,578,17,cover_2n,289,1.0,False,34,0.059636992221261884,334084,578,19941,21,soft-O(n^(3/2)),1157,21.0,static certificate for the supplied serial binary repeated-squaring architecture; not a lower bound for Regev-style factoring,334084,578,334373,1157,FAILS_REGEV_COMPLEXITY_FIDELITY
Theta(n^3 log2(n)),80.0,580,18,cover_2n,290,1.0241379310344827,False,33,0.059021651964715316,344520,594,19872,22,soft-O(n^(3/2)),1175,22.53103448275862,static certificate for the supplied serial binary repeated-squaring architecture; not a lower bound for Regev-style factoring,336400,580,336690,1161,FAILS_REGEV_COMPLEXITY_FIDELITY
Theta(n^3 log2(n)),80.0,582,18,cover_2n,291,1.0206185567010309,False,33,0.05861687535949737,345708,594,19872,22,soft-O(n^(3/2)),1177,22.45360824742268,static certificate for the supplied serial binary repeated-squaring architecture; not a lower bound for Regev-style factoring,338724,582,339015,1165,FAILS_REGEV_COMPLEXITY_FIDELITY
Theta(n^3 log2(n)),80.0,584,18,cover_2n,292,1.0171232876712328,False,33,0.05821624852057138,346896,594,19872,22,soft-O(n^(3/2)),1179,22.376712328767123,static certificate for the supplied serial binary repeated-squaring architecture; not a lower bound for Regev-style factoring,341056,584,341348,1169,FAILS_REGEV_COMPLEXITY_FIDELITY
Theta(n^3 log2(n)),80.0,586,18,cover_2n,293,1.0136518771331058,False,33,0.0578197149166834,348084,594,19872,22,soft-O(n^(3/2)),1181,22.300341296928327,static certificate for the supplied serial binary repeated-squaring architecture; not a lower bound for Regev-style factoring,343396,586,343689,1173,FAILS_REGEV_COMPLEXITY_FIDELITY
Theta(n^3 log2(n)),80.0,588,18,cover_2n,294,1.010204081632653,False,33,0.05742721897595062,349272,594,19872,22,soft-O(n^(3/2)),1183,22.224489795918366,static certificate for the supplied serial binary repeated-squaring architecture; not a lower bound for Regev-style factoring,345744,588,346038,1177,FAILS_REGEV_COMPLEXITY_FIDELITY
Theta(n^3 log2(n)),80.0,590,18,cover_2n,295,1.006779661016949,False,33,0.05703870606639016,350460,594,19872,22,soft-O(n^(3/2)),1185,22.14915254237288,static certificate for the supplied serial binary repeated-squaring architecture; not a lower bound for Regev-style factoring,348100,590,348395,1181,FAILS_REGEV_COMPLEXITY_FIDELITY
Theta(n^3 log2(n)),80.0,592,18,cover_2n,296,1.0033783783783783,False,33,0.056654122476907286,351648,594,19872,22,soft-O(n^(3/2)),1187,22.074324324324323,static certificate for the supplied serial binary repeated-squaring architecture; not a lower bound for Regev-style factoring,350464,592,350760,1185,FAILS_REGEV_COMPLEXITY_FIDELITY
Theta(n^3 log2(n)),80.0,594,18,cover_2n,297,1.0,False,33,0.05627341539873079,352836,594,19872,22,soft-O(n^(3/2)),1189,22.0,static certificate for the supplied serial binary repeated-squaring architecture; not a lower bound for Regev-style factoring,352836,594,353133,1189,FAILS_REGEV_COMPLEXITY_FIDELITY
Theta(n^3 log2(n)),80.0,596,18,cover_2n,298,1.0268456375838926,False,34,0.05939006621398876,364752,612,21114,22,soft-O(n^(3/2)),1209,22.590604026845636,static certificate for the supplied serial binary repeated-squaring architecture; not a lower bound for Regev-style factoring,355216,596,355514,1193,FAILS_REGEV_COMPLEXITY_FIDELITY
Theta(n^3 log2(n)),80.0,598,18,cover_2n,299,1.0234113712374582,False,34,0.058993637941006365,365976,612,21114,22,soft-O(n^(3/2)),1211,22.51505016722408,static certificate for the supplied serial binary repeated-squaring architecture; not a lower bound for Regev-style factoring,357604,598,357903,1197,FAILS_REGEV_COMPLEXITY_FIDELITY
Theta(n^3 log2(n)),80.0,600,18,cover_2n,300,1.02,False,34,0.058601165695253955,367200,612,21114,22,soft-O(n^(3/2)),1213,22.44,static certificate for the supplied serial binary repeated-squaring architecture; not a lower bound for Regev-style factoring,360000,600,360300,1201,FAILS_REGEV_COMPLEXITY_FIDELITY
Theta(n^3 log2(n)),80.0,602,18,cover_2n,301,1.0166112956810631,False,34,0.05821259701410237,368424,612,21114,22,soft-O(n^(3/2)),1215,22.365448504983387,static certificate for the supplied serial binary repeated-squaring architecture; not a lower bound for Regev-style factoring,362404,602,362705,1205,FAILS_REGEV_COMPLEXITY_FIDELITY
Theta(n^3 log2(n)),80.0,604,18,cover_2n,302,1.0132450331125828,False,34,0.05782788030171068,369648,612,21114,22,soft-O(n^(3/2)),1217,22.29139072847682,static certificate for the supplied serial binary repeated-squaring architecture; not a lower bound for Regev-style factoring,364816,604,365118,1209,FAILS_REGEV_COMPLEXITY_FIDELITY
Theta(n^3 log2(n)),80.0,606,18,cover_2n,303,1.00990099009901,False,34,0.05744696481189751,370872,612,21114,22,soft-O(n^(3/2)),1219,22.217821782178216,static certificate for the supplied serial binary repeated-squaring architecture; not a lower bound for Regev-style factoring,367236,606,367539,1213,FAILS_REGEV_COMPLEXITY_FIDELITY
Theta(n^3 log2(n)),80.0,608,18,cover_2n,304,1.006578947368421,False,34,0.05706980063140596,372096,612,21114,22,soft-O(n^(3/2)),1221,22.144736842105264,static certificate for the supplied serial binary repeated-squaring architecture; not a lower bound for Regev-style factoring,369664,608,369968,1217,FAILS_REGEV_COMPLEXITY_FIDELITY
Theta(n^3 log2(n)),80.0,610,18,cover_2n,305,1.0032786885245901,False,34,0.056696338663551775,373320,612,21114,22,soft-O(n^(3/2)),1223,22.072131147540983,static certificate for the supplied serial binary repeated-squaring architecture; not a lower bound for Regev-style factoring,372100,610,372405,1221,FAILS_REGEV_COMPLEXITY_FIDELITY
Theta(n^3 log2(n)),80.0,612,18,cover_2n,306,1.0,False,34,0.0563265306122449,374544,612,21114,22,soft-O(n^(3/2)),1225,22.0,static certificate for the supplied serial binary repeated-squaring architecture; not a lower bound for Regev-style factoring,374544,612,374850,1225,FAILS_REGEV_COMPLEXITY_FIDELITY
Theta(n^3 log2(n)),80.0,614,18,cover_2n,307,1.0260586319218241,False,35,0.059204406007903464,386820,630,22338,22,soft-O(n^(3/2)),1245,22.57328990228013,static certificate for the supplied serial binary repeated-squaring architecture; not a lower bound for Regev-style factoring,376996,614,377303,1229,FAILS_REGEV_COMPLEXITY_FIDELITY
Theta(n^3 log2(n)),80.0,616,18,cover_2n,308,1.0227272727272727,False,35,0.05882074130249313,388080,630,22338,22,soft-O(n^(3/2)),1247,22.5,static certificate for the supplied serial binary repeated-squaring architecture; not a lower bound for Regev-style factoring,379456,616,379764,1233,FAILS_REGEV_COMPLEXITY_FIDELITY
Theta(n^3 log2(n)),80.0,618,18,cover_2n,309,1.0194174757281553,False,35,0.058440793965984096,389340,630,22338,22,soft-O(n^(3/2)),1249,22.42718446601942,static certificate for the supplied serial binary repeated-squaring architecture; not a lower bound for Regev-style factoring,381924,618,382233,1237,FAILS_REGEV_COMPLEXITY_FIDELITY
Theta(n^3 log2(n)),80.0,620,18,cover_2n,310,1.0161290322580645,False,35,0.05806451612903226,390600,630,22338,22,soft-O(n^(3/2)),1251,22.35483870967742,static certificate for the supplied serial binary repeated-squaring architecture; not a lower bound for Regev-style factoring,384400,620,384710,1241,FAILS_REGEV_COMPLEXITY_FIDELITY
Theta(n^3 log2(n)),80.0,622,18,cover_2n,311,1.0128617363344052,False,35,0.057691860690349824,391860,630,22338,22,soft-O(n^(3/2)),1253,22.282958199356912,static certificate for the supplied serial binary repeated-squaring architecture; not a lower bound for Regev-style factoring,386884,622,387195,1245,FAILS_REGEV_COMPLEXITY_FIDELITY
Theta(n^3 log2(n)),80.0,624,18,cover_2n,312,1.0096153846153846,False,35,0.05732278130196465,393120,630,22338,22,soft-O(n^(3/2)),1255,22.21153846153846,static certificate for the supplied serial binary repeated-squaring architecture; not a lower bound for Regev-style factoring,389376,624,389688,1249,FAILS_REGEV_COMPLEXITY_FIDELITY
Theta(n^3 log2(n)),80.0,626,18,cover_2n,313,1.0063897763578276,False,35,0.056957232354808526,394380,630,22338,22,soft-O(n^(3/2)),1257,22.140575079872203,static certificate for the supplied serial binary repeated-squaring architecture; not a lower bound for Regev-style factoring,391876,626,392189,1253,FAILS_REGEV_COMPLEXITY_FIDELITY
Theta(n^3 log2(n)),80.0,628,18,cover_2n,314,1.0031847133757963,False,35,0.056595168964626116,395640,630,22338,22,soft-O(n^(3/2)),1259,22.070063694267517,static certificate for the supplied serial binary repeated-squaring architecture; not a lower bound for Regev-style factoring,394384,628,394698,1257,FAILS_REGEV_COMPLEXITY_FIDELITY
Theta(n^3 log2(n)),80.0,630,18,cover_2n,315,1.0,False,35,0.056236546958196444,396900,630,22338,22,soft-O(n^(3/2)),1261,22.0,static certificate for the supplied serial binary repeated-squaring architecture; not a lower bound for Regev-style factoring,396900,630,397215,1261,FAILS_REGEV_COMPLEXITY_FIDELITY
Theta(n^3 log2(n)),80.0,632,18,cover_2n,316,1.0253164556962024,False,36,0.059168459498674136,409536,648,23652,22,soft-O(n^(3/2)),1281,22.556962025316455,static certificate for the supplied serial binary repeated-squaring architecture; not a lower bound for Regev-style factoring,399424,632,399740,1265,FAILS_REGEV_COMPLEXITY_FIDELITY
Theta(n^3 log2(n)),80.0,634,18,cover_2n,317,1.0220820189274449,False,36,0.0587958923417679,410832,648,23652,22,soft-O(n^(3/2)),1283,22.485804416403784,static certificate for the supplied serial binary repeated-squaring architecture; not a lower bound for Regev-style factoring,401956,634,402273,1269,FAILS_REGEV_COMPLEXITY_FIDELITY
Theta(n^3 log2(n)),80.0,636,18,cover_2n,318,1.0188679245283019,False,36,0.05842683306407387,412128,648,23652,22,soft-O(n^(3/2)),1285,22.41509433962264,static certificate for the supplied serial binary repeated-squaring architecture; not a lower bound for Regev-style factoring,404496,636,404814,1273,FAILS_REGEV_COMPLEXITY_FIDELITY
Theta(n^3 log2(n)),80.0,638,18,cover_2n,319,1.0156739811912225,False,36,0.058061237765825564,413424,648,23652,22,soft-O(n^(3/2)),1287,22.344827586206897,static certificate for the supplied serial binary repeated-squaring architecture; not a lower bound for Regev-style factoring,407044,638,407363,1277,FAILS_REGEV_COMPLEXITY_FIDELITY
Theta(n^3 log2(n)),80.0,640,18,cover_2n,320,1.0125,False,36,0.05769906323185012,414720,648,23652,22,soft-O(n^(3/2)),1289,22.275,static certificate for the supplied serial binary repeated-squaring architecture; not a lower bound for Regev-style factoring,409600,640,409920,1281,FAILS_REGEV_COMPLEXITY_FIDELITY
Theta(n^3 log2(n)),80.0,642,18,cover_2n,321,1.0093457943925233,False,36,0.057340266918797046,416016,648,23652,22,soft-O(n^(3/2)),1291,22.205607476635514,static certificate for the supplied serial binary repeated-squaring architecture; not a lower bound for Regev-style factoring,412164,642,412485,1285,FAILS_REGEV_COMPLEXITY_FIDELITY
Theta(n^3 log2(n)),80.0,644,18,cover_2n,322,1.0062111801242235,False,36,0.05698480694264416,417312,648,23652,22,soft-O(n^(3/2)),1293,22.13664596273292,static certificate for the supplied serial binary repeated-squaring architecture; not a lower bound for Regev-style factoring,414736,644,415058,1289,FAILS_REGEV_COMPLEXITY_FIDELITY
Theta(n^3 log2(n)),80.0,646,18,cover_2n,323,1.0030959752321982,False,36,0.05663264206647368,418608,648,23652,22,soft-O(n^(3/2)),1295,22.068111455108358,static certificate for the supplied serial binary repeated-squaring architecture; not a lower bound for Regev-style factoring,417316,646,417639,1293,FAILS_REGEV_COMPLEXITY_FIDELITY
Theta(n^3 log2(n)),80.0,648,18,cover_2n,324,1.0,False,36,0.05628373168851195,419904,648,23652,22,soft-O(n^(3/2)),1297,22.0,static certificate for the supplied serial binary repeated-squaring architecture; not a lower bound for Regev-style factoring,419904,648,420228,1297,FAILS_REGEV_COMPLEXITY_FIDELITY
Theta(n^3 log2(n)),80.0,650,19,cover_2n,325,1.023076923076923,False,35,0.05576538757169042,432250,665,23579,23,soft-O(n^(3/2)),1316,23.53076923076923,static certificate for the supplied serial binary repeated-squaring architecture; not a lower bound for Regev-style factoring,422500,650,422825,1301,FAILS_REGEV_COMPLEXITY_FIDELITY
Theta(n^3 log2(n)),80.0,652,19,cover_2n,326,1.0199386503067485,False,35,0.05542392402980514,433580,665,23579,23,soft-O(n^(3/2)),1318,23.458588957055216,static certificate for the supplied serial binary repeated-squaring architecture; not a lower bound for Regev-style factoring,425104,652,425430,1305,FAILS_REGEV_COMPLEXITY_FIDELITY
Theta(n^3 log2(n)),80.0,654,19,cover_2n,327,1.0168195718654434,False,35,0.05508558719567894,434910,665,23579,23,soft-O(n^(3/2)),1320,23.3868501529052,static certificate for the supplied serial binary repeated-squaring architecture; not a lower bound for Regev-style factoring,427716,654,428043,1309,FAILS_REGEV_COMPLEXITY_FIDELITY
Theta(n^3 log2(n)),80.0,656,19,cover_2n,328,1.013719512195122,False,35,0.05475033901138707,436240,665,23579,23,soft-O(n^(3/2)),1322,23.315548780487806,static certificate for the supplied serial binary repeated-squaring architecture; not a lower bound for Regev-style factoring,430336,656,430664,1313,FAILS_REGEV_COMPLEXITY_FIDELITY
Theta(n^3 log2(n)),80.0,658,19,cover_2n,329,1.0106382978723405,False,35,0.0544181419962935,437570,665,23579,23,soft-O(n^(3/2)),1324,23.24468085106383,static certificate for the supplied serial binary repeated-squaring architecture; not a lower bound for Regev-style factoring,432964,658,433293,1317,FAILS_REGEV_COMPLEXITY_FIDELITY
Theta(n^3 log2(n)),80.0,660,19,cover_2n,330,1.0075757575757576,False,35,0.05408895923657468,438900,665,23579,23,soft-O(n^(3/2)),1326,23.174242424242426,static certificate for the supplied serial binary repeated-squaring architecture; not a lower bound for Regev-style factoring,435600,660,435930,1321,FAILS_REGEV_COMPLEXITY_FIDELITY
Theta(n^3 log2(n)),80.0,662,19,cover_2n,331,1.0045317220543806,False,35,0.053762754374964375,440230,665,23579,23,soft-O(n^(3/2)),1328,23.104229607250755,static certificate for the supplied serial binary repeated-squaring architecture; not a lower bound for Regev-style factoring,438244,662,438575,1325,FAILS_REGEV_COMPLEXITY_FIDELITY
Theta(n^3 log2(n)),80.0,664,19,cover_2n,332,1.0015060240963856,False,35,0.05343949160071437,441560,665,23579,23,soft-O(n^(3/2)),1330,23.03463855421687,static certificate for the supplied serial binary repeated-squaring architecture; not a lower bound for Regev-style factoring,440896,664,441228,1329,FAILS_REGEV_COMPLEXITY_FIDELITY
Theta(n^3 log2(n)),80.0,666,19,cover_2n,333,1.027027027027027,False,36,0.056243790677399076,455544,684,24966,23,soft-O(n^(3/2)),1351,23.62162162162162,static certificate for the supplied serial binary repeated-squaring architecture; not a lower bound for Regev-style factoring,443556,666,443889,1333,FAILS_REGEV_COMPLEXITY_FIDELITY
Theta(n^3 log2(n)),80.0,668,19,cover_2n,334,1.0239520958083832,False,36,0.05590763125954523,456912,684,24966,23,soft-O(n^(3/2)),1353,23.550898203592816,static certificate for the supplied serial binary repeated-squaring architecture; not a lower bound for Regev-style factoring,446224,668,446558,1337,FAILS_REGEV_COMPLEXITY_FIDELITY
Theta(n^3 log2(n)),80.0,670,19,cover_2n,335,1.0208955223880598,False,36,0.05557447661023741,458280,684,24966,23,soft-O(n^(3/2)),1355,23.480597014925372,static certificate for the supplied serial binary repeated-squaring architecture; not a lower bound for Regev-style factoring,448900,670,449235,1341,FAILS_REGEV_COMPLEXITY_FIDELITY
Theta(n^3 log2(n)),80.0,672,19,cover_2n,336,1.0178571428571428,False,36,0.05524429102496017,459648,684,24966,23,soft-O(n^(3/2)),1357,23.410714285714285,static certificate for the supplied serial binary repeated-squaring architecture; not a lower bound for Regev-style factoring,451584,672,451920,1345,FAILS_REGEV_COMPLEXITY_FIDELITY
Theta(n^3 log2(n)),80.0,674,19,cover_2n,337,1.0148367952522255,False,36,0.054917039327955865,461016,684,24966,23,soft-O(n^(3/2)),1359,23.341246290801188,static certificate for the supplied serial binary repeated-squaring architecture; not a lower bound for Regev-style factoring,454276,674,454613,1349,FAILS_REGEV_COMPLEXITY_FIDELITY
Theta(n^3 log2(n)),80.0,676,19,cover_2n,338,1.0118343195266273,False,36,0.05459268686285572,462384,684,24966,23,soft-O(n^(3/2)),1361,23.272189349112427,static certificate for the supplied serial binary repeated-squaring architecture; not a lower bound for Regev-style factoring,456976,676,457314,1353,FAILS_REGEV_COMPLEXITY_FIDELITY
Theta(n^3 log2(n)),80.0,678,19,cover_2n,339,1.008849557522124,False,36,0.05427119948350408,463752,684,24966,23,soft-O(n^(3/2)),1363,23.20353982300885,static certificate for the supplied serial binary repeated-squaring architecture; not a lower bound for Regev-style factoring,459684,678,460023,1357,FAILS_REGEV_COMPLEXITY_FIDELITY
Theta(n^3 log2(n)),80.0,680,19,cover_2n,340,1.0058823529411764,False,36,0.05395254354497126,465120,684,24966,23,soft-O(n^(3/2)),1365,23.13529411764706,static certificate for the supplied serial binary repeated-squaring architecture; not a lower bound for Regev-style factoring,462400,680,462740,1361,FAILS_REGEV_COMPLEXITY_FIDELITY
Theta(n^3 log2(n)),80.0,682,19,cover_2n,341,1.002932551319648,False,36,0.05363668589475041,466488,684,24966,23,soft-O(n^(3/2)),1367,23.067448680351905,static certificate for the supplied serial binary repeated-squaring architecture; not a lower bound for Regev-style factoring,465124,682,465465,1365,FAILS_REGEV_COMPLEXITY_FIDELITY
Theta(n^3 log2(n)),80.0,684,19,cover_2n,342,1.0,False,36,0.053323593864134405,467856,684,24966,23,soft-O(n^(3/2)),1369,23.0,static certificate for the supplied serial binary repeated-squaring architecture; not a lower bound for Regev-style factoring,467856,684,468198,1369,FAILS_REGEV_COMPLEXITY_FIDELITY
Theta(n^3 log2(n)),80.0,686,19,cover_2n,343,1.0247813411078717,False,37,0.055918070068522674,482258,703,26334,23,soft-O(n^(3/2)),1390,23.56997084548105,static certificate for the supplied serial binary repeated-squaring architecture; not a lower bound for Regev-style factoring,470596,686,470939,1373,FAILS_REGEV_COMPLEXITY_FIDELITY
Theta(n^3 log2(n)),80.0,688,19,cover_2n,344,1.0218023255813953,False,37,0.055593555251557986,483664,703,26334,23,soft-O(n^(3/2)),1392,23.501453488372093,static certificate for the supplied serial binary repeated-squaring architecture; not a lower bound for Regev-style factoring,473344,688,473688,1377,FAILS_REGEV_COMPLEXITY_FIDELITY
Theta(n^3 log2(n)),80.0,690,19,cover_2n,345,1.018840579710145,False,37,0.0552718571923307,485070,703,26334,23,soft-O(n^(3/2)),1394,23.433333333333334,static certificate for the supplied serial binary repeated-squaring architecture; not a lower bound for Regev-style factoring,476100,690,476445,1381,FAILS_REGEV_COMPLEXITY_FIDELITY
Theta(n^3 log2(n)),80.0,692,19,cover_2n,346,1.0158959537572254,False,37,0.05495294338598944,486476,703,26334,23,soft-O(n^(3/2)),1396,23.365606936416185,static certificate for the supplied serial binary repeated-squaring architecture; not a lower bound for Regev-style factoring,478864,692,479210,1385,FAILS_REGEV_COMPLEXITY_FIDELITY
Theta(n^3 log2(n)),80.0,694,19,cover_2n,347,1.0129682997118155,False,37,0.05463678179520855,487882,703,26334,23,soft-O(n^(3/2)),1398,23.298270893371757,static certificate for the supplied serial binary repeated-squaring architecture; not a lower bound for Regev-style factoring,481636,694,481983,1389,FAILS_REGEV_COMPLEXITY_FIDELITY
Theta(n^3 log2(n)),80.0,696,19,cover_2n,348,1.0100574712643677,False,37,0.05432334084214174,489288,703,26334,23,soft-O(n^(3/2)),1400,23.23132183908046,static certificate for the supplied serial binary repeated-squaring architecture; not a lower bound for Regev-style factoring,484416,696,484764,1393,FAILS_REGEV_COMPLEXITY_FIDELITY
Theta(n^3 log2(n)),80.0,698,19,cover_2n,349,1.007163323782235,False,37,0.054012589400536964,490694,703,26334,23,soft-O(n^(3/2)),1402,23.164756446991404,static certificate for the supplied serial binary repeated-squaring architecture; not a lower bound for Regev-style factoring,487204,698,487553,1397,FAILS_REGEV_COMPLEXITY_FIDELITY
Theta(n^3 log2(n)),80.0,700,19,cover_2n,350,1.0042857142857142,False,37,0.053704496788008566,492100,703,26334,23,soft-O(n^(3/2)),1404,23.09857142857143,static certificate for the supplied serial binary repeated-squaring architecture; not a lower bound for Regev-style factoring,490000,700,490350,1401,FAILS_REGEV_COMPLEXITY_FIDELITY
Theta(n^3 log2(n)),80.0,702,19,cover_2n,351,1.0014245014245013,False,37,0.05339903275846336,493506,703,26334,23,soft-O(n^(3/2)),1406,23.032763532763532,static certificate for the supplied serial binary repeated-squaring architecture; not a lower bound for Regev-style factoring,492804,702,493155,1405,FAILS_REGEV_COMPLEXITY_FIDELITY
Theta(n^3 log2(n)),80.0,704,19,cover_2n,352,1.0255681818181819,False,38,0.05604595457771469,508288,722,27797,23,soft-O(n^(3/2)),1427,23.588068181818183,static certificate for the supplied serial binary repeated-squaring architecture; not a lower bound for Regev-style factoring,495616,704,495968,1409,FAILS_REGEV_COMPLEXITY_FIDELITY
Theta(n^3 log2(n)),80.0,706,19,cover_2n,353,1.0226628895184136,False,38,0.05572897557885198,509732,722,27797,23,soft-O(n^(3/2)),1429,23.521246458923514,static certificate for the supplied serial binary repeated-squaring architecture; not a lower bound for Regev-style factoring,498436,706,498789,1413,FAILS_REGEV_COMPLEXITY_FIDELITY
Theta(n^3 log2(n)),80.0,708,19,cover_2n,354,1.0197740112994351,False,38,0.05541467810166302,511176,722,27797,23,soft-O(n^(3/2)),1431,23.454802259887007,static certificate for the supplied serial binary repeated-squaring architecture; not a lower bound for Regev-style factoring,501264,708,501618,1417,FAILS_REGEV_COMPLEXITY_FIDELITY
Theta(n^3 log2(n)),80.0,710,19,cover_2n,355,1.0169014084507042,False,38,0.05510303198501353,512620,722,27797,23,soft-O(n^(3/2)),1433,23.388732394366198,static certificate for the supplied serial binary repeated-squaring architecture; not a lower bound for Regev-style factoring,504100,710,504455,1421,FAILS_REGEV_COMPLEXITY_FIDELITY
Theta(n^3 log2(n)),80.0,712,19,cover_2n,356,1.0140449438202248,False,38,0.054794007490636704,514064,722,27797,23,soft-O(n^(3/2)),1435,23.323033707865168,static certificate for the supplied serial binary repeated-squaring architecture; not a lower bound for Regev-style factoring,506944,712,507300,1425,FAILS_REGEV_COMPLEXITY_FIDELITY
Theta(n^3 log2(n)),80.0,714,19,cover_2n,357,1.011204481792717,False,38,0.05448757529603864,515508,722,27797,23,soft-O(n^(3/2)),1437,23.257703081232492,static certificate for the supplied serial binary repeated-squaring architecture; not a lower bound for Regev-style factoring,509796,714,510153,1429,FAILS_REGEV_COMPLEXITY_FIDELITY
Theta(n^3 log2(n)),80.0,716,19,cover_2n,358,1.0083798882681565,False,38,0.05418370648754225,516952,722,27797,23,soft-O(n^(3/2)),1439,23.192737430167597,static certificate for the supplied serial binary repeated-squaring architecture; not a lower bound for Regev-style factoring,512656,716,513014,1433,FAILS_REGEV_COMPLEXITY_FIDELITY
Theta(n^3 log2(n)),80.0,718,19,cover_2n,359,1.0055710306406684,False,38,0.05388237255346658,518396,722,27797,23,soft-O(n^(3/2)),1441,23.128133704735376,static certificate for the supplied serial binary repeated-squaring architecture; not a lower bound for Regev-style factoring,515524,718,515883,1437,FAILS_REGEV_COMPLEXITY_FIDELITY
Theta(n^3 log2(n)),80.0,720,19,cover_2n,360,1.0027777777777778,False,38,0.05358354537743851,519840,722,27797,23,soft-O(n^(3/2)),1443,23.06388888888889,static certificate for the supplied serial binary repeated-squaring architecture; not a lower bound for Regev-style factoring,518400,720,518760,1441,FAILS_REGEV_COMPLEXITY_FIDELITY
Theta(n^3 log2(n)),80.0,722,19,cover_2n,361,1.0,False,38,0.05328719723183391,521284,722,27797,23,soft-O(n^(3/2)),1445,23.0,static certificate for the supplied serial binary repeated-squaring architecture; not a lower bound for Regev-style factoring,521284,722,521645,1445,FAILS_REGEV_COMPLEXITY_FIDELITY
Theta(n^3 log2(n)),80.0,724,20,cover_2n,362,1.022099447513812,False,37,0.05284650492433341,535760,740,27720,24,soft-O(n^(3/2)),1465,24.53038674033149,static certificate for the supplied serial binary repeated-squaring architecture; not a lower bound for Regev-style factoring,524176,724,524538,1449,FAILS_REGEV_COMPLEXITY_FIDELITY
Theta(n^3 log2(n)),80.0,726,20,cover_2n,363,1.019283746556474,False,37,0.05255584058061691,537240,740,27720,24,soft-O(n^(3/2)),1467,24.462809917355372,static certificate for the supplied serial binary repeated-squaring architecture; not a lower bound for Regev-style factoring,527076,726,527439,1453,FAILS_REGEV_COMPLEXITY_FIDELITY
Theta(n^3 log2(n)),80.0,728,20,cover_2n,364,1.0164835164835164,False,37,0.05226756771025817,538720,740,27720,24,soft-O(n^(3/2)),1469,24.395604395604394,static certificate for the supplied serial binary repeated-squaring architecture; not a lower bound for Regev-style factoring,529984,728,530348,1457,FAILS_REGEV_COMPLEXITY_FIDELITY
Theta(n^3 log2(n)),80.0,730,20,cover_2n,365,1.0136986301369864,False,37,0.05198166015020674,540200,740,27720,24,soft-O(n^(3/2)),1471,24.328767123287673,static certificate for the supplied serial binary repeated-squaring architecture; not a lower bound for Regev-style factoring,532900,730,533265,1461,FAILS_REGEV_COMPLEXITY_FIDELITY
Theta(n^3 log2(n)),80.0,732,20,cover_2n,366,1.010928961748634,False,37,0.051698092094220334,541680,740,27720,24,soft-O(n^(3/2)),1473,24.262295081967213,static certificate for the supplied serial binary repeated-squaring architecture; not a lower bound for Regev-style factoring,535824,732,536190,1465,FAILS_REGEV_COMPLEXITY_FIDELITY
Theta(n^3 log2(n)),80.0,734,20,cover_2n,367,1.008174386920981,False,37,0.05141683808704136,543160,740,27720,24,soft-O(n^(3/2)),1475,24.196185286103542,static certificate for the supplied serial binary repeated-squaring architecture; not a lower bound for Regev-style factoring,538756,734,539123,1469,FAILS_REGEV_COMPLEXITY_FIDELITY
Theta(n^3 log2(n)),80.0,736,20,cover_2n,368,1.0054347826086956,False,37,0.05113787301868414,544640,740,27720,24,soft-O(n^(3/2)),1477,24.130434782608695,static certificate for the supplied serial binary repeated-squaring architecture; not a lower bound for Regev-style factoring,541696,736,542064,1473,FAILS_REGEV_COMPLEXITY_FIDELITY
Theta(n^3 log2(n)),80.0,738,20,cover_2n,369,1.002710027100271,False,37,0.05086117211883019,546120,740,27720,24,soft-O(n^(3/2)),1479,24.065040650406505,static certificate for the supplied serial binary repeated-squaring architecture; not a lower bound for Regev-style factoring,544644,738,545013,1477,FAILS_REGEV_COMPLEXITY_FIDELITY
Theta(n^3 log2(n)),80.0,740,20,cover_2n,370,1.0,False,37,0.05058671095132945,547600,740,27720,24,soft-O(n^(3/2)),1481,24.0,static certificate for the supplied serial binary repeated-squaring architecture; not a lower bound for Regev-style factoring,547600,740,547970,1481,FAILS_REGEV_COMPLEXITY_FIDELITY
Theta(n^3 log2(n)),80.0,742,20,cover_2n,371,1.0242587601078168,False,38,0.053109713487071976,563920,760,29260,24,soft-O(n^(3/2)),1503,24.5822102425876,static certificate for the supplied serial binary repeated-squaring architecture; not a lower bound for Regev-style factoring,550564,742,550935,1485,FAILS_REGEV_COMPLEXITY_FIDELITY
Theta(n^3 log2(n)),80.0,744,20,cover_2n,372,1.021505376344086,False,38,0.05282465680221264,565440,760,29260,24,soft-O(n^(3/2)),1505,24.516129032258064,static certificate for the supplied serial binary repeated-squaring architecture; not a lower bound for Regev-style factoring,553536,744,553908,1489,FAILS_REGEV_COMPLEXITY_FIDELITY
Theta(n^3 log2(n)),80.0,746,20,cover_2n,373,1.0187667560321716,False,38,0.052541888958122715,566960,760,29260,24,soft-O(n^(3/2)),1507,24.450402144772116,static certificate for the supplied serial binary repeated-squaring architecture; not a lower bound for Regev-style factoring,556516,746,556889,1493,FAILS_REGEV_COMPLEXITY_FIDELITY
Theta(n^3 log2(n)),80.0,748,20,cover_2n,374,1.0160427807486632,False,38,0.0522613855161303,568480,760,29260,24,soft-O(n^(3/2)),1509,24.385026737967916,static certificate for the supplied serial binary repeated-squaring architecture; not a lower bound for Regev-style factoring,559504,748,559878,1497,FAILS_REGEV_COMPLEXITY_FIDELITY
Theta(n^3 log2(n)),80.0,750,20,cover_2n,375,1.0133333333333334,False,38,0.0519831223628692,570000,760,29260,24,soft-O(n^(3/2)),1511,24.32,static certificate for the supplied serial binary repeated-squaring architecture; not a lower bound for Regev-style factoring,562500,750,562875,1501,FAILS_REGEV_COMPLEXITY_FIDELITY
Theta(n^3 log2(n)),80.0,752,20,cover_2n,376,1.0106382978723405,False,38,0.051707075705096486,571520,760,29260,24,soft-O(n^(3/2)),1513,24.25531914893617,static certificate for the supplied serial binary repeated-squaring architecture; not a lower bound for Regev-style factoring,565504,752,565880,1505,FAILS_REGEV_COMPLEXITY_FIDELITY
Theta(n^3 log2(n)),80.0,754,20,cover_2n,377,1.0079575596816976,False,38,0.051433222064606175,573040,760,29260,24,soft-O(n^(3/2)),1515,24.190981432360743,static certificate for the supplied serial binary repeated-squaring architecture; not a lower bound for Regev-style factoring,568516,754,568893,1509,FAILS_REGEV_COMPLEXITY_FIDELITY
Theta(n^3 log2(n)),80.0,756,20,cover_2n,378,1.0052910052910053,False,38,0.051161538273236884,574560,760,29260,24,soft-O(n^(3/2)),1517,24.126984126984127,static certificate for the supplied serial binary repeated-squaring architecture; not a lower bound for Regev-style factoring,571536,756,571914,1513,FAILS_REGEV_COMPLEXITY_FIDELITY
Theta(n^3 log2(n)),80.0,758,20,cover_2n,379,1.0026385224274406,False,38,0.050892001467971605,576080,760,29260,24,soft-O(n^(3/2)),1519,24.063324538258573,static certificate for the supplied serial binary repeated-squaring architecture; not a lower bound for Regev-style factoring,574564,758,574943,1517,FAILS_REGEV_COMPLEXITY_FIDELITY
Theta(n^3 log2(n)),80.0,760,20,cover_2n,380,1.0,False,38,0.05062458908612755,577600,760,29260,24,soft-O(n^(3/2)),1521,24.0,static certificate for the supplied serial binary repeated-squaring architecture; not a lower bound for Regev-style factoring,577600,760,577980,1521,FAILS_REGEV_COMPLEXITY_FIDELITY
Theta(n^3 log2(n)),80.0,762,20,cover_2n,381,1.0236220472440944,False,39,0.05297534529495288,594360,780,30780,24,soft-O(n^(3/2)),1543,24.566929133858267,static certificate for the supplied serial binary repeated-squaring architecture; not a lower bound for Regev-style factoring,580644,762,581025,1525,FAILS_REGEV_COMPLEXITY_FIDELITY
Theta(n^3 log2(n)),80.0,764,20,cover_2n,382,1.0209424083769634,False,39,0.05269844096165238,595920,780,30780,24,soft-O(n^(3/2)),1545,24.50261780104712,static certificate for the supplied serial binary repeated-squaring architecture; not a lower bound for Regev-style factoring,583696,764,584078,1529,FAILS_REGEV_COMPLEXITY_FIDELITY
Theta(n^3 log2(n)),80.0,766,20,cover_2n,383,1.0182767624020888,False,39,0.05242370205351714,597480,780,30780,24,soft-O(n^(3/2)),1547,24.43864229765013,static certificate for the supplied serial binary repeated-squaring architecture; not a lower bound for Regev-style factoring,586756,766,587139,1533,FAILS_REGEV_COMPLEXITY_FIDELITY
Theta(n^3 log2(n)),80.0,768,20,cover_2n,384,1.015625,False,39,0.052151106050748214,599040,780,30780,24,soft-O(n^(3/2)),1549,24.375,static certificate for the supplied serial binary repeated-squaring architecture; not a lower bound for Regev-style factoring,589824,768,590208,1537,FAILS_REGEV_COMPLEXITY_FIDELITY
Theta(n^3 log2(n)),80.0,770,20,cover_2n,385,1.0129870129870129,False,39,0.05188063072553663,600600,780,30780,24,soft-O(n^(3/2)),1551,24.31168831168831,static certificate for the supplied serial binary repeated-squaring architecture; not a lower bound for Regev-style factoring,592900,770,593285,1541,FAILS_REGEV_COMPLEXITY_FIDELITY
Theta(n^3 log2(n)),80.0,772,20,cover_2n,386,1.0103626943005182,False,39,0.05161225413753207,602160,780,30780,24,soft-O(n^(3/2)),1553,24.248704663212436,static certificate for the supplied serial binary repeated-squaring architecture; not a lower bound for Regev-style factoring,595984,772,596370,1545,FAILS_REGEV_COMPLEXITY_FIDELITY
Theta(n^3 log2(n)),80.0,774,20,cover_2n,387,1.0077519379844961,False,39,0.05134595462939331,603720,780,30780,24,soft-O(n^(3/2)),1555,24.186046511627907,static certificate for the supplied serial binary repeated-squaring architecture; not a lower bound for Regev-style factoring,599076,774,599463,1549,FAILS_REGEV_COMPLEXITY_FIDELITY
Theta(n^3 log2(n)),80.0,776,20,cover_2n,388,1.0051546391752577,False,39,0.051081710822418865,605280,780,30780,24,soft-O(n^(3/2)),1557,24.123711340206185,static certificate for the supplied serial binary repeated-squaring architecture; not a lower bound for Regev-style factoring,602176,776,602564,1553,FAILS_REGEV_COMPLEXITY_FIDELITY
Theta(n^3 log2(n)),80.0,778,20,cover_2n,389,1.0025706940874035,False,39,0.05081950161225612,606840,780,30780,24,soft-O(n^(3/2)),1559,24.061696658097688,static certificate for the supplied serial binary repeated-squaring architecture; not a lower bound for Regev-style factoring,605284,778,605673,1557,FAILS_REGEV_COMPLEXITY_FIDELITY
Theta(n^3 log2(n)),80.0,780,20,cover_2n,390,1.0,False,39,0.05055930616468733,608400,780,30780,24,soft-O(n^(3/2)),1561,24.0,static certificate for the supplied serial binary repeated-squaring architecture; not a lower bound for Regev-style factoring,608400,780,608790,1561,FAILS_REGEV_COMPLEXITY_FIDELITY
Theta(n^3 log2(n)),80.0,782,20,cover_2n,391,1.0230179028132993,False,40,0.05294853043314839,625600,800,32400,24,soft-O(n^(3/2)),1583,24.55242966751918,static certificate for the supplied serial binary repeated-squaring architecture; not a lower bound for Regev-style factoring,611524,782,611915,1565,FAILS_REGEV_COMPLEXITY_FIDELITY
Theta(n^3 log2(n)),80.0,784,20,cover_2n,392,1.0204081632653061,False,40,0.05267881531197565,627200,800,32400,24,soft-O(n^(3/2)),1585,24.489795918367346,static certificate for the supplied serial binary repeated-squaring architecture; not a lower bound for Regev-style factoring,614656,784,615048,1569,FAILS_REGEV_COMPLEXITY_FIDELITY
Theta(n^3 log2(n)),80.0,786,20,cover_2n,393,1.0178117048346056,False,40,0.05241115581157219,628800,800,32400,24,soft-O(n^(3/2)),1587,24.427480916030536,static certificate for the supplied serial binary repeated-squaring architecture; not a lower bound for Regev-style factoring,617796,786,618189,1573,FAILS_REGEV_COMPLEXITY_FIDELITY
Theta(n^3 log2(n)),80.0,788,20,cover_2n,394,1.015228426395939,False,40,0.05214553109579649,630400,800,32400,24,soft-O(n^(3/2)),1589,24.365482233502537,static certificate for the supplied serial binary repeated-squaring architecture; not a lower bound for Regev-style factoring,620944,788,621338,1577,FAILS_REGEV_COMPLEXITY_FIDELITY
Theta(n^3 log2(n)),80.0,790,20,cover_2n,395,1.0126582278481013,False,40,0.05188192059183821,632000,800,32400,24,soft-O(n^(3/2)),1591,24.303797468354432,static certificate for the supplied serial binary repeated-squaring architecture; not a lower bound for Regev-style factoring,624100,790,624495,1581,FAILS_REGEV_COMPLEXITY_FIDELITY
Theta(n^3 log2(n)),80.0,792,20,cover_2n,396,1.0101010101010102,False,40,0.051620303986234586,633600,800,32400,24,soft-O(n^(3/2)),1593,24.242424242424242,static certificate for the supplied serial binary repeated-squaring architecture; not a lower bound for Regev-style factoring,627264,792,627660,1585,FAILS_REGEV_COMPLEXITY_FIDELITY
Theta(n^3 log2(n)),80.0,794,20,cover_2n,397,1.0075566750629723,False,40,0.05136066122095705,635200,800,32400,24,soft-O(n^(3/2)),1595,24.181360201511335,static certificate for the supplied serial binary repeated-squaring architecture; not a lower bound for Regev-style factoring,630436,794,630833,1589,FAILS_REGEV_COMPLEXITY_FIDELITY
Theta(n^3 log2(n)),80.0,796,20,cover_2n,398,1.0050251256281406,False,40,0.051102972489566474,636800,800,32400,24,soft-O(n^(3/2)),1597,24.12060301507538,static certificate for the supplied serial binary repeated-squaring architecture; not a lower bound for Regev-style factoring,633616,796,634014,1593,FAILS_REGEV_COMPLEXITY_FIDELITY
Theta(n^3 log2(n)),80.0,798,20,cover_2n,399,1.0025062656641603,False,40,0.05084721823343581,638400,800,32400,24,soft-O(n^(3/2)),1599,24.06015037593985,static certificate for the supplied serial binary repeated-squaring architecture; not a lower bound for Regev-style factoring,636804,798,637203,1597,FAILS_REGEV_COMPLEXITY_FIDELITY
Theta(n^3 log2(n)),80.0,800,20,cover_2n,400,1.0,False,40,0.05059337913803873,640000,800,32400,24,soft-O(n^(3/2)),1601,24.0,static certificate for the supplied serial binary repeated-squaring architecture; not a lower bound for Regev-style factoring,640000,800,640400,1601,FAILS_REGEV_COMPLEXITY_FIDELITY
Theta(n^3 log2(n)),80.0,802,21,cover_2n,401,1.0211970074812968,False,39,0.050215582538979654,656838,819,32319,25,soft-O(n^(3/2)),1622,25.52992518703242,static certificate for the supplied serial binary repeated-squaring architecture; not a lower bound for Regev-style factoring,643204,802,643605,1605,FAILS_REGEV_COMPLEXITY_FIDELITY
Theta(n^3 log2(n)),80.0,804,21,cover_2n,402,1.0186567164179106,False,39,0.04996614194410174,658476,819,32319,25,soft-O(n^(3/2)),1624,25.46641791044776,static certificate for the supplied serial binary repeated-squaring architecture; not a lower bound for Regev-style factoring,646416,804,646818,1609,FAILS_REGEV_COMPLEXITY_FIDELITY
Theta(n^3 log2(n)),80.0,806,21,cover_2n,403,1.0161290322580645,False,39,0.04971855534821757,660114,819,32319,25,soft-O(n^(3/2)),1626,25.403225806451612,static certificate for the supplied serial binary repeated-squaring architecture; not a lower bound for Regev-style factoring,649636,806,650039,1613,FAILS_REGEV_COMPLEXITY_FIDELITY
Theta(n^3 log2(n)),80.0,808,21,cover_2n,404,1.0136138613861385,False,39,0.049472804423299474,661752,819,32319,25,soft-O(n^(3/2)),1628,25.340346534653467,static certificate for the supplied serial binary repeated-squaring architecture; not a lower bound for Regev-style factoring,652864,808,653268,1617,FAILS_REGEV_COMPLEXITY_FIDELITY
Theta(n^3 log2(n)),80.0,810,21,cover_2n,405,1.011111111111111,False,39,0.04922887106724244,663390,819,32319,25,soft-O(n^(3/2)),1630,25.27777777777778,static certificate for the supplied serial binary repeated-squaring architecture; not a lower bound for Regev-style factoring,656100,810,656505,1621,FAILS_REGEV_COMPLEXITY_FIDELITY
Theta(n^3 log2(n)),80.0,812,21,cover_2n,406,1.0086206896551724,False,39,0.04898673740053051,665028,819,32319,25,soft-O(n^(3/2)),1632,25.21551724137931,static certificate for the supplied serial binary repeated-squaring architecture; not a lower bound for Regev-style factoring,659344,812,659750,1625,FAILS_REGEV_COMPLEXITY_FIDELITY
Theta(n^3 log2(n)),80.0,814,21,cover_2n,407,1.0061425061425062,False,39,0.04874638576296035,666666,819,32319,25,soft-O(n^(3/2)),1634,25.153562653562652,static certificate for the supplied serial binary repeated-squaring architecture; not a lower bound for Regev-style factoring,662596,814,663003,1629,FAILS_REGEV_COMPLEXITY_FIDELITY
Theta(n^3 log2(n)),80.0,816,21,cover_2n,408,1.0036764705882353,False,39,0.048507798710421095,668304,819,32319,25,soft-O(n^(3/2)),1636,25.091911764705884,static certificate for the supplied serial binary repeated-squaring architecture; not a lower bound for Regev-style factoring,665856,816,666264,1633,FAILS_REGEV_COMPLEXITY_FIDELITY
Theta(n^3 log2(n)),80.0,818,21,cover_2n,409,1.0012224938875305,False,39,0.04827095901172907,669942,819,32319,25,soft-O(n^(3/2)),1638,25.030562347188265,static certificate for the supplied serial binary repeated-squaring architecture; not a lower bound for Regev-style factoring,669124,818,669533,1637,FAILS_REGEV_COMPLEXITY_FIDELITY
Theta(n^3 log2(n)),80.0,820,21,cover_2n,410,1.024390243902439,False,40,0.05056405225843849,688800,840,34020,25,soft-O(n^(3/2)),1661,25.609756097560975,static certificate for the supplied serial binary repeated-squaring architecture; not a lower bound for Regev-style factoring,672400,820,672810,1641,FAILS_REGEV_COMPLEXITY_FIDELITY
Theta(n^3 log2(n)),80.0,822,21,cover_2n,411,1.0218978102189782,False,40,0.050318372418077344,690480,840,34020,25,soft-O(n^(3/2)),1663,25.547445255474454,static certificate for the supplied serial binary repeated-squaring architecture; not a lower bound for Regev-style factoring,675684,822,676095,1645,FAILS_REGEV_COMPLEXITY_FIDELITY
Theta(n^3 log2(n)),80.0,824,21,cover_2n,412,1.0194174757281553,False,40,0.05007447879562194,692160,840,34020,25,soft-O(n^(3/2)),1665,25.485436893203882,static certificate for the supplied serial binary repeated-squaring architecture; not a lower bound for Regev-style factoring,678976,824,679388,1649,FAILS_REGEV_COMPLEXITY_FIDELITY
Theta(n^3 log2(n)),80.0,826,21,cover_2n,413,1.0169491525423728,False,40,0.049832354117321356,693840,840,34020,25,soft-O(n^(3/2)),1667,25.423728813559322,static certificate for the supplied serial binary repeated-squaring architecture; not a lower bound for Regev-style factoring,682276,826,682689,1653,FAILS_REGEV_COMPLEXITY_FIDELITY
Theta(n^3 log2(n)),80.0,828,21,cover_2n,414,1.0144927536231885,False,40,0.04959198131772979,695520,840,34020,25,soft-O(n^(3/2)),1669,25.36231884057971,static certificate for the supplied serial binary repeated-squaring architecture; not a lower bound for Regev-style factoring,685584,828,685998,1657,FAILS_REGEV_COMPLEXITY_FIDELITY
Theta(n^3 log2(n)),80.0,830,21,cover_2n,415,1.0120481927710843,False,40,0.04935334353669948,697200,840,34020,25,soft-O(n^(3/2)),1671,25.301204819277107,static certificate for the supplied serial binary repeated-squaring architecture; not a lower bound for Regev-style factoring,688900,830,689315,1661,FAILS_REGEV_COMPLEXITY_FIDELITY
Theta(n^3 log2(n)),80.0,832,21,cover_2n,416,1.0096153846153846,False,40,0.04911642411642412,698880,840,34020,25,soft-O(n^(3/2)),1673,25.240384615384617,static certificate for the supplied serial binary repeated-squaring architecture; not a lower bound for Regev-style factoring,692224,832,692640,1665,FAILS_REGEV_COMPLEXITY_FIDELITY
Theta(n^3 log2(n)),80.0,834,21,cover_2n,417,1.0071942446043165,False,40,0.04888120659853184,700560,840,34020,25,soft-O(n^(3/2)),1675,25.179856115107913,static certificate for the supplied serial binary repeated-squaring architecture; not a lower bound for Regev-style factoring,695556,834,695973,1669,FAILS_REGEV_COMPLEXITY_FIDELITY
Theta(n^3 log2(n)),80.0,836,21,cover_2n,418,1.0047846889952152,False,40,0.0486476747212268,702240,840,34020,25,soft-O(n^(3/2)),1677,25.119617224880383,static certificate for the supplied serial binary repeated-squaring architecture; not a lower bound for Regev-style factoring,698896,836,699314,1673,FAILS_REGEV_COMPLEXITY_FIDELITY
Theta(n^3 log2(n)),80.0,838,21,cover_2n,419,1.0023866348448687,False,40,0.04841581241647845,703920,840,34020,25,soft-O(n^(3/2)),1679,25.05966587112172,static certificate for the supplied serial binary repeated-squaring architecture; not a lower bound for Regev-style factoring,702244,838,702663,1677,FAILS_REGEV_COMPLEXITY_FIDELITY
Theta(n^3 log2(n)),80.0,840,21,cover_2n,420,1.0,False,40,0.04818560380725759,705600,840,34020,25,soft-O(n^(3/2)),1681,25.0,static certificate for the supplied serial binary repeated-squaring architecture; not a lower bound for Regev-style factoring,705600,840,706020,1681,FAILS_REGEV_COMPLEXITY_FIDELITY
Theta(n^3 log2(n)),80.0,842,21,cover_2n,421,1.022565320665083,False,41,0.05032528175814262,724962,861,35700,25,soft-O(n^(3/2)),1704,25.56413301662708,static certificate for the supplied serial binary repeated-squaring architecture; not a lower bound for Regev-style factoring,708964,842,709385,1685,FAILS_REGEV_COMPLEXITY_FIDELITY
Theta(n^3 log2(n)),80.0,844,21,cover_2n,422,1.0201421800947867,False,41,0.05008712634582846,726684,861,35700,25,soft-O(n^(3/2)),1706,25.503554502369667,static certificate for the supplied serial binary repeated-squaring architecture; not a lower bound for Regev-style factoring,712336,844,712758,1689,FAILS_REGEV_COMPLEXITY_FIDELITY
Theta(n^3 log2(n)),80.0,846,21,cover_2n,423,1.0177304964539007,False,41,0.04985065748409177,728406,861,35700,25,soft-O(n^(3/2)),1708,25.44326241134752,static certificate for the supplied serial binary repeated-squaring architecture; not a lower bound for Regev-style factoring,715716,846,716139,1693,FAILS_REGEV_COMPLEXITY_FIDELITY
Theta(n^3 log2(n)),80.0,848,21,cover_2n,424,1.0153301886792452,False,41,0.049615859285531624,730128,861,35700,25,soft-O(n^(3/2)),1710,25.38325471698113,static certificate for the supplied serial binary repeated-squaring architecture; not a lower bound for Regev-style factoring,719104,848,719528,1697,FAILS_REGEV_COMPLEXITY_FIDELITY
Theta(n^3 log2(n)),80.0,850,21,cover_2n,425,1.0129411764705882,False,41,0.04938271604938271,731850,861,35700,25,soft-O(n^(3/2)),1712,25.323529411764707,static certificate for the supplied serial binary repeated-squaring architecture; not a lower bound for Regev-style factoring,722500,850,722925,1701,FAILS_REGEV_COMPLEXITY_FIDELITY
Theta(n^3 log2(n)),80.0,852,21,cover_2n,426,1.0105633802816902,False,41,0.04915121225889059,733572,861,35700,25,soft-O(n^(3/2)),1714,25.264084507042252,static certificate for the supplied serial binary repeated-squaring architecture; not a lower bound for Regev-style factoring,725904,852,726330,1705,FAILS_REGEV_COMPLEXITY_FIDELITY
Theta(n^3 log2(n)),80.0,854,21,cover_2n,427,1.0081967213114753,False,41,0.04892133257872977,735294,861,35700,25,soft-O(n^(3/2)),1716,25.204918032786885,static certificate for the supplied serial binary repeated-squaring architecture; not a lower bound for Regev-style factoring,729316,854,729743,1709,FAILS_REGEV_COMPLEXITY_FIDELITY
Theta(n^3 log2(n)),80.0,856,21,cover_2n,428,1.0058411214953271,False,41,0.048693061852464116,737016,861,35700,25,soft-O(n^(3/2)),1718,25.14602803738318,static certificate for the supplied serial binary repeated-squaring architecture; not a lower bound for Regev-style factoring,732736,856,733164,1713,FAILS_REGEV_COMPLEXITY_FIDELITY
Theta(n^3 log2(n)),80.0,858,21,cover_2n,429,1.0034965034965035,False,41,0.04846638510004846,738738,861,35700,25,soft-O(n^(3/2)),1720,25.087412587412587,static certificate for the supplied serial binary repeated-squaring architecture; not a lower bound for Regev-style factoring,736164,858,736593,1717,FAILS_REGEV_COMPLEXITY_FIDELITY
Theta(n^3 log2(n)),80.0,860,21,cover_2n,430,1.0011627906976743,False,41,0.048241287515371,740460,861,35700,25,soft-O(n^(3/2)),1722,25.02906976744186,static certificate for the supplied serial binary repeated-squaring architecture; not a lower bound for Regev-style factoring,739600,860,740030,1721,FAILS_REGEV_COMPLEXITY_FIDELITY
Theta(n^3 log2(n)),80.0,862,21,cover_2n,431,1.023201856148492,False,42,0.050418642187027136,760284,882,37485,25,soft-O(n^(3/2)),1745,25.5800464037123,static certificate for the supplied serial binary repeated-squaring architecture; not a lower bound for Regev-style factoring,743044,862,743475,1725,FAILS_REGEV_COMPLEXITY_FIDELITY
Theta(n^3 log2(n)),80.0,864,21,cover_2n,432,1.0208333333333333,False,42,0.05018556005398111,762048,882,37485,25,soft-O(n^(3/2)),1747,25.520833333333332,static certificate for the supplied serial binary repeated-squaring architecture; not a lower bound for Regev-style factoring,746496,864,746928,1729,FAILS_REGEV_COMPLEXITY_FIDELITY
Theta(n^3 log2(n)),80.0,866,21,cover_2n,433,1.0184757505773672,False,42,0.049954090478405204,763812,882,37485,25,soft-O(n^(3/2)),1749,25.46189376443418,static certificate for the supplied serial binary repeated-squaring architecture; not a lower bound for Regev-style factoring,749956,866,750389,1733,FAILS_REGEV_COMPLEXITY_FIDELITY
Theta(n^3 log2(n)),80.0,868,21,cover_2n,434,1.0161290322580645,False,42,0.049724218619421695,765576,882,37485,25,soft-O(n^(3/2)),1751,25.403225806451612,static certificate for the supplied serial binary repeated-squaring architecture; not a lower bound for Regev-style factoring,753424,868,753858,1737,FAILS_REGEV_COMPLEXITY_FIDELITY
Theta(n^3 log2(n)),80.0,870,21,cover_2n,435,1.013793103448276,False,42,0.049495929806492506,767340,882,37485,25,soft-O(n^(3/2)),1753,25.344827586206897,static certificate for the supplied serial binary repeated-squaring architecture; not a lower bound for Regev-style factoring,756900,870,757335,1741,FAILS_REGEV_COMPLEXITY_FIDELITY
Theta(n^3 log2(n)),80.0,872,21,cover_2n,436,1.011467889908257,False,42,0.04926920953707842,769104,882,37485,25,soft-O(n^(3/2)),1755,25.28669724770642,static certificate for the supplied serial binary repeated-squaring architecture; not a lower bound for Regev-style factoring,760384,872,760820,1745,FAILS_REGEV_COMPLEXITY_FIDELITY
Theta(n^3 log2(n)),80.0,874,21,cover_2n,437,1.0091533180778032,False,42,0.049044043474335774,770868,882,37485,25,soft-O(n^(3/2)),1757,25.22883295194508,static certificate for the supplied serial binary repeated-squaring architecture; not a lower bound for Regev-style factoring,763876,874,764313,1749,FAILS_REGEV_COMPLEXITY_FIDELITY
Theta(n^3 log2(n)),80.0,876,21,cover_2n,438,1.0068493150684932,False,42,0.048820417444849926,772632,882,37485,25,soft-O(n^(3/2)),1759,25.171232876712327,static certificate for the supplied serial binary repeated-squaring architecture; not a lower bound for Regev-style factoring,767376,876,767814,1753,FAILS_REGEV_COMPLEXITY_FIDELITY
Theta(n^3 log2(n)),80.0,878,21,cover_2n,439,1.0045558086560364,False,42,0.04859831743640472,774396,882,37485,25,soft-O(n^(3/2)),1761,25.113895216400913,static certificate for the supplied serial binary repeated-squaring architecture; not a lower bound for Regev-style factoring,770884,878,771323,1757,FAILS_REGEV_COMPLEXITY_FIDELITY
Theta(n^3 log2(n)),80.0,880,21,cover_2n,440,1.0022727272727272,False,42,0.04837772959578752,776160,882,37485,25,soft-O(n^(3/2)),1763,25.056818181818183,static certificate for the supplied serial binary repeated-squaring architecture; not a lower bound for Regev-style factoring,774400,880,774840,1761,FAILS_REGEV_COMPLEXITY_FIDELITY
Theta(n^3 log2(n)),80.0,882,21,cover_2n,441,1.0,False,42,0.04815864022662889,777924,882,37485,25,soft-O(n^(3/2)),1765,25.0,static certificate for the supplied serial binary repeated-squaring architecture; not a lower bound for Regev-style factoring,777924,882,778365,1765,FAILS_REGEV_COMPLEXITY_FIDELITY
Theta(n^3 log2(n)),80.0,884,22,cover_2n,442,1.0203619909502262,False,41,0.04783232595555942,797368,902,37400,26,soft-O(n^(3/2)),1787,26.529411764705884,static certificate for the supplied serial binary repeated-squaring architecture; not a lower bound for Regev-style factoring,781456,884,781898,1769,FAILS_REGEV_COMPLEXITY_FIDELITY
Theta(n^3 log2(n)),80.0,886,22,cover_2n,443,1.018058690744921,False,41,0.0476166831542615,799172,902,37400,26,soft-O(n^(3/2)),1789,26.469525959367946,static certificate for the supplied serial binary repeated-squaring architecture; not a lower bound for Regev-style factoring,784996,886,785439,1773,FAILS_REGEV_COMPLEXITY_FIDELITY
Theta(n^3 log2(n)),80.0,888,22,cover_2n,444,1.0157657657657657,False,41,0.04740249534847171,800976,902,37400,26,soft-O(n^(3/2)),1791,26.40990990990991,static certificate for the supplied serial binary repeated-squaring architecture; not a lower bound for Regev-style factoring,788544,888,788988,1777,FAILS_REGEV_COMPLEXITY_FIDELITY
Theta(n^3 log2(n)),80.0,890,22,cover_2n,445,1.0134831460674156,False,41,0.04718974947794762,802780,902,37400,26,soft-O(n^(3/2)),1793,26.35056179775281,static certificate for the supplied serial binary repeated-squaring architecture; not a lower bound for Regev-style factoring,792100,890,792545,1781,FAILS_REGEV_COMPLEXITY_FIDELITY
Theta(n^3 log2(n)),80.0,892,22,cover_2n,446,1.0112107623318385,False,41,0.04697843262865684,804584,902,37400,26,soft-O(n^(3/2)),1795,26.291479820627803,static certificate for the supplied serial binary repeated-squaring architecture; not a lower bound for Regev-style factoring,795664,892,796110,1785,FAILS_REGEV_COMPLEXITY_FIDELITY
Theta(n^3 log2(n)),80.0,894,22,cover_2n,447,1.0089485458612975,False,41,0.04676853203081721,806388,902,37400,26,soft-O(n^(3/2)),1797,26.232662192393736,static certificate for the supplied serial binary repeated-squaring architecture; not a lower bound for Regev-style factoring,799236,894,799683,1789,FAILS_REGEV_COMPLEXITY_FIDELITY
Theta(n^3 log2(n)),80.0,896,22,cover_2n,448,1.0066964285714286,False,41,0.04656003505696757,808192,902,37400,26,soft-O(n^(3/2)),1799,26.174107142857142,static certificate for the supplied serial binary repeated-squaring architecture; not a lower bound for Regev-style factoring,802816,896,803264,1793,FAILS_REGEV_COMPLEXITY_FIDELITY
Theta(n^3 log2(n)),80.0,898,22,cover_2n,449,1.0044543429844097,False,41,0.04635292922006859,809996,902,37400,26,soft-O(n^(3/2)),1801,26.115812917594656,static certificate for the supplied serial binary repeated-squaring architecture; not a lower bound for Regev-style factoring,806404,898,806853,1797,FAILS_REGEV_COMPLEXITY_FIDELITY
Theta(n^3 log2(n)),80.0,900,22,cover_2n,450,1.0022222222222221,False,41,0.046147202171633046,811800,902,37400,26,soft-O(n^(3/2)),1803,26.057777777777776,static certificate for the supplied serial binary repeated-squaring architecture; not a lower bound for Regev-style factoring,810000,900,810450,1801,FAILS_REGEV_COMPLEXITY_FIDELITY
Theta(n^3 log2(n)),80.0,902,22,cover_2n,451,1.0,False,41,0.04594284169988514,813604,902,37400,26,soft-O(n^(3/2)),1805,26.0,static certificate for the supplied serial binary repeated-squaring architecture; not a lower bound for Regev-style factoring,813604,902,814055,1805,FAILS_REGEV_COMPLEXITY_FIDELITY
Theta(n^3 log2(n)),80.0,904,22,cover_2n,452,1.0221238938053097,False,42,0.04802682751434568,835296,924,39270,26,soft-O(n^(3/2)),1829,26.575221238938052,static certificate for the supplied serial binary repeated-squaring architecture; not a lower bound for Regev-style factoring,817216,904,817668,1809,FAILS_REGEV_COMPLEXITY_FIDELITY
Theta(n^3 log2(n)),80.0,906,22,cover_2n,453,1.0198675496688743,False,42,0.047815080927663706,837144,924,39270,26,soft-O(n^(3/2)),1831,26.516556291390728,static certificate for the supplied serial binary repeated-squaring architecture; not a lower bound for Regev-style factoring,820836,906,821289,1813,FAILS_REGEV_COMPLEXITY_FIDELITY
Theta(n^3 log2(n)),80.0,908,22,cover_2n,454,1.0176211453744493,False,42,0.047604731621809684,838992,924,39270,26,soft-O(n^(3/2)),1833,26.45814977973568,static certificate for the supplied serial binary repeated-squaring architecture; not a lower bound for Regev-style factoring,824464,908,824918,1817,FAILS_REGEV_COMPLEXITY_FIDELITY
Theta(n^3 log2(n)),80.0,910,22,cover_2n,455,1.0153846153846153,False,42,0.04739576732986947,840840,924,39270,26,soft-O(n^(3/2)),1835,26.4,static certificate for the supplied serial binary repeated-squaring architecture; not a lower bound for Regev-style factoring,828100,910,828555,1821,FAILS_REGEV_COMPLEXITY_FIDELITY
Theta(n^3 log2(n)),80.0,912,22,cover_2n,456,1.013157894736842,False,42,0.04718817591925018,842688,924,39270,26,soft-O(n^(3/2)),1837,26.342105263157894,static certificate for the supplied serial binary repeated-squaring architecture; not a lower bound for Regev-style factoring,831744,912,832200,1825,FAILS_REGEV_COMPLEXITY_FIDELITY
Theta(n^3 log2(n)),80.0,914,22,cover_2n,457,1.0109409190371992,False,42,0.04698194538991904,844536,924,39270,26,soft-O(n^(3/2)),1839,26.28446389496718,static certificate for the supplied serial binary repeated-squaring architecture; not a lower bound for Regev-style factoring,835396,914,835853,1829,FAILS_REGEV_COMPLEXITY_FIDELITY
Theta(n^3 log2(n)),80.0,916,22,cover_2n,458,1.0087336244541485,False,42,0.04677706387266919,846384,924,39270,26,soft-O(n^(3/2)),1841,26.22707423580786,static certificate for the supplied serial binary repeated-squaring architecture; not a lower bound for Regev-style factoring,839056,916,839514,1833,FAILS_REGEV_COMPLEXITY_FIDELITY
Theta(n^3 log2(n)),80.0,918,22,cover_2n,459,1.0065359477124183,False,42,0.046573519627411845,848232,924,39270,26,soft-O(n^(3/2)),1843,26.169934640522875,static certificate for the supplied serial binary repeated-squaring architecture; not a lower bound for Regev-style factoring,842724,918,843183,1837,FAILS_REGEV_COMPLEXITY_FIDELITY
Theta(n^3 log2(n)),80.0,920,22,cover_2n,460,1.0043478260869565,False,42,0.046371301041494464,850080,924,39270,26,soft-O(n^(3/2)),1845,26.11304347826087,static certificate for the supplied serial binary repeated-squaring architecture; not a lower bound for Regev-style factoring,846400,920,846860,1841,FAILS_REGEV_COMPLEXITY_FIDELITY
Theta(n^3 log2(n)),80.0,922,22,cover_2n,461,1.002169197396963,False,42,0.04617039662804437,851928,924,39270,26,soft-O(n^(3/2)),1847,26.05639913232104,static certificate for the supplied serial binary repeated-squaring architecture; not a lower bound for Regev-style factoring,850084,922,850545,1845,FAILS_REGEV_COMPLEXITY_FIDELITY
Theta(n^3 log2(n)),80.0,924,22,cover_2n,462,1.0,False,42,0.04597079502433748,853776,924,39270,26,soft-O(n^(3/2)),1849,26.0,static certificate for the supplied serial binary repeated-squaring architecture; not a lower bound for Regev-style factoring,853776,924,854238,1849,FAILS_REGEV_COMPLEXITY_FIDELITY
Theta(n^3 log2(n)),80.0,926,22,cover_2n,463,1.0215982721382288,False,43,0.04792648428384769,875996,946,41118,26,soft-O(n^(3/2)),1873,26.56155507559395,static certificate for the supplied serial binary repeated-squaring architecture; not a lower bound for Regev-style factoring,857476,926,857939,1853,FAILS_REGEV_COMPLEXITY_FIDELITY
Theta(n^3 log2(n)),80.0,928,22,cover_2n,464,1.019396551724138,False,43,0.04772018271962565,877888,946,41118,26,soft-O(n^(3/2)),1875,26.504310344827587,static certificate for the supplied serial binary repeated-squaring architecture; not a lower bound for Regev-style factoring,861184,928,861648,1857,FAILS_REGEV_COMPLEXITY_FIDELITY
Theta(n^3 log2(n)),80.0,930,22,cover_2n,465,1.0172043010752687,False,43,0.047515210344767814,879780,946,41118,26,soft-O(n^(3/2)),1877,26.44731182795699,static certificate for the supplied serial binary repeated-squaring architecture; not a lower bound for Regev-style factoring,864900,930,865365,1861,FAILS_REGEV_COMPLEXITY_FIDELITY
Theta(n^3 log2(n)),80.0,932,22,cover_2n,466,1.0150214592274678,False,43,0.047311555765225694,881672,946,41118,26,soft-O(n^(3/2)),1879,26.390557939914164,static certificate for the supplied serial binary repeated-squaring architecture; not a lower bound for Regev-style factoring,868624,932,869090,1865,FAILS_REGEV_COMPLEXITY_FIDELITY
Theta(n^3 log2(n)),80.0,934,22,cover_2n,467,1.0128479657387581,False,43,0.047109207708779445,883564,946,41118,26,soft-O(n^(3/2)),1881,26.33404710920771,static certificate for the supplied serial binary repeated-squaring architecture; not a lower bound for Regev-style factoring,872356,934,872823,1869,FAILS_REGEV_COMPLEXITY_FIDELITY
Theta(n^3 log2(n)),80.0,936,22,cover_2n,468,1.0106837606837606,False,43,0.04690815502347803,885456,946,41118,26,soft-O(n^(3/2)),1883,26.27777777777778,static certificate for the supplied serial binary repeated-squaring architecture; not a lower bound for Regev-style factoring,876096,936,876564,1873,FAILS_REGEV_COMPLEXITY_FIDELITY
Theta(n^3 log2(n)),80.0,938,22,cover_2n,469,1.0085287846481876,False,43,0.046708386676102706,887348,946,41118,26,soft-O(n^(3/2)),1885,26.221748400852878,static certificate for the supplied serial binary repeated-squaring architecture; not a lower bound for Regev-style factoring,879844,938,880313,1877,FAILS_REGEV_COMPLEXITY_FIDELITY
Theta(n^3 log2(n)),80.0,940,22,cover_2n,470,1.0063829787234042,False,43,0.04650989175065323,889240,946,41118,26,soft-O(n^(3/2)),1887,26.16595744680851,static certificate for the supplied serial binary repeated-squaring architecture; not a lower bound for Regev-style factoring,883600,940,884070,1881,FAILS_REGEV_COMPLEXITY_FIDELITY
Theta(n^3 log2(n)),80.0,942,22,cover_2n,471,1.0042462845010616,False,43,0.04631265944685668,891132,946,41118,26,soft-O(n^(3/2)),1889,26.1104033970276,static certificate for the supplied serial binary repeated-squaring architecture; not a lower bound for Regev-style factoring,887364,942,887835,1885,FAILS_REGEV_COMPLEXITY_FIDELITY
Theta(n^3 log2(n)),80.0,944,22,cover_2n,472,1.0021186440677967,False,43,0.046116679078698264,893024,946,41118,26,soft-O(n^(3/2)),1891,26.055084745762713,static certificate for the supplied serial binary repeated-squaring architecture; not a lower bound for Regev-style factoring,891136,944,891608,1889,FAILS_REGEV_COMPLEXITY_FIDELITY
Theta(n^3 log2(n)),80.0,946,22,cover_2n,473,1.0,False,43,0.04592194007297387,894916,946,41118,26,soft-O(n^(3/2)),1893,26.0,static certificate for the supplied serial binary repeated-squaring architecture; not a lower bound for Regev-style factoring,894916,946,895389,1893,FAILS_REGEV_COMPLEXITY_FIDELITY
Theta(n^3 log2(n)),80.0,948,22,cover_2n,474,1.021097046413502,False,44,0.04790597634728608,917664,968,43076,26,soft-O(n^(3/2)),1917,26.548523206751057,static certificate for the supplied serial binary repeated-squaring architecture; not a lower bound for Regev-style factoring,898704,948,899178,1897,FAILS_REGEV_COMPLEXITY_FIDELITY
Theta(n^3 log2(n)),80.0,950,22,cover_2n,475,1.0189473684210526,False,44,0.04770453224064897,919600,968,43076,26,soft-O(n^(3/2)),1919,26.492631578947368,static certificate for the supplied serial binary repeated-squaring architecture; not a lower bound for Regev-style factoring,902500,950,902975,1901,FAILS_REGEV_COMPLEXITY_FIDELITY
Theta(n^3 log2(n)),80.0,952,22,cover_2n,476,1.0168067226890756,False,44,0.04750435607313792,921536,968,43076,26,soft-O(n^(3/2)),1921,26.436974789915965,static certificate for the supplied serial binary repeated-squaring architecture; not a lower bound for Regev-style factoring,906304,952,906780,1905,FAILS_REGEV_COMPLEXITY_FIDELITY
Theta(n^3 log2(n)),80.0,954,22,cover_2n,477,1.0146750524109014,False,44,0.04730543722607136,923472,968,43076,26,soft-O(n^(3/2)),1923,26.38155136268344,static certificate for the supplied serial binary repeated-squaring architecture; not a lower bound for Regev-style factoring,910116,954,910593,1909,FAILS_REGEV_COMPLEXITY_FIDELITY
Theta(n^3 log2(n)),80.0,956,22,cover_2n,478,1.0125523012552302,False,44,0.04710776519169654,925408,968,43076,26,soft-O(n^(3/2)),1925,26.326359832635983,static certificate for the supplied serial binary repeated-squaring architecture; not a lower bound for Regev-style factoring,913936,956,914414,1913,FAILS_REGEV_COMPLEXITY_FIDELITY
Theta(n^3 log2(n)),80.0,958,22,cover_2n,479,1.010438413361169,False,44,0.0469113295718018,927344,968,43076,26,soft-O(n^(3/2)),1927,26.271398747390396,static certificate for the supplied serial binary repeated-squaring architecture; not a lower bound for Regev-style factoring,917764,958,918243,1917,FAILS_REGEV_COMPLEXITY_FIDELITY
Theta(n^3 log2(n)),80.0,960,22,cover_2n,480,1.0083333333333333,False,44,0.04671612007634912,929280,968,43076,26,soft-O(n^(3/2)),1929,26.216666666666665,static certificate for the supplied serial binary repeated-squaring architecture; not a lower bound for Regev-style factoring,921600,960,922080,1921,FAILS_REGEV_COMPLEXITY_FIDELITY
Theta(n^3 log2(n)),80.0,962,22,cover_2n,481,1.0062370062370063,False,44,0.04652212652212652,931216,968,43076,26,soft-O(n^(3/2)),1931,26.16216216216216,static certificate for the supplied serial binary repeated-squaring architecture; not a lower bound for Regev-style factoring,925444,962,925925,1925,FAILS_REGEV_COMPLEXITY_FIDELITY
Theta(n^3 log2(n)),80.0,964,22,cover_2n,482,1.004149377593361,False,44,0.04632933883141997,933152,968,43076,26,soft-O(n^(3/2)),1933,26.107883817427386,static certificate for the supplied serial binary repeated-squaring architecture; not a lower bound for Regev-style factoring,929296,964,929778,1929,FAILS_REGEV_COMPLEXITY_FIDELITY
Theta(n^3 log2(n)),80.0,966,22,cover_2n,483,1.0020703933747412,False,44,0.046137747030704584,935088,968,43076,26,soft-O(n^(3/2)),1935,26.053830227743273,static certificate for the supplied serial binary repeated-squaring architecture; not a lower bound for Regev-style factoring,933156,966,933639,1933,FAILS_REGEV_COMPLEXITY_FIDELITY
Theta(n^3 log2(n)),80.0,968,22,cover_2n,484,1.0,False,44,0.04594734124935467,937024,968,43076,26,soft-O(n^(3/2)),1937,26.0,static certificate for the supplied serial binary repeated-squaring architecture; not a lower bound for Regev-style factoring,937024,968,937508,1937,FAILS_REGEV_COMPLEXITY_FIDELITY
Theta(n^3 log2(n)),80.0,970,23,cover_2n,485,1.0195876288659793,False,43,0.045663570165235264,959330,989,42987,27,soft-O(n^(3/2)),1960,27.528865979381443,static certificate for the supplied serial binary repeated-squaring architecture; not a lower bound for Regev-style factoring,940900,970,941385,1941,FAILS_REGEV_COMPLEXITY_FIDELITY
Theta(n^3 log2(n)),80.0,972,23,cover_2n,486,1.0174897119341564,False,43,0.045475895775810085,961308,989,42987,27,soft-O(n^(3/2)),1962,27.47222222222222,static certificate for the supplied serial binary repeated-squaring architecture; not a lower bound for Regev-style factoring,944784,972,945270,1945,FAILS_REGEV_COMPLEXITY_FIDELITY
Theta(n^3 log2(n)),80.0,974,23,cover_2n,487,1.015400410677618,False,43,0.045289376008125055,963286,989,42987,27,soft-O(n^(3/2)),1964,27.415811088295687,static certificate for the supplied serial binary repeated-squaring architecture; not a lower bound for Regev-style factoring,948676,974,949163,1949,FAILS_REGEV_COMPLEXITY_FIDELITY
Theta(n^3 log2(n)),80.0,976,23,cover_2n,488,1.0133196721311475,False,43,0.04510400141018861,965264,989,42987,27,soft-O(n^(3/2)),1966,27.359631147540984,static certificate for the supplied serial binary repeated-squaring architecture; not a lower bound for Regev-style factoring,952576,976,953064,1953,FAILS_REGEV_COMPLEXITY_FIDELITY
Theta(n^3 log2(n)),80.0,978,23,cover_2n,489,1.0112474437627812,False,43,0.04491976262653178,967242,989,42987,27,soft-O(n^(3/2)),1968,27.303680981595093,static certificate for the supplied serial binary repeated-squaring architecture; not a lower bound for Regev-style factoring,956484,978,956973,1957,FAILS_REGEV_COMPLEXITY_FIDELITY
Theta(n^3 log2(n)),80.0,980,23,cover_2n,490,1.0091836734693878,False,43,0.044736650397027754,969220,989,42987,27,soft-O(n^(3/2)),1970,27.24795918367347,static certificate for the supplied serial binary repeated-squaring architecture; not a lower bound for Regev-style factoring,960400,980,960890,1961,FAILS_REGEV_COMPLEXITY_FIDELITY
Theta(n^3 log2(n)),80.0,982,23,cover_2n,491,1.0071283095723014,False,43,0.0445546555557283,971198,989,42987,27,soft-O(n^(3/2)),1972,27.19246435845214,static certificate for the supplied serial binary repeated-squaring architecture; not a lower bound for Regev-style factoring,964324,982,964815,1965,FAILS_REGEV_COMPLEXITY_FIDELITY
Theta(n^3 log2(n)),80.0,984,23,cover_2n,492,1.0050813008130082,False,43,0.04437376902971671,973176,989,42987,27,soft-O(n^(3/2)),1974,27.13719512195122,static certificate for the supplied serial binary repeated-squaring architecture; not a lower bound for Regev-style factoring,968256,984,968748,1969,FAILS_REGEV_COMPLEXITY_FIDELITY
Theta(n^3 log2(n)),80.0,986,23,cover_2n,493,1.0030425963488845,False,43,0.04419398183797699,975154,989,42987,27,soft-O(n^(3/2)),1976,27.082150101419877,static certificate for the supplied serial binary repeated-squaring architecture; not a lower bound for Regev-style factoring,972196,986,972689,1973,FAILS_REGEV_COMPLEXITY_FIDELITY
Theta(n^3 log2(n)),80.0,988,23,cover_2n,494,1.0010121457489878,False,43,0.0440152850902791,977132,989,42987,27,soft-O(n^(3/2)),1978,27.027327935222672,static certificate for the supplied serial binary repeated-squaring architecture; not a lower bound for Regev-style factoring,976144,988,976638,1977,FAILS_REGEV_COMPLEXITY_FIDELITY
Theta(n^3 log2(n)),80.0,990,23,cover_2n,495,1.0222222222222221,False,44,0.04592517808065511,1001880,1012,45034,27,soft-O(n^(3/2)),2003,27.6,static certificate for the supplied serial binary repeated-squaring architecture; not a lower bound for Regev-style factoring,980100,990,980595,1981,FAILS_REGEV_COMPLEXITY_FIDELITY
Theta(n^3 log2(n)),80.0,992,23,cover_2n,496,1.0201612903225807,False,44,0.045740229137889006,1003904,1012,45034,27,soft-O(n^(3/2)),2005,27.544354838709676,static certificate for the supplied serial binary repeated-squaring architecture; not a lower bound for Regev-style factoring,984064,992,984560,1985,FAILS_REGEV_COMPLEXITY_FIDELITY
Theta(n^3 log2(n)),80.0,994,23,cover_2n,497,1.0181086519114688,False,44,0.04555639518357,1005928,1012,45034,27,soft-O(n^(3/2)),2007,27.48893360160966,static certificate for the supplied serial binary repeated-squaring architecture; not a lower bound for Regev-style factoring,988036,994,988533,1989,FAILS_REGEV_COMPLEXITY_FIDELITY
Theta(n^3 log2(n)),80.0,996,23,cover_2n,498,1.0160642570281124,False,44,0.04537366727320723,1007952,1012,45034,27,soft-O(n^(3/2)),2009,27.433734939759034,static certificate for the supplied serial binary repeated-squaring architecture; not a lower bound for Regev-style factoring,992016,996,992514,1993,FAILS_REGEV_COMPLEXITY_FIDELITY
Theta(n^3 log2(n)),80.0,998,23,cover_2n,499,1.0140280561122244,False,44,0.04519203655182172,1009976,1012,45034,27,soft-O(n^(3/2)),2011,27.37875751503006,static certificate for the supplied serial binary repeated-squaring architecture; not a lower bound for Regev-style factoring,996004,998,996503,1997,FAILS_REGEV_COMPLEXITY_FIDELITY
Theta(n^3 log2(n)),80.0,1000,23,cover_2n,500,1.012,False,44,0.04501149425287356,1012000,1012,45034,27,soft-O(n^(3/2)),2013,27.324,static certificate for the supplied serial binary repeated-squaring architecture; not a lower bound for Regev-style factoring,1000000,1000,1000500,2001,FAILS_REGEV_COMPLEXITY_FIDELITY
Theta(n^3 log2(n)),80.0,1002,23,cover_2n,501,1.0099800399201597,False,44,0.044832031697204094,1014024,1012,45034,27,soft-O(n^(3/2)),2015,27.269461077844312,static certificate for the supplied serial binary repeated-squaring architecture; not a lower bound for Regev-style factoring,1004004,1002,1004505,2005,FAILS_REGEV_COMPLEXITY_FIDELITY
Theta(n^3 log2(n)),80.0,1004,23,cover_2n,502,1.0079681274900398,False,44,0.044653640291992806,1016048,1012,45034,27,soft-O(n^(3/2)),2017,27.215139442231077,static certificate for the supplied serial binary repeated-squaring architecture; not a lower bound for Regev-style factoring,1008016,1004,1008518,2009,FAILS_REGEV_COMPLEXITY_FIDELITY
Theta(n^3 log2(n)),80.0,1006,23,cover_2n,503,1.0059642147117296,False,44,0.04447631152972873,1018072,1012,45034,27,soft-O(n^(3/2)),2019,27.1610337972167,static certificate for the supplied serial binary repeated-squaring architecture; not a lower bound for Regev-style factoring,1012036,1006,1012539,2013,FAILS_REGEV_COMPLEXITY_FIDELITY
Theta(n^3 log2(n)),80.0,1008,23,cover_2n,504,1.003968253968254,False,44,0.04430003698719613,1020096,1012,45034,27,soft-O(n^(3/2)),2021,27.107142857142858,static certificate for the supplied serial binary repeated-squaring architecture; not a lower bound for Regev-style factoring,1016064,1008,1016568,2017,FAILS_REGEV_COMPLEXITY_FIDELITY
Theta(n^3 log2(n)),80.0,1010,23,cover_2n,505,1.001980198019802,False,44,0.044124808324474206,1022120,1012,45034,27,soft-O(n^(3/2)),2023,27.053465346534654,static certificate for the supplied serial binary repeated-squaring architecture; not a lower bound for Regev-style factoring,1020100,1010,1020605,2021,FAILS_REGEV_COMPLEXITY_FIDELITY
Theta(n^3 log2(n)),80.0,1012,23,cover_2n,506,1.0,False,44,0.04395061728395062,1024144,1012,45034,27,soft-O(n^(3/2)),2025,27.0,static certificate for the supplied serial binary repeated-squaring architecture; not a lower bound for Regev-style factoring,1024144,1012,1024650,2025,FAILS_REGEV_COMPLEXITY_FIDELITY
Theta(n^3 log2(n)),80.0,1014,23,cover_2n,507,1.0207100591715976,False,45,0.04574498178774632,1049490,1035,47058,27,soft-O(n^(3/2)),2050,27.559171597633135,static certificate for the supplied serial binary repeated-squaring architecture; not a lower bound for Regev-style factoring,1028196,1014,1028703,2029,FAILS_REGEV_COMPLEXITY_FIDELITY
Theta(n^3 log2(n)),80.0,1016,23,cover_2n,508,1.0187007874015748,False,45,0.04556510490295944,1051560,1035,47058,27,soft-O(n^(3/2)),2052,27.50492125984252,static certificate for the supplied serial binary repeated-squaring architecture; not a lower bound for Regev-style factoring,1032256,1016,1032764,2033,FAILS_REGEV_COMPLEXITY_FIDELITY
Theta(n^3 log2(n)),80.0,1018,23,cover_2n,509,1.0166994106090372,False,45,0.045386286894803694,1053630,1035,47058,27,soft-O(n^(3/2)),2054,27.45088408644401,static certificate for the supplied serial binary repeated-squaring architecture; not a lower bound for Regev-style factoring,1036324,1018,1036833,2037,FAILS_REGEV_COMPLEXITY_FIDELITY
Theta(n^3 log2(n)),80.0,1020,23,cover_2n,510,1.0147058823529411,False,45,0.04520851946854195,1055700,1035,47058,27,soft-O(n^(3/2)),2056,27.397058823529413,static certificate for the supplied serial binary repeated-squaring architecture; not a lower bound for Regev-style factoring,1040400,1020,1040910,2041,FAILS_REGEV_COMPLEXITY_FIDELITY
Theta(n^3 log2(n)),80.0,1022,23,cover_2n,511,1.012720156555773,False,45,0.04503179441049957,1057770,1035,47058,27,soft-O(n^(3/2)),2058,27.34344422700587,static certificate for the supplied serial binary repeated-squaring architecture; not a lower bound for Regev-style factoring,1044484,1022,1044995,2045,FAILS_REGEV_COMPLEXITY_FIDELITY
Theta(n^3 log2(n)),80.0,1024,23,cover_2n,512,1.0107421875,False,45,0.04485610358711566,1059840,1035,47058,27,soft-O(n^(3/2)),2060,27.2900390625,static certificate for the supplied serial binary repeated-squaring architecture; not a lower bound for Regev-style factoring,1048576,1024,1049088,2049,FAILS_REGEV_COMPLEXITY_FIDELITY
Theta(n^3 log2(n)),80.0,1026,23,cover_2n,513,1.0087719298245614,False,45,0.0446814389440072,1061910,1035,47058,27,soft-O(n^(3/2)),2062,27.236842105263158,static certificate for the supplied serial binary repeated-squaring architecture; not a lower bound for Regev-style factoring,1052676,1026,1053189,2053,FAILS_REGEV_COMPLEXITY_FIDELITY
Theta(n^3 log2(n)),80.0,1028,23,cover_2n,514,1.0068093385214008,False,45,0.044507792505045884,1063980,1035,47058,27,soft-O(n^(3/2)),2064,27.18385214007782,static certificate for the supplied serial binary repeated-squaring architecture; not a lower bound for Regev-style factoring,1056784,1028,1057298,2057,FAILS_REGEV_COMPLEXITY_FIDELITY
Theta(n^3 log2(n)),80.0,1030,23,cover_2n,515,1.0048543689320388,False,45,0.04433515637144755,1066050,1035,47058,27,soft-O(n^(3/2)),2066,27.131067961165048,static certificate for the supplied serial binary repeated-squaring architecture; not a lower bound for Regev-style factoring,1060900,1030,1061415,2061,FAILS_REGEV_COMPLEXITY_FIDELITY
Theta(n^3 log2(n)),80.0,1032,23,cover_2n,516,1.002906976744186,False,45,0.04416352272087392,1068120,1035,47058,27,soft-O(n^(3/2)),2068,27.078488372093023,static certificate for the supplied serial binary repeated-squaring architecture; not a lower bound for Regev-style factoring,1065024,1032,1065540,2065,FAILS_REGEV_COMPLEXITY_FIDELITY
Theta(n^3 log2(n)),80.0,1034,23,cover_2n,517,1.0009671179883946,False,45,0.043992883806546486,1070190,1035,47058,27,soft-O(n^(3/2)),2070,27.026112185686653,static certificate for the supplied serial binary repeated-squaring architecture; not a lower bound for Regev-style factoring,1069156,1034,1069673,2069,FAILS_REGEV_COMPLEXITY_FIDELITY
Theta(n^3 log2(n)),80.0,1036,23,cover_2n,518,1.0212355212355213,False,46,0.04581519704529835,1096088,1058,49197,27,soft-O(n^(3/2)),2095,27.57335907335907,static certificate for the supplied serial binary repeated-squaring architecture; not a lower bound for Regev-style factoring,1073296,1036,1073814,2073,FAILS_REGEV_COMPLEXITY_FIDELITY
Theta(n^3 log2(n)),80.0,1038,23,cover_2n,519,1.0192678227360308,False,46,0.04563885773444914,1098204,1058,49197,27,soft-O(n^(3/2)),2097,27.520231213872833,static certificate for the supplied serial binary repeated-squaring architecture; not a lower bound for Regev-style factoring,1077444,1038,1077963,2077,FAILS_REGEV_COMPLEXITY_FIDELITY
Theta(n^3 log2(n)),80.0,1040,23,cover_2n,520,1.0173076923076922,False,46,0.04546353454330389,1100320,1058,49197,27,soft-O(n^(3/2)),2099,27.467307692307692,static certificate for the supplied serial binary repeated-squaring architecture; not a lower bound for Regev-style factoring,1081600,1040,1082120,2081,FAILS_REGEV_COMPLEXITY_FIDELITY
Theta(n^3 log2(n)),80.0,1042,23,cover_2n,521,1.0153550863723608,False,46,0.04528921967991825,1102436,1058,49197,27,soft-O(n^(3/2)),2101,27.414587332053742,static certificate for the supplied serial binary repeated-squaring architecture; not a lower bound for Regev-style factoring,1085764,1042,1086285,2085,FAILS_REGEV_COMPLEXITY_FIDELITY
Theta(n^3 log2(n)),80.0,1044,23,cover_2n,522,1.0134099616858236,False,46,0.04511590542689402,1104552,1058,49197,27,soft-O(n^(3/2)),2103,27.362068965517242,static certificate for the supplied serial binary repeated-squaring architecture; not a lower bound for Regev-style factoring,1089936,1044,1090458,2089,FAILS_REGEV_COMPLEXITY_FIDELITY
Theta(n^3 log2(n)),80.0,1046,23,cover_2n,523,1.011472275334608,False,46,0.044943584140524864,1106668,1058,49197,27,soft-O(n^(3/2)),2105,27.309751434034418,static certificate for the supplied serial binary repeated-squaring architecture; not a lower bound for Regev-style factoring,1094116,1046,1094639,2093,FAILS_REGEV_COMPLEXITY_FIDELITY
Theta(n^3 log2(n)),80.0,1048,23,cover_2n,524,1.0095419847328244,False,46,0.044772248249953586,1108784,1058,49197,27,soft-O(n^(3/2)),2107,27.25763358778626,static certificate for the supplied serial binary repeated-squaring architecture; not a lower bound for Regev-style factoring,1098304,1048,1098828,2097,FAILS_REGEV_COMPLEXITY_FIDELITY
Theta(n^3 log2(n)),80.0,1050,23,cover_2n,525,1.0076190476190476,False,46,0.044601890256340516,1110900,1058,49197,27,soft-O(n^(3/2)),2109,27.205714285714286,static certificate for the supplied serial binary repeated-squaring architecture; not a lower bound for Regev-style factoring,1102500,1050,1103025,2101,FAILS_REGEV_COMPLEXITY_FIDELITY
Theta(n^3 log2(n)),80.0,1052,23,cover_2n,526,1.005703422053232,False,46,0.04443250273204303,1113016,1058,49197,27,soft-O(n^(3/2)),2111,27.153992395437264,static certificate for the supplied serial binary repeated-squaring architecture; not a lower bound for Regev-style factoring,1106704,1052,1107230,2105,FAILS_REGEV_COMPLEXITY_FIDELITY
Theta(n^3 log2(n)),80.0,1054,23,cover_2n,527,1.0037950664136623,False,46,0.044264078319805875,1115132,1058,49197,27,soft-O(n^(3/2)),2113,27.10246679316888,static certificate for the supplied serial binary repeated-squaring architecture; not a lower bound for Regev-style factoring,1110916,1054,1111443,2109,FAILS_REGEV_COMPLEXITY_FIDELITY
Theta(n^3 log2(n)),80.0,1056,23,cover_2n,528,1.0018939393939394,False,46,0.04409660973196231,1117248,1058,49197,27,soft-O(n^(3/2)),2115,27.051136363636363,static certificate for the supplied serial binary repeated-squaring architecture; not a lower bound for Regev-style factoring,1115136,1056,1115664,2113,FAILS_REGEV_COMPLEXITY_FIDELITY
Theta(n^3 log2(n)),80.0,1058,23,cover_2n,529,1.0,False,46,0.043930089749645726,1119364,1058,49197,27,soft-O(n^(3/2)),2117,27.0,static certificate for the supplied serial binary repeated-squaring architecture; not a lower bound for Regev-style factoring,1119364,1058,1119893,2117,FAILS_REGEV_COMPLEXITY_FIDELITY
Theta(n^3 log2(n)),80.0,1060,24,cover_2n,530,1.0188679245283019,False,45,0.04368178057697953,1144800,1080,49104,28,soft-O(n^(3/2)),2141,28.528301886792452,static certificate for the supplied serial binary repeated-squaring architecture; not a lower bound for Regev-style factoring,1123600,1060,1124130,2121,FAILS_REGEV_COMPLEXITY_FIDELITY
Theta(n^3 log2(n)),80.0,1062,24,cover_2n,531,1.0169491525423728,False,45,0.04351744765702891,1146960,1080,49104,28,soft-O(n^(3/2)),2143,28.47457627118644,static certificate for the supplied serial binary repeated-squaring architecture; not a lower bound for Regev-style factoring,1127844,1062,1128375,2125,FAILS_REGEV_COMPLEXITY_FIDELITY
Theta(n^3 log2(n)),80.0,1064,24,cover_2n,532,1.0150375939849625,False,45,0.04335404033804568,1149120,1080,49104,28,soft-O(n^(3/2)),2145,28.42105263157895,static certificate for the supplied serial binary repeated-squaring architecture; not a lower bound for Regev-style factoring,1132096,1064,1132628,2129,FAILS_REGEV_COMPLEXITY_FIDELITY
Theta(n^3 log2(n)),80.0,1066,24,cover_2n,533,1.0131332082551594,False,45,0.04319155168182646,1151280,1080,49104,28,soft-O(n^(3/2)),2147,28.367729831144466,static certificate for the supplied serial binary repeated-squaring architecture; not a lower bound for Regev-style factoring,1136356,1066,1136889,2133,FAILS_REGEV_COMPLEXITY_FIDELITY
Theta(n^3 log2(n)),80.0,1068,24,cover_2n,534,1.0112359550561798,False,45,0.043029974815056285,1153440,1080,49104,28,soft-O(n^(3/2)),2149,28.314606741573034,static certificate for the supplied serial binary repeated-squaring architecture; not a lower bound for Regev-style factoring,1140624,1068,1141158,2137,FAILS_REGEV_COMPLEXITY_FIDELITY
Theta(n^3 log2(n)),80.0,1070,24,cover_2n,535,1.0093457943925233,False,45,0.042869302928581716,1155600,1080,49104,28,soft-O(n^(3/2)),2151,28.261682242990656,static certificate for the supplied serial binary repeated-squaring architecture; not a lower bound for Regev-style factoring,1144900,1070,1145435,2141,FAILS_REGEV_COMPLEXITY_FIDELITY
Theta(n^3 log2(n)),80.0,1072,24,cover_2n,536,1.007462686567164,False,45,0.042709529276693456,1157760,1080,49104,28,soft-O(n^(3/2)),2153,28.208955223880597,static certificate for the supplied serial binary repeated-squaring architecture; not a lower bound for Regev-style factoring,1149184,1072,1149720,2145,FAILS_REGEV_COMPLEXITY_FIDELITY
Theta(n^3 log2(n)),80.0,1074,24,cover_2n,537,1.005586592178771,False,45,0.04255064717641829,1159920,1080,49104,28,soft-O(n^(3/2)),2155,28.156424581005588,static certificate for the supplied serial binary repeated-squaring architecture; not a lower bound for Regev-style factoring,1153476,1074,1154013,2149,FAILS_REGEV_COMPLEXITY_FIDELITY
Theta(n^3 log2(n)),80.0,1076,24,cover_2n,538,1.003717472118959,False,45,0.04239265000682026,1162080,1080,49104,28,soft-O(n^(3/2)),2157,28.104089219330856,static certificate for the supplied serial binary repeated-squaring architecture; not a lower bound for Regev-style factoring,1157776,1076,1158314,2153,FAILS_REGEV_COMPLEXITY_FIDELITY
Theta(n^3 log2(n)),80.0,1078,24,cover_2n,539,1.0018552875695732,False,45,0.04223553120831086,1164240,1080,49104,28,soft-O(n^(3/2)),2159,28.051948051948052,static certificate for the supplied serial binary repeated-squaring architecture; not a lower bound for Regev-style factoring,1162084,1078,1162623,2157,FAILS_REGEV_COMPLEXITY_FIDELITY
Theta(n^3 log2(n)),80.0,1080,24,cover_2n,540,1.0,False,45,0.04207928428196822,1166400,1080,49104,28,soft-O(n^(3/2)),2161,28.0,static certificate for the supplied serial binary repeated-squaring architecture; not a lower bound for Regev-style factoring,1166400,1080,1166940,2161,FAILS_REGEV_COMPLEXITY_FIDELITY
Theta(n^3 log2(n)),80.0,1082,24,cover_2n,541,1.0203327171903882,False,46,0.043829534733813444,1194528,1104,51336,28,soft-O(n^(3/2)),2187,28.569316081330868,static certificate for the supplied serial binary repeated-squaring architecture; not a lower bound for Regev-style factoring,1170724,1082,1171265,2165,FAILS_REGEV_COMPLEXITY_FIDELITY
Theta(n^3 log2(n)),80.0,1084,24,cover_2n,542,1.018450184501845,False,46,0.04366798854710539,1196736,1104,51336,28,soft-O(n^(3/2)),2189,28.51660516605166,static certificate for the supplied serial binary repeated-squaring architecture; not a lower bound for Regev-style factoring,1175056,1084,1175598,2169,FAILS_REGEV_COMPLEXITY_FIDELITY
Theta(n^3 log2(n)),80.0,1086,24,cover_2n,543,1.0165745856353592,False,46,0.04350733385369922,1198944,1104,51336,28,soft-O(n^(3/2)),2191,28.464088397790054,static certificate for the supplied serial binary repeated-squaring architecture; not a lower bound for Regev-style factoring,1179396,1086,1179939,2173,FAILS_REGEV_COMPLEXITY_FIDELITY
Theta(n^3 log2(n)),80.0,1088,24,cover_2n,544,1.0147058823529411,False,46,0.04334756410602826,1201152,1104,51336,28,soft-O(n^(3/2)),2193,28.41176470588235,static certificate for the supplied serial binary repeated-squaring architecture; not a lower bound for Regev-style factoring,1183744,1088,1184288,2177,FAILS_REGEV_COMPLEXITY_FIDELITY
Theta(n^3 log2(n)),80.0,1090,24,cover_2n,545,1.0128440366972478,False,46,0.04318867281652638,1203360,1104,51336,28,soft-O(n^(3/2)),2195,28.359633027522936,static certificate for the supplied serial binary repeated-squaring architecture; not a lower bound for Regev-style factoring,1188100,1090,1188645,2181,FAILS_REGEV_COMPLEXITY_FIDELITY
Theta(n^3 log2(n)),80.0,1092,24,cover_2n,546,1.010989010989011,False,46,0.04303065355696935,1205568,1104,51336,28,soft-O(n^(3/2)),2197,28.307692307692307,static certificate for the supplied serial binary repeated-squaring architecture; not a lower bound for Regev-style factoring,1192464,1092,1193010,2185,FAILS_REGEV_COMPLEXITY_FIDELITY
Theta(n^3 log2(n)),80.0,1094,24,cover_2n,547,1.0091407678244972,False,46,0.04287349995782469,1207776,1104,51336,28,soft-O(n^(3/2)),2199,28.255941499085925,static certificate for the supplied serial binary repeated-squaring architecture; not a lower bound for Regev-style factoring,1196836,1094,1197383,2189,FAILS_REGEV_COMPLEXITY_FIDELITY
Theta(n^3 log2(n)),80.0,1096,24,cover_2n,548,1.0072992700729928,False,46,0.04271720570760981,1209984,1104,51336,28,soft-O(n^(3/2)),2201,28.204379562043794,static certificate for the supplied serial binary repeated-squaring architecture; not a lower bound for Regev-style factoring,1201216,1096,1201764,2193,FAILS_REGEV_COMPLEXITY_FIDELITY
Theta(n^3 log2(n)),80.0,1098,24,cover_2n,549,1.005464480874317,False,46,0.0425617645522583,1212192,1104,51336,28,soft-O(n^(3/2)),2203,28.153005464480874,static certificate for the supplied serial binary repeated-squaring architecture; not a lower bound for Regev-style factoring,1205604,1098,1206153,2197,FAILS_REGEV_COMPLEXITY_FIDELITY
Theta(n^3 log2(n)),80.0,1100,24,cover_2n,550,1.0036363636363637,False,46,0.042407170294494236,1214400,1104,51336,28,soft-O(n^(3/2)),2205,28.10181818181818,static certificate for the supplied serial binary repeated-squaring architecture; not a lower bound for Regev-style factoring,1210000,1100,1210550,2201,FAILS_REGEV_COMPLEXITY_FIDELITY
Theta(n^3 log2(n)),80.0,1102,24,cover_2n,551,1.0018148820326678,False,46,0.042253416793214565,1216608,1104,51336,28,soft-O(n^(3/2)),2207,28.0508166969147,static certificate for the supplied serial binary repeated-squaring architecture; not a lower bound for Regev-style factoring,1214404,1102,1214955,2205,FAILS_REGEV_COMPLEXITY_FIDELITY
Theta(n^3 log2(n)),80.0,1104,24,cover_2n,552,1.0,False,46,0.04210049796287913,1218816,1104,51336,28,soft-O(n^(3/2)),2209,28.0,static certificate for the supplied serial binary repeated-squaring architecture; not a lower bound for Regev-style factoring,1218816,1104,1219368,2209,FAILS_REGEV_COMPLEXITY_FIDELITY
Theta(n^3 log2(n)),80.0,1106,24,cover_2n,553,1.0198915009041591,False,47,0.04375264036529173,1247568,1128,53544,28,soft-O(n^(3/2)),2235,28.556962025316455,static certificate for the supplied serial binary repeated-squaring architecture; not a lower bound for Regev-style factoring,1223236,1106,1223789,2213,FAILS_REGEV_COMPLEXITY_FIDELITY
Theta(n^3 log2(n)),80.0,1108,24,cover_2n,554,1.0180505415162455,False,47,0.043594866709330105,1249824,1128,53544,28,soft-O(n^(3/2)),2237,28.505415162454874,static certificate for the supplied serial binary repeated-squaring architecture; not a lower bound for Regev-style factoring,1227664,1108,1228218,2217,FAILS_REGEV_COMPLEXITY_FIDELITY
Theta(n^3 log2(n)),80.0,1110,24,cover_2n,555,1.0162162162162163,False,47,0.04343794492376212,1252080,1128,53544,28,soft-O(n^(3/2)),2239,28.454054054054055,static certificate for the supplied serial binary repeated-squaring architecture; not a lower bound for Regev-style factoring,1232100,1110,1232655,2221,FAILS_REGEV_COMPLEXITY_FIDELITY
Theta(n^3 log2(n)),80.0,1112,24,cover_2n,556,1.014388489208633,False,47,0.04328186888691294,1254336,1128,53544,28,soft-O(n^(3/2)),2241,28.402877697841728,static certificate for the supplied serial binary repeated-squaring architecture; not a lower bound for Regev-style factoring,1236544,1112,1237100,2225,FAILS_REGEV_COMPLEXITY_FIDELITY
Theta(n^3 log2(n)),80.0,1114,24,cover_2n,557,1.0125673249551166,False,47,0.04312663253199823,1256592,1128,53544,28,soft-O(n^(3/2)),2243,28.351885098743267,static certificate for the supplied serial binary repeated-squaring architecture; not a lower bound for Regev-style factoring,1240996,1114,1241553,2229,FAILS_REGEV_COMPLEXITY_FIDELITY
Theta(n^3 log2(n)),80.0,1116,24,cover_2n,558,1.010752688172043,False,47,0.04297222984653463,1258848,1128,53544,28,soft-O(n^(3/2)),2245,28.301075268817204,static certificate for the supplied serial binary repeated-squaring architecture; not a lower bound for Regev-style factoring,1245456,1116,1246014,2233,FAILS_REGEV_COMPLEXITY_FIDELITY
Theta(n^3 log2(n)),80.0,1118,24,cover_2n,559,1.0089445438282647,False,47,0.04281865487175755,1261104,1128,53544,28,soft-O(n^(3/2)),2247,28.25044722719141,static certificate for the supplied serial binary repeated-squaring architecture; not a lower bound for Regev-style factoring,1249924,1118,1250483,2237,FAILS_REGEV_COMPLEXITY_FIDELITY
Theta(n^3 log2(n)),80.0,1120,24,cover_2n,560,1.0071428571428571,False,47,0.04266590170204628,1263360,1128,53544,28,soft-O(n^(3/2)),2249,28.2,static certificate for the supplied serial binary repeated-squaring architecture; not a lower bound for Regev-style factoring,1254400,1120,1254960,2241,FAILS_REGEV_COMPLEXITY_FIDELITY
Theta(n^3 log2(n)),80.0,1122,24,cover_2n,561,1.0053475935828877,False,47,0.0425139644843562,1265616,1128,53544,28,soft-O(n^(3/2)),2251,28.149732620320854,static certificate for the supplied serial binary repeated-squaring architecture; not a lower bound for Regev-style factoring,1258884,1122,1259445,2245,FAILS_REGEV_COMPLEXITY_FIDELITY
Theta(n^3 log2(n)),80.0,1124,24,cover_2n,562,1.00355871886121,False,47,0.042362837417658145,1267872,1128,53544,28,soft-O(n^(3/2)),2253,28.09964412811388,static certificate for the supplied serial binary repeated-squaring architecture; not a lower bound for Regev-style factoring,1263376,1124,1263938,2249,FAILS_REGEV_COMPLEXITY_FIDELITY
Theta(n^3 log2(n)),80.0,1126,24,cover_2n,563,1.0017761989342806,False,47,0.042212514752384626,1270128,1128,53544,28,soft-O(n^(3/2)),2255,28.04973357015986,static certificate for the supplied serial binary repeated-squaring architecture; not a lower bound for Regev-style factoring,1267876,1126,1268439,2253,FAILS_REGEV_COMPLEXITY_FIDELITY
Theta(n^3 log2(n)),80.0,1128,24,cover_2n,564,1.0,False,47,0.042062990789883015,1272384,1128,53544,28,soft-O(n^(3/2)),2257,28.0,static certificate for the supplied serial binary repeated-squaring architecture; not a lower bound for Regev-style factoring,1272384,1128,1272948,2257,FAILS_REGEV_COMPLEXITY_FIDELITY
Theta(n^3 log2(n)),80.0,1130,24,cover_2n,565,1.0194690265486726,False,48,0.04373661900717436,1301760,1152,55872,28,soft-O(n^(3/2)),2283,28.54513274336283,static certificate for the supplied serial binary repeated-squaring architecture; not a lower bound for Regev-style factoring,1276900,1130,1277465,2261,FAILS_REGEV_COMPLEXITY_FIDELITY
Theta(n^3 log2(n)),80.0,1132,24,cover_2n,566,1.017667844522968,False,48,0.043582243231226454,1304064,1152,55872,28,soft-O(n^(3/2)),2285,28.49469964664311,static certificate for the supplied serial binary repeated-squaring architecture; not a lower bound for Regev-style factoring,1281424,1132,1281990,2265,FAILS_REGEV_COMPLEXITY_FIDELITY
Theta(n^3 log2(n)),80.0,1134,24,cover_2n,567,1.0158730158730158,False,48,0.04342868335816771,1306368,1152,55872,28,soft-O(n^(3/2)),2287,28.444444444444443,static certificate for the supplied serial binary repeated-squaring architecture; not a lower bound for Regev-style factoring,1285956,1134,1286523,2269,FAILS_REGEV_COMPLEXITY_FIDELITY
Theta(n^3 log2(n)),80.0,1136,24,cover_2n,568,1.0140845070422535,False,48,0.043275933648525555,1308672,1152,55872,28,soft-O(n^(3/2)),2289,28.3943661971831,static certificate for the supplied serial binary repeated-squaring architecture; not a lower bound for Regev-style factoring,1290496,1136,1291064,2273,FAILS_REGEV_COMPLEXITY_FIDELITY
Theta(n^3 log2(n)),80.0,1138,24,cover_2n,569,1.0123022847100176,False,48,0.04312398841320672,1310976,1152,55872,28,soft-O(n^(3/2)),2291,28.344463971880494,static certificate for the supplied serial binary repeated-squaring architecture; not a lower bound for Regev-style factoring,1295044,1138,1295613,2277,FAILS_REGEV_COMPLEXITY_FIDELITY
Theta(n^3 log2(n)),80.0,1140,24,cover_2n,570,1.0105263157894737,False,48,0.042972842012967534,1313280,1152,55872,28,soft-O(n^(3/2)),2293,28.294736842105262,static certificate for the supplied serial binary repeated-squaring architecture; not a lower bound for Regev-style factoring,1299600,1140,1300170,2281,FAILS_REGEV_COMPLEXITY_FIDELITY
Theta(n^3 log2(n)),80.0,1142,24,cover_2n,571,1.0087565674255692,False,48,0.04282248885789068,1315584,1152,55872,28,soft-O(n^(3/2)),2295,28.245183887915935,static certificate for the supplied serial binary repeated-squaring architecture; not a lower bound for Regev-style factoring,1304164,1142,1304735,2285,FAILS_REGEV_COMPLEXITY_FIDELITY
Theta(n^3 log2(n)),80.0,1144,24,cover_2n,572,1.006993006993007,False,48,0.04267292340686836,1317888,1152,55872,28,soft-O(n^(3/2)),2297,28.195804195804197,static certificate for the supplied serial binary repeated-squaring architecture; not a lower bound for Regev-style factoring,1308736,1144,1309308,2289,FAILS_REGEV_COMPLEXITY_FIDELITY
Theta(n^3 log2(n)),80.0,1146,24,cover_2n,573,1.0052356020942408,False,48,0.04252414016709174,1320192,1152,55872,28,soft-O(n^(3/2)),2299,28.146596858638745,static certificate for the supplied serial binary repeated-squaring architecture; not a lower bound for Regev-style factoring,1313316,1146,1313889,2293,FAILS_REGEV_COMPLEXITY_FIDELITY
Theta(n^3 log2(n)),80.0,1148,24,cover_2n,574,1.0034843205574913,False,48,0.04237613369354665,1322496,1152,55872,28,soft-O(n^(3/2)),2301,28.097560975609756,static certificate for the supplied serial binary repeated-squaring architecture; not a lower bound for Regev-style factoring,1317904,1148,1318478,2297,FAILS_REGEV_COMPLEXITY_FIDELITY
Theta(n^3 log2(n)),80.0,1150,24,cover_2n,575,1.0017391304347827,False,48,0.04222889858851539,1324800,1152,55872,28,soft-O(n^(3/2)),2303,28.04869565217391,static certificate for the supplied serial binary repeated-squaring architecture; not a lower bound for Regev-style factoring,1322500,1150,1323075,2301,FAILS_REGEV_COMPLEXITY_FIDELITY
Theta(n^3 log2(n)),80.0,1152,24,cover_2n,576,1.0,False,48,0.0420824295010846,1327104,1152,55872,28,soft-O(n^(3/2)),2305,28.0,static certificate for the supplied serial binary repeated-squaring architecture; not a lower bound for Regev-style factoring,1327104,1152,1327680,2305,FAILS_REGEV_COMPLEXITY_FIDELITY
Theta(n^3 log2(n)),80.0,1154,25,cover_2n,577,1.0181975736568458,False,47,0.041863914319147516,1355950,1175,55775,29,soft-O(n^(3/2)),2330,29.527729636048527,static certificate for the supplied serial binary repeated-squaring architecture; not a lower bound for Regev-style factoring,1331716,1154,1332293,2309,FAILS_REGEV_COMPLEXITY_FIDELITY
Theta(n^3 log2(n)),80.0,1156,25,cover_2n,578,1.0164359861591696,False,47,0.04171921305334524,1358300,1175,55775,29,soft-O(n^(3/2)),2332,29.476643598615915,static certificate for the supplied serial binary repeated-squaring architecture; not a lower bound for Regev-style factoring,1336336,1156,1336914,2313,FAILS_REGEV_COMPLEXITY_FIDELITY
Theta(n^3 log2(n)),80.0,1158,25,cover_2n,579,1.0146804835924006,False,47,0.04157526072589548,1360650,1175,55775,29,soft-O(n^(3/2)),2334,29.42573402417962,static certificate for the supplied serial binary repeated-squaring architecture; not a lower bound for Regev-style factoring,1340964,1158,1341543,2317,FAILS_REGEV_COMPLEXITY_FIDELITY
Theta(n^3 log2(n)),80.0,1160,25,cover_2n,580,1.0129310344827587,False,47,0.041432052177271986,1363000,1175,55775,29,soft-O(n^(3/2)),2336,29.375,static certificate for the supplied serial binary repeated-squaring architecture; not a lower bound for Regev-style factoring,1345600,1160,1346180,2321,FAILS_REGEV_COMPLEXITY_FIDELITY
Theta(n^3 log2(n)),80.0,1162,25,cover_2n,581,1.0111876075731498,False,47,0.041289582292302854,1365350,1175,55775,29,soft-O(n^(3/2)),2338,29.324440619621342,static certificate for the supplied serial binary repeated-squaring architecture; not a lower bound for Regev-style factoring,1350244,1162,1350825,2325,FAILS_REGEV_COMPLEXITY_FIDELITY
Theta(n^3 log2(n)),80.0,1164,25,cover_2n,582,1.0094501718213058,False,47,0.04114784599971375,1367700,1175,55775,29,soft-O(n^(3/2)),2340,29.27405498281787,static certificate for the supplied serial binary repeated-squaring architecture; not a lower bound for Regev-style factoring,1354896,1164,1355478,2329,FAILS_REGEV_COMPLEXITY_FIDELITY
Theta(n^3 log2(n)),80.0,1166,25,cover_2n,583,1.0077186963979416,False,47,0.04100683827167664,1370050,1175,55775,29,soft-O(n^(3/2)),2342,29.22384219554031,static certificate for the supplied serial binary repeated-squaring architecture; not a lower bound for Regev-style factoring,1359556,1166,1360139,2333,FAILS_REGEV_COMPLEXITY_FIDELITY
Theta(n^3 log2(n)),80.0,1168,25,cover_2n,584,1.0059931506849316,False,47,0.040866554123363874,1372400,1175,55775,29,soft-O(n^(3/2)),2344,29.173801369863014,static certificate for the supplied serial binary repeated-squaring architecture; not a lower bound for Regev-style factoring,1364224,1168,1364808,2337,FAILS_REGEV_COMPLEXITY_FIDELITY
Theta(n^3 log2(n)),80.0,1170,25,cover_2n,585,1.0042735042735043,False,47,0.04072698861250762,1374750,1175,55775,29,soft-O(n^(3/2)),2346,29.123931623931625,static certificate for the supplied serial binary repeated-squaring architecture; not a lower bound for Regev-style factoring,1368900,1170,1369485,2341,FAILS_REGEV_COMPLEXITY_FIDELITY
Theta(n^3 log2(n)),80.0,1172,25,cover_2n,586,1.0025597269624573,False,47,0.04058813683896461,1377100,1175,55775,29,soft-O(n^(3/2)),2348,29.074232081911262,static certificate for the supplied serial binary repeated-squaring architecture; not a lower bound for Regev-style factoring,1373584,1172,1374170,2345,FAILS_REGEV_COMPLEXITY_FIDELITY
Theta(n^3 log2(n)),80.0,1174,25,cover_2n,587,1.0008517887563884,False,47,0.04044999394428598,1379450,1175,55775,29,soft-O(n^(3/2)),2350,29.024701873935264,static certificate for the supplied serial binary repeated-squaring architecture; not a lower bound for Regev-style factoring,1378276,1174,1378863,2349,FAILS_REGEV_COMPLEXITY_FIDELITY
Theta(n^3 log2(n)),80.0,1176,25,cover_2n,588,1.0204081632653061,False,48,0.04206527489873978,1411200,1200,58200,29,soft-O(n^(3/2)),2377,29.591836734693878,static certificate for the supplied serial binary repeated-squaring architecture; not a lower bound for Regev-style factoring,1382976,1176,1383564,2353,FAILS_REGEV_COMPLEXITY_FIDELITY
Theta(n^3 log2(n)),80.0,1178,25,cover_2n,589,1.0186757215619695,False,48,0.04192259015337761,1413600,1200,58200,29,soft-O(n^(3/2)),2379,29.541595925297113,static certificate for the supplied serial binary repeated-squaring architecture; not a lower bound for Regev-style factoring,1387684,1178,1388273,2357,FAILS_REGEV_COMPLEXITY_FIDELITY
Theta(n^3 log2(n)),80.0,1180,25,cover_2n,590,1.0169491525423728,False,48,0.0417806301552775,1416000,1200,58200,29,soft-O(n^(3/2)),2381,29.491525423728813,static certificate for the supplied serial binary repeated-squaring architecture; not a lower bound for Regev-style factoring,1392400,1180,1392990,2361,FAILS_REGEV_COMPLEXITY_FIDELITY
Theta(n^3 log2(n)),80.0,1182,25,cover_2n,591,1.015228426395939,False,48,0.04163939000440004,1418400,1200,58200,29,soft-O(n^(3/2)),2383,29.441624365482234,static certificate for the supplied serial binary repeated-squaring architecture; not a lower bound for Regev-style factoring,1397124,1182,1397715,2365,FAILS_REGEV_COMPLEXITY_FIDELITY
Theta(n^3 log2(n)),80.0,1184,25,cover_2n,592,1.0135135135135136,False,48,0.04149886484204762,1420800,1200,58200,29,soft-O(n^(3/2)),2385,29.39189189189189,static certificate for the supplied serial binary repeated-squaring architecture; not a lower bound for Regev-style factoring,1401856,1184,1402448,2369,FAILS_REGEV_COMPLEXITY_FIDELITY
Theta(n^3 log2(n)),80.0,1186,25,cover_2n,593,1.0118043844856661,False,48,0.04135904985044653,1423200,1200,58200,29,soft-O(n^(3/2)),2387,29.342327150084316,static certificate for the supplied serial binary repeated-squaring architecture; not a lower bound for Regev-style factoring,1406596,1186,1407189,2373,FAILS_REGEV_COMPLEXITY_FIDELITY
Theta(n^3 log2(n)),80.0,1188,25,cover_2n,594,1.0101010101010102,False,48,0.041219940252334025,1425600,1200,58200,29,soft-O(n^(3/2)),2389,29.292929292929294,static certificate for the supplied serial binary repeated-squaring architecture; not a lower bound for Regev-style factoring,1411344,1188,1411938,2377,FAILS_REGEV_COMPLEXITY_FIDELITY
Theta(n^3 log2(n)),80.0,1190,25,cover_2n,595,1.0084033613445378,False,48,0.04108153131055026,1428000,1200,58200,29,soft-O(n^(3/2)),2391,29.243697478991596,static certificate for the supplied serial binary repeated-squaring architecture; not a lower bound for Regev-style factoring,1416100,1190,1416695,2381,FAILS_REGEV_COMPLEXITY_FIDELITY
Theta(n^3 log2(n)),80.0,1192,25,cover_2n,596,1.0067114093959733,False,48,0.04094381832763497,1430400,1200,58200,29,soft-O(n^(3/2)),2393,29.19463087248322,static certificate for the supplied serial binary repeated-squaring architecture; not a lower bound for Regev-style factoring,1420864,1192,1421460,2385,FAILS_REGEV_COMPLEXITY_FIDELITY
Theta(n^3 log2(n)),80.0,1194,25,cover_2n,597,1.0050251256281406,False,48,0.040806796645428904,1432800,1200,58200,29,soft-O(n^(3/2)),2395,29.14572864321608,static certificate for the supplied serial binary repeated-squaring architecture; not a lower bound for Regev-style factoring,1425636,1194,1426233,2389,FAILS_REGEV_COMPLEXITY_FIDELITY
Theta(n^3 log2(n)),80.0,1196,25,cover_2n,598,1.0033444816053512,False,48,0.040670461644679926,1435200,1200,58200,29,soft-O(n^(3/2)),2397,29.096989966555185,static certificate for the supplied serial binary repeated-squaring architecture; not a lower bound for Regev-style factoring,1430416,1196,1431014,2393,FAILS_REGEV_COMPLEXITY_FIDELITY
Theta(n^3 log2(n)),80.0,1198,25,cover_2n,599,1.001669449081803,False,48,0.04053480874465369,1437600,1200,58200,29,soft-O(n^(3/2)),2399,29.04841402337229,static certificate for the supplied serial binary repeated-squaring architecture; not a lower bound for Regev-style factoring,1435204,1198,1435803,2397,FAILS_REGEV_COMPLEXITY_FIDELITY
Theta(n^3 log2(n)),80.0,1200,25,cover_2n,600,1.0,False,48,0.04039983340274885,1440000,1200,58200,29,soft-O(n^(3/2)),2401,29.0,static certificate for the supplied serial binary repeated-squaring architecture; not a lower bound for Regev-style factoring,1440000,1200,1440600,2401,FAILS_REGEV_COMPLEXITY_FIDELITY
Theta(n^3 log2(n)),80.0,1202,25,cover_2n,601,1.019134775374376,False,49,0.04192596538686389,1472450,1225,60600,29,soft-O(n^(3/2)),2428,29.554908485856906,static certificate for the supplied serial binary repeated-squaring architecture; not a lower bound for Regev-style factoring,1444804,1202,1445405,2405,FAILS_REGEV_COMPLEXITY_FIDELITY
Theta(n^3 log2(n)),80.0,1204,25,cover_2n,602,1.0174418604651163,False,49,0.04178682101587485,1474900,1225,60600,29,soft-O(n^(3/2)),2430,29.50581395348837,static certificate for the supplied serial binary repeated-squaring architecture; not a lower bound for Regev-style factoring,1449616,1204,1450218,2409,FAILS_REGEV_COMPLEXITY_FIDELITY
Theta(n^3 log2(n)),80.0,1206,25,cover_2n,603,1.01575456053068,False,49,0.04164836818806918,1477350,1225,60600,29,soft-O(n^(3/2)),2432,29.45688225538972,static certificate for the supplied serial binary repeated-squaring architecture; not a lower bound for Regev-style factoring,1454436,1206,1455039,2413,FAILS_REGEV_COMPLEXITY_FIDELITY
Theta(n^3 log2(n)),80.0,1208,25,cover_2n,604,1.0140728476821192,False,49,0.041510602328429694,1479800,1225,60600,29,soft-O(n^(3/2)),2434,29.408112582781456,static certificate for the supplied serial binary repeated-squaring architecture; not a lower bound for Regev-style factoring,1459264,1208,1459868,2417,FAILS_REGEV_COMPLEXITY_FIDELITY
Theta(n^3 log2(n)),80.0,1210,25,cover_2n,605,1.012396694214876,False,49,0.04137351889971018,1482250,1225,60600,29,soft-O(n^(3/2)),2436,29.359504132231404,static certificate for the supplied serial binary repeated-squaring architecture; not a lower bound for Regev-style factoring,1464100,1210,1464705,2421,FAILS_REGEV_COMPLEXITY_FIDELITY
Theta(n^3 log2(n)),80.0,1212,25,cover_2n,606,1.0107260726072607,False,49,0.041237113402061855,1484700,1225,60600,29,soft-O(n^(3/2)),2438,29.31105610561056,static certificate for the supplied serial binary repeated-squaring architecture; not a lower bound for Regev-style factoring,1468944,1212,1469550,2425,FAILS_REGEV_COMPLEXITY_FIDELITY
Theta(n^3 log2(n)),80.0,1214,25,cover_2n,607,1.0090609555189456,False,49,0.04110138137266405,1487150,1225,60600,29,soft-O(n^(3/2)),2440,29.262767710049424,static certificate for the supplied serial binary repeated-squaring architecture; not a lower bound for Regev-style factoring,1473796,1214,1474403,2429,FAILS_REGEV_COMPLEXITY_FIDELITY
Theta(n^3 log2(n)),80.0,1216,25,cover_2n,608,1.0074013157894737,False,49,0.040966318385359204,1489600,1225,60600,29,soft-O(n^(3/2)),2442,29.214638157894736,static certificate for the supplied serial binary repeated-squaring architecture; not a lower bound for Regev-style factoring,1478656,1216,1479264,2433,FAILS_REGEV_COMPLEXITY_FIDELITY
Theta(n^3 log2(n)),80.0,1218,25,cover_2n,609,1.0057471264367817,False,49,0.04083192005029199,1492050,1225,60600,29,soft-O(n^(3/2)),2444,29.166666666666668,static certificate for the supplied serial binary repeated-squaring architecture; not a lower bound for Regev-style factoring,1483524,1218,1484133,2437,FAILS_REGEV_COMPLEXITY_FIDELITY
Theta(n^3 log2(n)),80.0,1220,25,cover_2n,610,1.0040983606557377,False,49,0.04069818201355263,1494500,1225,60600,29,soft-O(n^(3/2)),2446,29.118852459016395,static certificate for the supplied serial binary repeated-squaring architecture; not a lower bound for Regev-style factoring,1488400,1220,1489010,2441,FAILS_REGEV_COMPLEXITY_FIDELITY
Theta(n^3 log2(n)),80.0,1222,25,cover_2n,611,1.0024549918166938,False,49,0.04056509995682427,1496950,1225,60600,29,soft-O(n^(3/2)),2448,29.071194762684126,static certificate for the supplied serial binary repeated-squaring architecture; not a lower bound for Regev-style factoring,1493284,1222,1493895,2445,FAILS_REGEV_COMPLEXITY_FIDELITY
Theta(n^3 log2(n)),80.0,1224,25,cover_2n,612,1.0008169934640523,False,49,0.040432669597034405,1499400,1225,60600,29,soft-O(n^(3/2)),2450,29.023692810457515,static certificate for the supplied serial binary repeated-squaring architecture; not a lower bound for Regev-style factoring,1498176,1224,1498788,2449,FAILS_REGEV_COMPLEXITY_FIDELITY
Theta(n^3 log2(n)),80.0,1226,25,cover_2n,613,1.0195758564437194,False,50,0.0419800902979273,1532500,1250,63125,29,soft-O(n^(3/2)),2477,29.567699836867863,static certificate for the supplied serial binary repeated-squaring architecture; not a lower bound for Regev-style factoring,1503076,1226,1503689,2453,FAILS_REGEV_COMPLEXITY_FIDELITY
Theta(n^3 log2(n)),80.0,1228,25,cover_2n,614,1.017915309446254,False,50,0.04184348646889364,1535000,1250,63125,29,soft-O(n^(3/2)),2479,29.519543973941367,static certificate for the supplied serial binary repeated-squaring architecture; not a lower bound for Regev-style factoring,1507984,1228,1508598,2457,FAILS_REGEV_COMPLEXITY_FIDELITY
Theta(n^3 log2(n)),80.0,1230,25,cover_2n,615,1.016260162601626,False,50,0.04170754832294361,1537500,1250,63125,29,soft-O(n^(3/2)),2481,29.471544715447155,static certificate for the supplied serial binary repeated-squaring architecture; not a lower bound for Regev-style factoring,1512900,1230,1513515,2461,FAILS_REGEV_COMPLEXITY_FIDELITY
Theta(n^3 log2(n)),80.0,1232,25,cover_2n,616,1.0146103896103895,False,50,0.041572271541845576,1540000,1250,63125,29,soft-O(n^(3/2)),2483,29.4237012987013,static certificate for the supplied serial binary repeated-squaring architecture; not a lower bound for Regev-style factoring,1517824,1232,1518440,2465,FAILS_REGEV_COMPLEXITY_FIDELITY
Theta(n^3 log2(n)),80.0,1234,25,cover_2n,617,1.012965964343598,False,50,0.04143765184232621,1542500,1250,63125,29,soft-O(n^(3/2)),2485,29.376012965964343,static certificate for the supplied serial binary repeated-squaring architecture; not a lower bound for Regev-style factoring,1522756,1234,1523373,2469,FAILS_REGEV_COMPLEXITY_FIDELITY
Theta(n^3 log2(n)),80.0,1236,25,cover_2n,618,1.0113268608414239,False,50,0.041303684975731426,1545000,1250,63125,29,soft-O(n^(3/2)),2487,29.328478964401295,static certificate for the supplied serial binary repeated-squaring architecture; not a lower bound for Regev-style factoring,1527696,1236,1528314,2473,FAILS_REGEV_COMPLEXITY_FIDELITY
Theta(n^3 log2(n)),80.0,1238,25,cover_2n,619,1.0096930533117932,False,50,0.041170366727691206,1547500,1250,63125,29,soft-O(n^(3/2)),2489,29.281098546042003,static certificate for the supplied serial binary repeated-squaring architecture; not a lower bound for Regev-style factoring,1532644,1238,1533263,2477,FAILS_REGEV_COMPLEXITY_FIDELITY
Theta(n^3 log2(n)),80.0,1240,25,cover_2n,620,1.0080645161290323,False,50,0.041037692917788096,1550000,1250,63125,29,soft-O(n^(3/2)),2491,29.233870967741936,static certificate for the supplied serial binary repeated-squaring architecture; not a lower bound for Regev-style factoring,1537600,1240,1538220,2481,FAILS_REGEV_COMPLEXITY_FIDELITY
Theta(n^3 log2(n)),80.0,1242,25,cover_2n,621,1.0064412238325282,False,50,0.040905659399229514,1552500,1250,63125,29,soft-O(n^(3/2)),2493,29.186795491143318,static certificate for the supplied serial binary repeated-squaring architecture; not a lower bound for Regev-style factoring,1542564,1242,1543185,2485,FAILS_REGEV_COMPLEXITY_FIDELITY
Theta(n^3 log2(n)),80.0,1244,25,cover_2n,622,1.004823151125402,False,50,0.04077426205852374,1555000,1250,63125,29,soft-O(n^(3/2)),2495,29.139871382636656,static certificate for the supplied serial binary repeated-squaring architecture; not a lower bound for Regev-style factoring,1547536,1244,1548158,2489,FAILS_REGEV_COMPLEXITY_FIDELITY
Theta(n^3 log2(n)),80.0,1246,25,cover_2n,623,1.0032102728731942,False,50,0.04064349681515949,1557500,1250,63125,29,soft-O(n^(3/2)),2497,29.093097913322634,static certificate for the supplied serial binary repeated-squaring architecture; not a lower bound for Regev-style factoring,1552516,1246,1553139,2493,FAILS_REGEV_COMPLEXITY_FIDELITY
Theta(n^3 log2(n)),80.0,1248,25,cover_2n,624,1.001602564102564,False,50,0.04051335962128914,1560000,1250,63125,29,soft-O(n^(3/2)),2499,29.046474358974358,static certificate for the supplied serial binary repeated-squaring architecture; not a lower bound for Regev-style factoring,1557504,1248,1558128,2497,FAILS_REGEV_COMPLEXITY_FIDELITY
Theta(n^3 log2(n)),80.0,1250,25,cover_2n,625,1.0,False,50,0.040383846461415435,1562500,1250,63125,29,soft-O(n^(3/2)),2501,29.0,static certificate for the supplied serial binary repeated-squaring architecture; not a lower bound for Regev-style factoring,1562500,1250,1563125,2501,FAILS_REGEV_COMPLEXITY_FIDELITY
Theta(n^3 log2(n)),80.0,1252,26,cover_2n,626,1.0175718849840256,False,49,0.040190545426718446,1595048,1274,63024,30,soft-O(n^(3/2)),2527,30.527156549520768,static certificate for the supplied serial binary repeated-squaring architecture; not a lower bound for Regev-style factoring,1567504,1252,1568130,2505,FAILS_REGEV_COMPLEXITY_FIDELITY
Theta(n^3 log2(n)),80.0,1254,26,cover_2n,627,1.0159489633173844,False,49,0.04006247365941939,1597596,1274,63024,30,soft-O(n^(3/2)),2529,30.47846889952153,static certificate for the supplied serial binary repeated-squaring architecture; not a lower bound for Regev-style factoring,1572516,1254,1573143,2509,FAILS_REGEV_COMPLEXITY_FIDELITY
Theta(n^3 log2(n)),80.0,1256,26,cover_2n,628,1.0143312101910829,False,49,0.039935013091161625,1600144,1274,63024,30,soft-O(n^(3/2)),2531,30.429936305732483,static certificate for the supplied serial binary repeated-squaring architecture; not a lower bound for Regev-style factoring,1577536,1256,1578164,2513,FAILS_REGEV_COMPLEXITY_FIDELITY
Theta(n^3 log2(n)),80.0,1258,26,cover_2n,629,1.012718600953895,False,49,0.039808159839008886,1602692,1274,63024,30,soft-O(n^(3/2)),2533,30.38155802861685,static certificate for the supplied serial binary repeated-squaring architecture; not a lower bound for Regev-style factoring,1582564,1258,1583193,2517,FAILS_REGEV_COMPLEXITY_FIDELITY
Theta(n^3 log2(n)),80.0,1260,26,cover_2n,630,1.011111111111111,False,49,0.03968191005081128,1605240,1274,63024,30,soft-O(n^(3/2)),2535,30.333333333333332,static certificate for the supplied serial binary repeated-squaring architecture; not a lower bound for Regev-style factoring,1587600,1260,1588230,2521,FAILS_REGEV_COMPLEXITY_FIDELITY
Theta(n^3 log2(n)),80.0,1262,26,cover_2n,631,1.0095087163232963,False,49,0.039556259904912836,1607788,1274,63024,30,soft-O(n^(3/2)),2537,30.28526148969889,static certificate for the supplied serial binary repeated-squaring architecture; not a lower bound for Regev-style factoring,1592644,1262,1593275,2525,FAILS_REGEV_COMPLEXITY_FIDELITY
Theta(n^3 log2(n)),80.0,1264,26,cover_2n,632,1.0079113924050633,False,49,0.0394312056098623,1610336,1274,63024,30,soft-O(n^(3/2)),2539,30.2373417721519,static certificate for the supplied serial binary repeated-squaring architecture; not a lower bound for Regev-style factoring,1597696,1264,1598328,2529,FAILS_REGEV_COMPLEXITY_FIDELITY
Theta(n^3 log2(n)),80.0,1266,26,cover_2n,633,1.0063191153238547,False,49,0.03930674340412713,1612884,1274,63024,30,soft-O(n^(3/2)),2541,30.18957345971564,static certificate for the supplied serial binary repeated-squaring architecture; not a lower bound for Regev-style factoring,1602756,1266,1603389,2533,FAILS_REGEV_COMPLEXITY_FIDELITY
Theta(n^3 log2(n)),80.0,1268,26,cover_2n,634,1.0047318611987381,False,49,0.039182869555810594,1615432,1274,63024,30,soft-O(n^(3/2)),2543,30.141955835962143,static certificate for the supplied serial binary repeated-squaring architecture; not a lower bound for Regev-style factoring,1607824,1268,1608458,2537,FAILS_REGEV_COMPLEXITY_FIDELITY
Theta(n^3 log2(n)),80.0,1270,26,cover_2n,635,1.0031496062992127,False,49,0.03905958036237206,1617980,1274,63024,30,soft-O(n^(3/2)),2545,30.094488188976378,static certificate for the supplied serial binary repeated-squaring architecture; not a lower bound for Regev-style factoring,1612900,1270,1613535,2541,FAILS_REGEV_COMPLEXITY_FIDELITY
Theta(n^3 log2(n)),80.0,1272,26,cover_2n,636,1.001572327044025,False,49,0.0389368721503503,1620528,1274,63024,30,soft-O(n^(3/2)),2547,30.047169811320753,static certificate for the supplied serial binary repeated-squaring architecture; not a lower bound for Regev-style factoring,1617984,1272,1618620,2545,FAILS_REGEV_COMPLEXITY_FIDELITY
Theta(n^3 log2(n)),80.0,1274,26,cover_2n,637,1.0,False,49,0.038814741275089874,1623076,1274,63024,30,soft-O(n^(3/2)),2549,30.0,static certificate for the supplied serial binary repeated-squaring architecture; not a lower bound for Regev-style factoring,1623076,1274,1623713,2549,FAILS_REGEV_COMPLEXITY_FIDELITY
Theta(n^3 log2(n)),80.0,1276,26,cover_2n,638,1.0188087774294672,False,50,0.04030540012549008,1658800,1300,65650,30,soft-O(n^(3/2)),2577,30.564263322884013,static certificate for the supplied serial binary repeated-squaring architecture; not a lower bound for Regev-style factoring,1628176,1276,1628814,2553,FAILS_REGEV_COMPLEXITY_FIDELITY
Theta(n^3 log2(n)),80.0,1278,26,cover_2n,639,1.0172143974960877,False,50,0.040179371977749255,1661400,1300,65650,30,soft-O(n^(3/2)),2579,30.516431924882628,static certificate for the supplied serial binary repeated-squaring architecture; not a lower bound for Regev-style factoring,1633284,1278,1633923,2557,FAILS_REGEV_COMPLEXITY_FIDELITY
Theta(n^3 log2(n)),80.0,1280,26,cover_2n,640,1.015625,False,50,0.04005393401015228,1664000,1300,65650,30,soft-O(n^(3/2)),2581,30.46875,static certificate for the supplied serial binary repeated-squaring architecture; not a lower bound for Regev-style factoring,1638400,1280,1639040,2561,FAILS_REGEV_COMPLEXITY_FIDELITY
Theta(n^3 log2(n)),80.0,1282,26,cover_2n,641,1.0140405616224648,False,50,0.0399290825434187,1666600,1300,65650,30,soft-O(n^(3/2)),2583,30.421216848673946,static certificate for the supplied serial binary repeated-squaring architecture; not a lower bound for Regev-style factoring,1643524,1282,1644165,2565,FAILS_REGEV_COMPLEXITY_FIDELITY
Theta(n^3 log2(n)),80.0,1284,26,cover_2n,642,1.0124610591900312,False,50,0.03980481392689496,1669200,1300,65650,30,soft-O(n^(3/2)),2585,30.373831775700936,static certificate for the supplied serial binary repeated-squaring architecture; not a lower bound for Regev-style factoring,1648656,1284,1649298,2569,FAILS_REGEV_COMPLEXITY_FIDELITY
Theta(n^3 log2(n)),80.0,1286,26,cover_2n,643,1.010886469673406,False,50,0.0396811245382876,1671800,1300,65650,30,soft-O(n^(3/2)),2587,30.326594090202178,static certificate for the supplied serial binary repeated-squaring architecture; not a lower bound for Regev-style factoring,1653796,1286,1654439,2573,FAILS_REGEV_COMPLEXITY_FIDELITY
Theta(n^3 log2(n)),80.0,1288,26,cover_2n,644,1.0093167701863355,False,50,0.03955801078339925,1674400,1300,65650,30,soft-O(n^(3/2)),2589,30.279503105590063,static certificate for the supplied serial binary repeated-squaring architecture; not a lower bound for Regev-style factoring,1658944,1288,1659588,2577,FAILS_REGEV_COMPLEXITY_FIDELITY
Theta(n^3 log2(n)),80.0,1290,26,cover_2n,645,1.0077519379844961,False,50,0.03943546909586754,1677000,1300,65650,30,soft-O(n^(3/2)),2591,30.232558139534884,static certificate for the supplied serial binary repeated-squaring architecture; not a lower bound for Regev-style factoring,1664100,1290,1664745,2581,FAILS_REGEV_COMPLEXITY_FIDELITY
Theta(n^3 log2(n)),80.0,1292,26,cover_2n,646,1.0061919504643964,False,50,0.03931349593690678,1679600,1300,65650,30,soft-O(n^(3/2)),2593,30.185758513931887,static certificate for the supplied serial binary repeated-squaring architecture; not a lower bound for Regev-style factoring,1669264,1292,1669910,2585,FAILS_REGEV_COMPLEXITY_FIDELITY
Theta(n^3 log2(n)),80.0,1294,26,cover_2n,647,1.0046367851622875,False,50,0.039192087795052545,1682200,1300,65650,30,soft-O(n^(3/2)),2595,30.139103554868626,static certificate for the supplied serial binary repeated-squaring architecture; not a lower bound for Regev-style factoring,1674436,1294,1675083,2589,FAILS_REGEV_COMPLEXITY_FIDELITY
Theta(n^3 log2(n)),80.0,1296,26,cover_2n,648,1.0030864197530864,False,50,0.03907124118590888,1684800,1300,65650,30,soft-O(n^(3/2)),2597,30.09259259259259,static certificate for the supplied serial binary repeated-squaring architecture; not a lower bound for Regev-style factoring,1679616,1296,1680264,2593,FAILS_REGEV_COMPLEXITY_FIDELITY
Theta(n^3 log2(n)),80.0,1298,26,cover_2n,649,1.0015408320493067,False,50,0.03895095265189833,1687400,1300,65650,30,soft-O(n^(3/2)),2599,30.046224961479197,static certificate for the supplied serial binary repeated-squaring architecture; not a lower bound for Regev-style factoring,1684804,1298,1685453,2597,FAILS_REGEV_COMPLEXITY_FIDELITY
Theta(n^3 log2(n)),80.0,1300,26,cover_2n,650,1.0,False,50,0.03883121876201461,1690000,1300,65650,30,soft-O(n^(3/2)),2601,30.0,static certificate for the supplied serial binary repeated-squaring architecture; not a lower bound for Regev-style factoring,1690000,1300,1690650,2601,FAILS_REGEV_COMPLEXITY_FIDELITY
Theta(n^3 log2(n)),80.0,1302,26,cover_2n,651,1.0184331797235022,False,51,0.04024518605659092,1726452,1326,68250,30,soft-O(n^(3/2)),2629,30.552995391705068,static certificate for the supplied serial binary repeated-squaring architecture; not a lower bound for Regev-style factoring,1695204,1302,1695855,2605,FAILS_REGEV_COMPLEXITY_FIDELITY
Theta(n^3 log2(n)),80.0,1304,26,cover_2n,652,1.0168711656441718,False,51,0.04012185285949768,1729104,1326,68250,30,soft-O(n^(3/2)),2631,30.506134969325153,static certificate for the supplied serial binary repeated-squaring architecture; not a lower bound for Regev-style factoring,1700416,1304,1701068,2609,FAILS_REGEV_COMPLEXITY_FIDELITY
Theta(n^3 log2(n)),80.0,1306,26,cover_2n,653,1.0153139356814702,False,51,0.039999085735183196,1731756,1326,68250,30,soft-O(n^(3/2)),2633,30.459418070444105,static certificate for the supplied serial binary repeated-squaring architecture; not a lower bound for Regev-style factoring,1705636,1306,1706289,2613,FAILS_REGEV_COMPLEXITY_FIDELITY
Theta(n^3 log2(n)),80.0,1308,26,cover_2n,654,1.0137614678899083,False,51,0.039876881224737336,1734408,1326,68250,30,soft-O(n^(3/2)),2635,30.412844036697248,static certificate for the supplied serial binary repeated-squaring architecture; not a lower bound for Regev-style factoring,1710864,1308,1711518,2617,FAILS_REGEV_COMPLEXITY_FIDELITY
Theta(n^3 log2(n)),80.0,1310,26,cover_2n,655,1.0122137404580154,False,51,0.03975523589562867,1737060,1326,68250,30,soft-O(n^(3/2)),2637,30.366412213740457,static certificate for the supplied serial binary repeated-squaring architecture; not a lower bound for Regev-style factoring,1716100,1310,1716755,2621,FAILS_REGEV_COMPLEXITY_FIDELITY
Theta(n^3 log2(n)),80.0,1312,26,cover_2n,656,1.0106707317073171,False,51,0.039634146341463415,1739712,1326,68250,30,soft-O(n^(3/2)),2639,30.320121951219512,static certificate for the supplied serial binary repeated-squaring architecture; not a lower bound for Regev-style factoring,1721344,1312,1722000,2625,FAILS_REGEV_COMPLEXITY_FIDELITY
Theta(n^3 log2(n)),80.0,1314,26,cover_2n,657,1.0091324200913243,False,51,0.03951360918174697,1742364,1326,68250,30,soft-O(n^(3/2)),2641,30.273972602739725,static certificate for the supplied serial binary repeated-squaring architecture; not a lower bound for Regev-style factoring,1726596,1314,1727253,2629,FAILS_REGEV_COMPLEXITY_FIDELITY
Theta(n^3 log2(n)),80.0,1316,26,cover_2n,658,1.0075987841945289,False,51,0.03939362106164799,1745016,1326,68250,30,soft-O(n^(3/2)),2643,30.227963525835865,static certificate for the supplied serial binary repeated-squaring architecture; not a lower bound for Regev-style factoring,1731856,1316,1732514,2633,FAILS_REGEV_COMPLEXITY_FIDELITY
Theta(n^3 log2(n)),80.0,1318,26,cover_2n,659,1.0060698027314112,False,51,0.03927417865176492,1747668,1326,68250,30,soft-O(n^(3/2)),2645,30.18209408194234,static certificate for the supplied serial binary repeated-squaring architecture; not a lower bound for Regev-style factoring,1737124,1318,1737783,2637,FAILS_REGEV_COMPLEXITY_FIDELITY
Theta(n^3 log2(n)),80.0,1320,26,cover_2n,660,1.0045454545454546,False,51,0.03915527864789508,1750320,1326,68250,30,soft-O(n^(3/2)),2647,30.136363636363637,static certificate for the supplied serial binary repeated-squaring architecture; not a lower bound for Regev-style factoring,1742400,1320,1743060,2641,FAILS_REGEV_COMPLEXITY_FIDELITY
Theta(n^3 log2(n)),80.0,1322,26,cover_2n,661,1.0030257186081695,False,51,0.039036917770806104,1752972,1326,68250,30,soft-O(n^(3/2)),2649,30.090771558245084,static certificate for the supplied serial binary repeated-squaring architecture; not a lower bound for Regev-style factoring,1747684,1322,1748345,2645,FAILS_REGEV_COMPLEXITY_FIDELITY
Theta(n^3 log2(n)),80.0,1324,26,cover_2n,662,1.001510574018127,False,51,0.03891909276600986,1755624,1326,68250,30,soft-O(n^(3/2)),2651,30.045317220543808,static certificate for the supplied serial binary repeated-squaring architecture; not a lower bound for Regev-style factoring,1752976,1324,1753638,2649,FAILS_REGEV_COMPLEXITY_FIDELITY
Theta(n^3 log2(n)),80.0,1326,26,cover_2n,663,1.0,False,51,0.03880180040353873,1758276,1326,68250,30,soft-O(n^(3/2)),2653,30.0,static certificate for the supplied serial binary repeated-squaring architecture; not a lower bound for Regev-style factoring,1758276,1326,1758939,2653,FAILS_REGEV_COMPLEXITY_FIDELITY
Theta(n^3 log2(n)),80.0,1328,26,cover_2n,664,1.0180722891566265,False,52,0.040232438976833186,1795456,1352,70980,30,soft-O(n^(3/2)),2681,30.542168674698797,static certificate for the supplied serial binary repeated-squaring architecture; not a lower bound for Regev-style factoring,1763584,1328,1764248,2657,FAILS_REGEV_COMPLEXITY_FIDELITY
Theta(n^3 log2(n)),80.0,1330,26,cover_2n,665,1.0165413533834586,False,52,0.0401115528392571,1798160,1352,70980,30,soft-O(n^(3/2)),2683,30.49624060150376,static certificate for the supplied serial binary repeated-squaring architecture; not a lower bound for Regev-style factoring,1768900,1330,1769565,2661,FAILS_REGEV_COMPLEXITY_FIDELITY
Theta(n^3 log2(n)),80.0,1332,26,cover_2n,666,1.015015015015015,False,52,0.03999121072291804,1800864,1352,70980,30,soft-O(n^(3/2)),2685,30.45045045045045,static certificate for the supplied serial binary repeated-squaring architecture; not a lower bound for Regev-style factoring,1774224,1332,1774890,2665,FAILS_REGEV_COMPLEXITY_FIDELITY
Theta(n^3 log2(n)),80.0,1334,26,cover_2n,667,1.0134932533733134,False,52,0.03987140936837688,1803568,1352,70980,30,soft-O(n^(3/2)),2687,30.4047976011994,static certificate for the supplied serial binary repeated-squaring architecture; not a lower bound for Regev-style factoring,1779556,1334,1780223,2669,FAILS_REGEV_COMPLEXITY_FIDELITY
Theta(n^3 log2(n)),80.0,1336,26,cover_2n,668,1.0119760479041917,False,52,0.0397521455405687,1806272,1352,70980,30,soft-O(n^(3/2)),2689,30.35928143712575,static certificate for the supplied serial binary repeated-squaring architecture; not a lower bound for Regev-style factoring,1784896,1336,1785564,2673,FAILS_REGEV_COMPLEXITY_FIDELITY
Theta(n^3 log2(n)),80.0,1338,26,cover_2n,669,1.0104633781763828,False,52,0.039633416028584306,1808976,1352,70980,30,soft-O(n^(3/2)),2691,30.31390134529148,static certificate for the supplied serial binary repeated-squaring architecture; not a lower bound for Regev-style factoring,1790244,1338,1790913,2677,FAILS_REGEV_COMPLEXITY_FIDELITY
Theta(n^3 log2(n)),80.0,1340,26,cover_2n,670,1.008955223880597,False,52,0.03951521764545419,1811680,1352,70980,30,soft-O(n^(3/2)),2693,30.26865671641791,static certificate for the supplied serial binary repeated-squaring architecture; not a lower bound for Regev-style factoring,1795600,1340,1796270,2681,FAILS_REGEV_COMPLEXITY_FIDELITY
Theta(n^3 log2(n)),80.0,1342,26,cover_2n,671,1.007451564828614,False,52,0.03939754722793463,1814384,1352,70980,30,soft-O(n^(3/2)),2695,30.22354694485842,static certificate for the supplied serial binary repeated-squaring architecture; not a lower bound for Regev-style factoring,1800964,1342,1801635,2685,FAILS_REGEV_COMPLEXITY_FIDELITY
Theta(n^3 log2(n)),80.0,1344,26,cover_2n,672,1.005952380952381,False,52,0.03928040163629602,1817088,1352,70980,30,soft-O(n^(3/2)),2697,30.178571428571427,static certificate for the supplied serial binary repeated-squaring architecture; not a lower bound for Regev-style factoring,1806336,1344,1807008,2689,FAILS_REGEV_COMPLEXITY_FIDELITY
Theta(n^3 log2(n)),80.0,1346,26,cover_2n,673,1.0044576523031203,False,52,0.03916377775411349,1819792,1352,70980,30,soft-O(n^(3/2)),2699,30.13372956909361,static certificate for the supplied serial binary repeated-squaring architecture; not a lower bound for Regev-style factoring,1811716,1346,1812389,2693,FAILS_REGEV_COMPLEXITY_FIDELITY
Theta(n^3 log2(n)),80.0,1348,26,cover_2n,674,1.002967359050445,False,52,0.0390476724880596,1822496,1352,70980,30,soft-O(n^(3/2)),2701,30.089020771513354,static certificate for the supplied serial binary repeated-squaring architecture; not a lower bound for Regev-style factoring,1817104,1348,1817778,2697,FAILS_REGEV_COMPLEXITY_FIDELITY
Theta(n^3 log2(n)),80.0,1350,26,cover_2n,675,1.0014814814814814,False,52,0.0389320827676992,1825200,1352,70980,30,soft-O(n^(3/2)),2703,30.044444444444444,static certificate for the supplied serial binary repeated-squaring architecture; not a lower bound for Regev-style factoring,1822500,1350,1823175,2701,FAILS_REGEV_COMPLEXITY_FIDELITY
Theta(n^3 log2(n)),80.0,1352,26,cover_2n,676,1.0,False,52,0.038817005545286505,1827904,1352,70980,30,soft-O(n^(3/2)),2705,30.0,static certificate for the supplied serial binary repeated-squaring architecture; not a lower bound for Regev-style factoring,1827904,1352,1828580,2705,FAILS_REGEV_COMPLEXITY_FIDELITY
Theta(n^3 log2(n)),80.0,1354,27,cover_2n,677,1.01698670605613,False,51,0.03864518566864759,1864458,1377,70875,31,soft-O(n^(3/2)),2732,31.52658788774003,static certificate for the supplied serial binary repeated-squaring architecture; not a lower bound for Regev-style factoring,1833316,1354,1833993,2709,FAILS_REGEV_COMPLEXITY_FIDELITY
Theta(n^3 log2(n)),80.0,1356,27,cover_2n,678,1.0154867256637168,False,51,0.03853129311835182,1867212,1377,70875,31,soft-O(n^(3/2)),2734,31.48008849557522,static certificate for the supplied serial binary repeated-squaring architecture; not a lower bound for Regev-style factoring,1838736,1356,1839414,2713,FAILS_REGEV_COMPLEXITY_FIDELITY
Theta(n^3 log2(n)),80.0,1358,27,cover_2n,679,1.0139911634756995,False,51,0.03841790331209756,1869966,1377,70875,31,soft-O(n^(3/2)),2736,31.433726067746687,static certificate for the supplied serial binary repeated-squaring architecture; not a lower bound for Regev-style factoring,1844164,1358,1844843,2717,FAILS_REGEV_COMPLEXITY_FIDELITY
Theta(n^3 log2(n)),80.0,1360,27,cover_2n,680,1.0125,False,51,0.03830501329528504,1872720,1377,70875,31,soft-O(n^(3/2)),2738,31.3875,static certificate for the supplied serial binary repeated-squaring architecture; not a lower bound for Regev-style factoring,1849600,1360,1850280,2721,FAILS_REGEV_COMPLEXITY_FIDELITY
Theta(n^3 log2(n)),80.0,1362,27,cover_2n,681,1.0110132158590308,False,51,0.03819262013498767,1875474,1377,70875,31,soft-O(n^(3/2)),2740,31.341409691629956,static certificate for the supplied serial binary repeated-squaring architecture; not a lower bound for Regev-style factoring,1855044,1362,1855725,2725,FAILS_REGEV_COMPLEXITY_FIDELITY
Theta(n^3 log2(n)),80.0,1364,27,cover_2n,682,1.0095307917888563,False,51,0.03808072091976157,1878228,1377,70875,31,soft-O(n^(3/2)),2742,31.295454545454547,static certificate for the supplied serial binary repeated-squaring architecture; not a lower bound for Regev-style factoring,1860496,1364,1861178,2729,FAILS_REGEV_COMPLEXITY_FIDELITY
Theta(n^3 log2(n)),80.0,1366,27,cover_2n,683,1.0080527086383602,False,51,0.03796931275945697,1880982,1377,70875,31,soft-O(n^(3/2)),2744,31.249633967789165,static certificate for the supplied serial binary repeated-squaring architecture; not a lower bound for Regev-style factoring,1865956,1366,1866639,2733,FAILS_REGEV_COMPLEXITY_FIDELITY
Theta(n^3 log2(n)),80.0,1368,27,cover_2n,684,1.006578947368421,False,51,0.037858392785031635,1883736,1377,70875,31,soft-O(n^(3/2)),2746,31.20394736842105,static certificate for the supplied serial binary repeated-squaring architecture; not a lower bound for Regev-style factoring,1871424,1368,1872108,2737,FAILS_REGEV_COMPLEXITY_FIDELITY
Theta(n^3 log2(n)),80.0,1370,27,cover_2n,685,1.005109489051095,False,51,0.037747958148366116,1886490,1377,70875,31,soft-O(n^(3/2)),2748,31.158394160583942,static certificate for the supplied serial binary repeated-squaring architecture; not a lower bound for Regev-style factoring,1876900,1370,1877585,2741,FAILS_REGEV_COMPLEXITY_FIDELITY
Theta(n^3 log2(n)),80.0,1372,27,cover_2n,686,1.0036443148688046,False,51,0.037638006022080964,1889244,1377,70875,31,soft-O(n^(3/2)),2750,31.112973760932945,static certificate for the supplied serial binary repeated-squaring architecture; not a lower bound for Regev-style factoring,1882384,1372,1883070,2745,FAILS_REGEV_COMPLEXITY_FIDELITY
Theta(n^3 log2(n)),80.0,1374,27,cover_2n,687,1.002183406113537,False,51,0.0375285335993557,1891998,1377,70875,31,soft-O(n^(3/2)),2752,31.06768558951965,static certificate for the supplied serial binary repeated-squaring architecture; not a lower bound for Regev-style factoring,1887876,1374,1888563,2749,FAILS_REGEV_COMPLEXITY_FIDELITY
Theta(n^3 log2(n)),80.0,1376,27,cover_2n,688,1.0007267441860466,False,51,0.03741953809374974,1894752,1377,70875,31,soft-O(n^(3/2)),2754,31.02252906976744,static certificate for the supplied serial binary repeated-squaring architecture; not a lower bound for Regev-style factoring,1893376,1376,1894064,2753,FAILS_REGEV_COMPLEXITY_FIDELITY
Theta(n^3 log2(n)),80.0,1378,27,cover_2n,689,1.0188679245283019,False,52,0.03880345740858603,1934712,1404,73710,31,soft-O(n^(3/2)),2783,31.58490566037736,static certificate for the supplied serial binary repeated-squaring architecture; not a lower bound for Regev-style factoring,1898884,1378,1899573,2757,FAILS_REGEV_COMPLEXITY_FIDELITY
Theta(n^3 log2(n)),80.0,1380,27,cover_2n,690,1.017391304347826,False,52,0.03869108546052943,1937520,1404,73710,31,soft-O(n^(3/2)),2785,31.53913043478261,static certificate for the supplied serial binary repeated-squaring architecture; not a lower bound for Regev-style factoring,1904400,1380,1905090,2761,FAILS_REGEV_COMPLEXITY_FIDELITY
Theta(n^3 log2(n)),80.0,1382,27,cover_2n,691,1.015918958031838,False,52,0.0385792009379179,1940328,1404,73710,31,soft-O(n^(3/2)),2787,31.493487698986975,static certificate for the supplied serial binary repeated-squaring architecture; not a lower bound for Regev-style factoring,1909924,1382,1910615,2765,FAILS_REGEV_COMPLEXITY_FIDELITY
Theta(n^3 log2(n)),80.0,1384,27,cover_2n,692,1.0144508670520231,False,52,0.038467801025808025,1943136,1404,73710,31,soft-O(n^(3/2)),2789,31.447976878612717,static certificate for the supplied serial binary repeated-squaring architecture; not a lower bound for Regev-style factoring,1915456,1384,1916148,2769,FAILS_REGEV_COMPLEXITY_FIDELITY
Theta(n^3 log2(n)),80.0,1386,27,cover_2n,693,1.0129870129870129,False,52,0.03835688292954791,1945944,1404,73710,31,soft-O(n^(3/2)),2791,31.4025974025974,static certificate for the supplied serial binary repeated-squaring architecture; not a lower bound for Regev-style factoring,1920996,1386,1921689,2773,FAILS_REGEV_COMPLEXITY_FIDELITY
Theta(n^3 log2(n)),80.0,1388,27,cover_2n,694,1.0115273775216138,False,52,0.03824644387460189,1948752,1404,73710,31,soft-O(n^(3/2)),2793,31.35734870317003,static certificate for the supplied serial binary repeated-squaring architecture; not a lower bound for Regev-style factoring,1926544,1388,1927238,2777,FAILS_REGEV_COMPLEXITY_FIDELITY
Theta(n^3 log2(n)),80.0,1390,27,cover_2n,695,1.0100719424460431,False,52,0.03813648110637703,1951560,1404,73710,31,soft-O(n^(3/2)),2795,31.312230215827338,static certificate for the supplied serial binary repeated-squaring architecture; not a lower bound for Regev-style factoring,1932100,1390,1932795,2781,FAILS_REGEV_COMPLEXITY_FIDELITY
Theta(n^3 log2(n)),80.0,1392,27,cover_2n,696,1.0086206896551724,False,52,0.03802699189005138,1954368,1404,73710,31,soft-O(n^(3/2)),2797,31.267241379310345,static certificate for the supplied serial binary repeated-squaring architecture; not a lower bound for Regev-style factoring,1937664,1392,1938360,2785,FAILS_REGEV_COMPLEXITY_FIDELITY
Theta(n^3 log2(n)),80.0,1394,27,cover_2n,697,1.007173601147776,False,52,0.03791797351040391,1957176,1404,73710,31,soft-O(n^(3/2)),2799,31.222381635581062,static certificate for the supplied serial binary repeated-squaring architecture; not a lower bound for Regev-style factoring,1943236,1394,1943933,2789,FAILS_REGEV_COMPLEXITY_FIDELITY
Theta(n^3 log2(n)),80.0,1396,27,cover_2n,698,1.005730659025788,False,52,0.037809423271646166,1959984,1404,73710,31,soft-O(n^(3/2)),2801,31.177650429799428,static certificate for the supplied serial binary repeated-squaring architecture; not a lower bound for Regev-style factoring,1948816,1396,1949514,2793,FAILS_REGEV_COMPLEXITY_FIDELITY
Theta(n^3 log2(n)),80.0,1398,27,cover_2n,699,1.0042918454935623,False,52,0.03770133849725564,1962792,1404,73710,31,soft-O(n^(3/2)),2803,31.13304721030043,static certificate for the supplied serial binary repeated-squaring architecture; not a lower bound for Regev-style factoring,1954404,1398,1955103,2797,FAILS_REGEV_COMPLEXITY_FIDELITY
Theta(n^3 log2(n)),80.0,1400,27,cover_2n,700,1.002857142857143,False,52,0.037593716529810785,1965600,1404,73710,31,soft-O(n^(3/2)),2805,31.088571428571427,static certificate for the supplied serial binary repeated-squaring architecture; not a lower bound for Regev-style factoring,1960000,1400,1960700,2801,FAILS_REGEV_COMPLEXITY_FIDELITY
Theta(n^3 log2(n)),80.0,1402,27,cover_2n,701,1.0014265335235377,False,52,0.03748655473082762,1968408,1404,73710,31,soft-O(n^(3/2)),2807,31.044222539229672,static certificate for the supplied serial binary repeated-squaring architecture; not a lower bound for Regev-style factoring,1965604,1402,1966305,2805,FAILS_REGEV_COMPLEXITY_FIDELITY
Theta(n^3 log2(n)),80.0,1404,27,cover_2n,702,1.0,False,52,0.037379850480598074,1971216,1404,73710,31,soft-O(n^(3/2)),2809,31.0,static certificate for the supplied serial binary repeated-squaring architecture; not a lower bound for Regev-style factoring,1971216,1404,1971918,2809,FAILS_REGEV_COMPLEXITY_FIDELITY
Theta(n^3 log2(n)),80.0,1406,27,cover_2n,703,1.0177809388335703,False,53,0.03869354788957386,2011986,1431,76518,31,soft-O(n^(3/2)),2838,31.551209103840684,static certificate for the supplied serial binary repeated-squaring architecture; not a lower bound for Regev-style factoring,1976836,1406,1977539,2813,FAILS_REGEV_COMPLEXITY_FIDELITY
Theta(n^3 log2(n)),80.0,1408,27,cover_2n,704,1.0163352272727273,False,53,0.03858372059250653,2014848,1431,76518,31,soft-O(n^(3/2)),2840,31.506392045454547,static certificate for the supplied serial binary repeated-squaring architecture; not a lower bound for Regev-style factoring,1982464,1408,1983168,2817,FAILS_REGEV_COMPLEXITY_FIDELITY
Theta(n^3 log2(n)),80.0,1410,27,cover_2n,705,1.0148936170212766,False,53,0.038474360231395235,2017710,1431,76518,31,soft-O(n^(3/2)),2842,31.461702127659574,static certificate for the supplied serial binary repeated-squaring architecture; not a lower bound for Regev-style factoring,1988100,1410,1988805,2821,FAILS_REGEV_COMPLEXITY_FIDELITY
Theta(n^3 log2(n)),80.0,1412,27,cover_2n,706,1.0134560906515582,False,53,0.03836546416305247,2020572,1431,76518,31,soft-O(n^(3/2)),2844,31.4171388101983,static certificate for the supplied serial binary repeated-squaring architecture; not a lower bound for Regev-style factoring,1993744,1412,1994450,2825,FAILS_REGEV_COMPLEXITY_FIDELITY
Theta(n^3 log2(n)),80.0,1414,27,cover_2n,707,1.012022630834512,False,53,0.03825702976296721,2023434,1431,76518,31,soft-O(n^(3/2)),2846,31.372701555869874,static certificate for the supplied serial binary repeated-squaring architecture; not a lower bound for Regev-style factoring,1999396,1414,2000103,2829,FAILS_REGEV_COMPLEXITY_FIDELITY
Theta(n^3 log2(n)),80.0,1416,27,cover_2n,708,1.0105932203389831,False,53,0.038149054425146725,2026296,1431,76518,31,soft-O(n^(3/2)),2848,31.328389830508474,static certificate for the supplied serial binary repeated-squaring architecture; not a lower bound for Regev-style factoring,2005056,1416,2005764,2833,FAILS_REGEV_COMPLEXITY_FIDELITY
Theta(n^3 log2(n)),80.0,1418,27,cover_2n,709,1.0091678420310297,False,53,0.038041535561960056,2029158,1431,76518,31,soft-O(n^(3/2)),2850,31.284203102961918,static certificate for the supplied serial binary repeated-squaring architecture; not a lower bound for Regev-style factoring,2010724,1418,2011433,2837,FAILS_REGEV_COMPLEXITY_FIDELITY
Theta(n^3 log2(n)),80.0,1420,27,cover_2n,710,1.0077464788732395,False,53,0.037934470603982924,2032020,1431,76518,31,soft-O(n^(3/2)),2852,31.24014084507042,static certificate for the supplied serial binary repeated-squaring architecture; not a lower bound for Regev-style factoring,2016400,1420,2017110,2841,FAILS_REGEV_COMPLEXITY_FIDELITY
Theta(n^3 log2(n)),80.0,1422,27,cover_2n,711,1.0063291139240507,False,53,0.03782785699984428,2034882,1431,76518,31,soft-O(n^(3/2)),2854,31.196202531645568,static certificate for the supplied serial binary repeated-squaring architecture; not a lower bound for Regev-style factoring,2022084,1422,2022795,2845,FAILS_REGEV_COMPLEXITY_FIDELITY
Theta(n^3 log2(n)),80.0,1424,27,cover_2n,712,1.0049157303370786,False,53,0.037721692216074236,2037744,1431,76518,31,soft-O(n^(3/2)),2856,31.152387640449437,static certificate for the supplied serial binary repeated-squaring architecture; not a lower bound for Regev-style factoring,2027776,1424,2028488,2849,FAILS_REGEV_COMPLEXITY_FIDELITY
Theta(n^3 log2(n)),80.0,1426,27,cover_2n,713,1.0035063113604488,False,53,0.03761597373695365,2040606,1431,76518,31,soft-O(n^(3/2)),2858,31.108695652173914,static certificate for the supplied serial binary repeated-squaring architecture; not a lower bound for Regev-style factoring,2033476,1426,2034189,2853,FAILS_REGEV_COMPLEXITY_FIDELITY
Theta(n^3 log2(n)),80.0,1428,27,cover_2n,714,1.0021008403361344,False,53,0.03751069906436498,2043468,1431,76518,31,soft-O(n^(3/2)),2860,31.06512605042017,static certificate for the supplied serial binary repeated-squaring architecture; not a lower bound for Regev-style factoring,2039184,1428,2039898,2857,FAILS_REGEV_COMPLEXITY_FIDELITY
Theta(n^3 log2(n)),80.0,1430,27,cover_2n,715,1.0006993006993008,False,53,0.037405865717644815,2046330,1431,76518,31,soft-O(n^(3/2)),2862,31.021678321678323,static certificate for the supplied serial binary repeated-squaring architecture; not a lower bound for Regev-style factoring,2044900,1430,2045615,2861,FAILS_REGEV_COMPLEXITY_FIDELITY
Theta(n^3 log2(n)),80.0,1432,27,cover_2n,716,1.0181564245810055,False,54,0.038736143203954486,2087856,1458,79461,31,soft-O(n^(3/2)),2891,31.562849162011172,static certificate for the supplied serial binary repeated-squaring architecture; not a lower bound for Regev-style factoring,2050624,1432,2051340,2865,FAILS_REGEV_COMPLEXITY_FIDELITY
Theta(n^3 log2(n)),80.0,1434,27,cover_2n,717,1.0167364016736402,False,54,0.03862818674884168,2090772,1458,79461,31,soft-O(n^(3/2)),2893,31.518828451882847,static certificate for the supplied serial binary repeated-squaring architecture; not a lower bound for Regev-style factoring,2056356,1434,2057073,2869,FAILS_REGEV_COMPLEXITY_FIDELITY
Theta(n^3 log2(n)),80.0,1436,27,cover_2n,718,1.0153203342618384,False,54,0.0385206809726907,2093688,1458,79461,31,soft-O(n^(3/2)),2895,31.474930362116993,static certificate for the supplied serial binary repeated-squaring architecture; not a lower bound for Regev-style factoring,2062096,1436,2062814,2873,FAILS_REGEV_COMPLEXITY_FIDELITY
Theta(n^3 log2(n)),80.0,1438,27,cover_2n,719,1.0139082058414464,False,54,0.03841362337042672,2096604,1458,79461,31,soft-O(n^(3/2)),2897,31.43115438108484,static certificate for the supplied serial binary repeated-squaring architecture; not a lower bound for Regev-style factoring,2067844,1438,2068563,2877,FAILS_REGEV_COMPLEXITY_FIDELITY
Theta(n^3 log2(n)),80.0,1440,27,cover_2n,720,1.0125,False,54,0.038307011454356124,2099520,1458,79461,31,soft-O(n^(3/2)),2899,31.3875,static certificate for the supplied serial binary repeated-squaring architecture; not a lower bound for Regev-style factoring,2073600,1440,2074320,2881,FAILS_REGEV_COMPLEXITY_FIDELITY
Theta(n^3 log2(n)),80.0,1442,27,cover_2n,721,1.0110957004160888,False,54,0.03820084275402207,2102436,1458,79461,31,soft-O(n^(3/2)),2901,31.34396671289875,static certificate for the supplied serial binary repeated-squaring architecture; not a lower bound for Regev-style factoring,2079364,1442,2080085,2885,FAILS_REGEV_COMPLEXITY_FIDELITY
Theta(n^3 log2(n)),80.0,1444,27,cover_2n,722,1.0096952908587258,False,54,0.0380951148160613,2105352,1458,79461,31,soft-O(n^(3/2)),2903,31.3005540166205,static certificate for the supplied serial binary repeated-squaring architecture; not a lower bound for Regev-style factoring,2085136,1444,2085858,2889,FAILS_REGEV_COMPLEXITY_FIDELITY
Theta(n^3 log2(n)),80.0,1446,27,cover_2n,723,1.008298755186722,False,54,0.03798982520406246,2108268,1458,79461,31,soft-O(n^(3/2)),2905,31.25726141078838,static certificate for the supplied serial binary repeated-squaring architecture; not a lower bound for Regev-style factoring,2090916,1446,2091639,2893,FAILS_REGEV_COMPLEXITY_FIDELITY
Theta(n^3 log2(n)),80.0,1448,27,cover_2n,724,1.0069060773480663,False,54,0.03788497149842569,2111184,1458,79461,31,soft-O(n^(3/2)),2907,31.214088397790054,static certificate for the supplied serial binary repeated-squaring architecture; not a lower bound for Regev-style factoring,2096704,1448,2097428,2897,FAILS_REGEV_COMPLEXITY_FIDELITY
Theta(n^3 log2(n)),80.0,1450,27,cover_2n,725,1.0055172413793103,False,54,0.03778055129622366,2114100,1458,79461,31,soft-O(n^(3/2)),2909,31.17103448275862,static certificate for the supplied serial binary repeated-squaring architecture; not a lower bound for Regev-style factoring,2102500,1450,2103225,2901,FAILS_REGEV_COMPLEXITY_FIDELITY
Theta(n^3 log2(n)),80.0,1452,27,cover_2n,726,1.0041322314049588,False,54,0.03767656221106385,2117016,1458,79461,31,soft-O(n^(3/2)),2911,31.128099173553718,static certificate for the supplied serial binary repeated-squaring architecture; not a lower bound for Regev-style factoring,2108304,1452,2109030,2905,FAILS_REGEV_COMPLEXITY_FIDELITY
Theta(n^3 log2(n)),80.0,1454,27,cover_2n,727,1.0027510316368637,False,54,0.03757300187295227,2119932,1458,79461,31,soft-O(n^(3/2)),2913,31.085281980742778,static certificate for the supplied serial binary repeated-squaring architecture; not a lower bound for Regev-style factoring,2114116,1454,2114843,2909,FAILS_REGEV_COMPLEXITY_FIDELITY
Theta(n^3 log2(n)),80.0,1456,27,cover_2n,728,1.0013736263736264,False,54,0.03746986792815835,2122848,1458,79461,31,soft-O(n^(3/2)),2915,31.042582417582416,static certificate for the supplied serial binary repeated-squaring architecture; not a lower bound for Regev-style factoring,2119936,1456,2120664,2913,FAILS_REGEV_COMPLEXITY_FIDELITY
Theta(n^3 log2(n)),80.0,1458,27,cover_2n,729,1.0,False,54,0.03736715803908125,2125764,1458,79461,31,soft-O(n^(3/2)),2917,31.0,static certificate for the supplied serial binary repeated-squaring architecture; not a lower bound for Regev-style factoring,2125764,1458,2126493,2917,FAILS_REGEV_COMPLEXITY_FIDELITY
Theta(n^3 log2(n)),80.0,1460,28,cover_2n,730,1.0164383561643835,False,53,0.03721375209278113,2166640,1484,79352,32,soft-O(n^(3/2)),2945,32.52602739726027,static certificate for the supplied serial binary repeated-squaring architecture; not a lower bound for Regev-style factoring,2131600,1460,2132330,2921,FAILS_REGEV_COMPLEXITY_FIDELITY
Theta(n^3 log2(n)),80.0,1462,28,cover_2n,731,1.015047879616963,False,53,0.03711202310381517,2169608,1484,79352,32,soft-O(n^(3/2)),2947,32.48153214774282,static certificate for the supplied serial binary repeated-squaring architecture; not a lower bound for Regev-style factoring,2137444,1462,2138175,2925,FAILS_REGEV_COMPLEXITY_FIDELITY
Theta(n^3 log2(n)),80.0,1464,28,cover_2n,732,1.0136612021857923,False,53,0.037010710681017224,2172576,1484,79352,32,soft-O(n^(3/2)),2949,32.43715846994535,static certificate for the supplied serial binary repeated-squaring architecture; not a lower bound for Regev-style factoring,2143296,1464,2144028,2929,FAILS_REGEV_COMPLEXITY_FIDELITY
Theta(n^3 log2(n)),80.0,1466,28,cover_2n,733,1.0122783083219646,False,53,0.03690981255311321,2175544,1484,79352,32,soft-O(n^(3/2)),2951,32.39290586630287,static certificate for the supplied serial binary repeated-squaring architecture; not a lower bound for Regev-style factoring,2149156,1466,2149889,2933,FAILS_REGEV_COMPLEXITY_FIDELITY
Theta(n^3 log2(n)),80.0,1468,28,cover_2n,734,1.0108991825613078,False,53,0.03680932646428774,2178512,1484,79352,32,soft-O(n^(3/2)),2953,32.34877384196185,static certificate for the supplied serial binary repeated-squaring architecture; not a lower bound for Regev-style factoring,2155024,1468,2155758,2937,FAILS_REGEV_COMPLEXITY_FIDELITY
Theta(n^3 log2(n)),80.0,1470,28,cover_2n,735,1.0095238095238095,False,53,0.036709250174058065,2181480,1484,79352,32,soft-O(n^(3/2)),2955,32.304761904761904,static certificate for the supplied serial binary repeated-squaring architecture; not a lower bound for Regev-style factoring,2160900,1470,2161635,2941,FAILS_REGEV_COMPLEXITY_FIDELITY
Theta(n^3 log2(n)),80.0,1472,28,cover_2n,736,1.0081521739130435,False,53,0.03660958145714918,2184448,1484,79352,32,soft-O(n^(3/2)),2957,32.26086956521739,static certificate for the supplied serial binary repeated-squaring architecture; not a lower bound for Regev-style factoring,2166784,1472,2167520,2945,FAILS_REGEV_COMPLEXITY_FIDELITY
Theta(n^3 log2(n)),80.0,1474,28,cover_2n,737,1.0067842605156039,False,53,0.03651031810337014,2187416,1484,79352,32,soft-O(n^(3/2)),2959,32.217096336499324,static certificate for the supplied serial binary repeated-squaring architecture; not a lower bound for Regev-style factoring,2172676,1474,2173413,2949,FAILS_REGEV_COMPLEXITY_FIDELITY
Theta(n^3 log2(n)),80.0,1476,28,cover_2n,738,1.005420054200542,False,53,0.036411457917491466,2190384,1484,79352,32,soft-O(n^(3/2)),2961,32.173441734417345,static certificate for the supplied serial binary repeated-squaring architecture; not a lower bound for Regev-style factoring,2178576,1476,2179314,2953,FAILS_REGEV_COMPLEXITY_FIDELITY
Theta(n^3 log2(n)),80.0,1478,28,cover_2n,739,1.0040595399188093,False,53,0.036312998719123864,2193352,1484,79352,32,soft-O(n^(3/2)),2963,32.129905277401896,static certificate for the supplied serial binary repeated-squaring architecture; not a lower bound for Regev-style factoring,2184484,1478,2185223,2957,FAILS_REGEV_COMPLEXITY_FIDELITY
Theta(n^3 log2(n)),80.0,1480,28,cover_2n,740,1.0027027027027027,False,53,0.03621493834259792,2196320,1484,79352,32,soft-O(n^(3/2)),2965,32.086486486486486,static certificate for the supplied serial binary repeated-squaring architecture; not a lower bound for Regev-style factoring,2190400,1480,2191140,2961,FAILS_REGEV_COMPLEXITY_FIDELITY
Theta(n^3 log2(n)),80.0,1482,28,cover_2n,741,1.001349527665317,False,53,0.03611727463684506,2199288,1484,79352,32,soft-O(n^(3/2)),2967,32.043184885290145,static certificate for the supplied serial binary repeated-squaring architecture; not a lower bound for Regev-style factoring,2196324,1482,2197065,2965,FAILS_REGEV_COMPLEXITY_FIDELITY
Theta(n^3 log2(n)),80.0,1484,28,cover_2n,742,1.0,False,53,0.036020005465279586,2202256,1484,79352,32,soft-O(n^(3/2)),2969,32.0,static certificate for the supplied serial binary repeated-squaring architecture; not a lower bound for Regev-style factoring,2202256,1484,2202998,2969,FAILS_REGEV_COMPLEXITY_FIDELITY
Theta(n^3 log2(n)),80.0,1486,28,cover_2n,743,1.0174966352624495,False,54,0.037304787502054154,2246832,1512,82404,32,soft-O(n^(3/2)),2999,32.559892328398384,static certificate for the supplied serial binary repeated-squaring architecture; not a lower bound for Regev-style factoring,2208196,1486,2208939,2973,FAILS_REGEV_COMPLEXITY_FIDELITY
Theta(n^3 log2(n)),80.0,1488,28,cover_2n,744,1.0161290322580645,False,54,0.037204590028931485,2249856,1512,82404,32,soft-O(n^(3/2)),3001,32.516129032258064,static certificate for the supplied serial binary repeated-squaring architecture; not a lower bound for Regev-style factoring,2214144,1488,2214888,2977,FAILS_REGEV_COMPLEXITY_FIDELITY
Theta(n^3 log2(n)),80.0,1490,28,cover_2n,745,1.014765100671141,False,54,0.0371047956971333,2252880,1512,82404,32,soft-O(n^(3/2)),3003,32.47248322147651,static certificate for the supplied serial binary repeated-squaring architecture; not a lower bound for Regev-style factoring,2220100,1490,2220845,2981,FAILS_REGEV_COMPLEXITY_FIDELITY
Theta(n^3 log2(n)),80.0,1492,28,cover_2n,746,1.0134048257372654,False,54,0.03700540234685492,2255904,1512,82404,32,soft-O(n^(3/2)),3005,32.428954423592494,static certificate for the supplied serial binary repeated-squaring architecture; not a lower bound for Regev-style factoring,2226064,1492,2226810,2985,FAILS_REGEV_COMPLEXITY_FIDELITY
Theta(n^3 log2(n)),80.0,1494,28,cover_2n,747,1.0120481927710843,False,54,0.0369064078327361,2258928,1512,82404,32,soft-O(n^(3/2)),3007,32.3855421686747,static certificate for the supplied serial binary repeated-squaring architecture; not a lower bound for Regev-style factoring,2232036,1494,2232783,2989,FAILS_REGEV_COMPLEXITY_FIDELITY
Theta(n^3 log2(n)),80.0,1496,28,cover_2n,748,1.0106951871657754,False,54,0.036807810023745245,2261952,1512,82404,32,soft-O(n^(3/2)),3009,32.342245989304814,static certificate for the supplied serial binary repeated-squaring architecture; not a lower bound for Regev-style factoring,2238016,1496,2238764,2993,FAILS_REGEV_COMPLEXITY_FIDELITY
Theta(n^3 log2(n)),80.0,1498,28,cover_2n,749,1.0093457943925233,False,54,0.036709606803064745,2264976,1512,82404,32,soft-O(n^(3/2)),3011,32.299065420560744,static certificate for the supplied serial binary repeated-squaring architecture; not a lower bound for Regev-style factoring,2244004,1498,2244753,2997,FAILS_REGEV_COMPLEXITY_FIDELITY
Theta(n^3 log2(n)),80.0,1500,28,cover_2n,750,1.008,False,54,0.03661179606797734,2268000,1512,82404,32,soft-O(n^(3/2)),3013,32.256,static certificate for the supplied serial binary repeated-squaring architecture; not a lower bound for Regev-style factoring,2250000,1500,2250750,3001,FAILS_REGEV_COMPLEXITY_FIDELITY
Theta(n^3 log2(n)),80.0,1502,28,cover_2n,751,1.0066577896138482,False,54,0.036514375729753565,2271024,1512,82404,32,soft-O(n^(3/2)),3015,32.21304926764314,static certificate for the supplied serial binary repeated-squaring architecture; not a lower bound for Regev-style factoring,2256004,1502,2256755,3005,FAILS_REGEV_COMPLEXITY_FIDELITY
Theta(n^3 log2(n)),80.0,1504,28,cover_2n,752,1.0053191489361701,False,54,0.03641734371354023,2274048,1512,82404,32,soft-O(n^(3/2)),3017,32.170212765957444,static certificate for the supplied serial binary repeated-squaring architecture; not a lower bound for Regev-style factoring,2262016,1504,2262768,3009,FAILS_REGEV_COMPLEXITY_FIDELITY
Theta(n^3 log2(n)),80.0,1506,28,cover_2n,753,1.00398406374502,False,54,0.03632069795824997,2277072,1512,82404,32,soft-O(n^(3/2)),3019,32.12749003984064,static certificate for the supplied serial binary repeated-squaring architecture; not a lower bound for Regev-style factoring,2268036,1506,2268789,3013,FAILS_REGEV_COMPLEXITY_FIDELITY
Theta(n^3 log2(n)),80.0,1508,28,cover_2n,754,1.0026525198938991,False,54,0.036224436416451775,2280096,1512,82404,32,soft-O(n^(3/2)),3021,32.08488063660477,static certificate for the supplied serial binary repeated-squaring architecture; not a lower bound for Regev-style factoring,2274064,1508,2274818,3017,FAILS_REGEV_COMPLEXITY_FIDELITY
Theta(n^3 log2(n)),80.0,1510,28,cover_2n,755,1.0013245033112583,False,54,0.036128557054262544,2283120,1512,82404,32,soft-O(n^(3/2)),3023,32.04238410596027,static certificate for the supplied serial binary repeated-squaring architecture; not a lower bound for Regev-style factoring,2280100,1510,2280855,3021,FAILS_REGEV_COMPLEXITY_FIDELITY
Theta(n^3 log2(n)),80.0,1512,28,cover_2n,756,1.0,False,54,0.03603305785123967,2286144,1512,82404,32,soft-O(n^(3/2)),3025,32.0,static certificate for the supplied serial binary repeated-squaring architecture; not a lower bound for Regev-style factoring,2286144,1512,2286900,3025,FAILS_REGEV_COMPLEXITY_FIDELITY
Theta(n^3 log2(n)),80.0,1514,28,cover_2n,757,1.0171730515191546,False,55,0.037256760169092,2331560,1540,85428,32,soft-O(n^(3/2)),3055,32.54953764861295,static certificate for the supplied serial binary repeated-squaring architecture; not a lower bound for Regev-style factoring,2292196,1514,2292953,3029,FAILS_REGEV_COMPLEXITY_FIDELITY
Theta(n^3 log2(n)),80.0,1516,28,cover_2n,758,1.0158311345646438,False,55,0.03715853839950518,2334640,1540,85428,32,soft-O(n^(3/2)),3057,32.5065963060686,static certificate for the supplied serial binary repeated-squaring architecture; not a lower bound for Regev-style factoring,2298256,1516,2299014,3033,FAILS_REGEV_COMPLEXITY_FIDELITY
Theta(n^3 log2(n)),80.0,1518,28,cover_2n,759,1.0144927536231885,False,55,0.03706070453862182,2337720,1540,85428,32,soft-O(n^(3/2)),3059,32.46376811594203,static certificate for the supplied serial binary repeated-squaring architecture; not a lower bound for Regev-style factoring,2304324,1518,2305083,3037,FAILS_REGEV_COMPLEXITY_FIDELITY
Theta(n^3 log2(n)),80.0,1520,28,cover_2n,760,1.013157894736842,False,55,0.03696325654649613,2340800,1540,85428,32,soft-O(n^(3/2)),3061,32.421052631578945,static certificate for the supplied serial binary repeated-squaring architecture; not a lower bound for Regev-style factoring,2310400,1520,2311160,3041,FAILS_REGEV_COMPLEXITY_FIDELITY
Theta(n^3 log2(n)),80.0,1522,28,cover_2n,761,1.011826544021025,False,55,0.03686619239657438,2343880,1540,85428,32,soft-O(n^(3/2)),3063,32.3784494086728,static certificate for the supplied serial binary repeated-squaring architecture; not a lower bound for Regev-style factoring,2316484,1522,2317245,3045,FAILS_REGEV_COMPLEXITY_FIDELITY
Theta(n^3 log2(n)),80.0,1524,28,cover_2n,762,1.010498687664042,False,55,0.03676951007558952,2346960,1540,85428,32,soft-O(n^(3/2)),3065,32.335958005249346,static certificate for the supplied serial binary repeated-squaring architecture; not a lower bound for Regev-style factoring,2322576,1524,2323338,3049,FAILS_REGEV_COMPLEXITY_FIDELITY
Theta(n^3 log2(n)),80.0,1526,28,cover_2n,763,1.0091743119266054,False,55,0.03667320758345679,2350040,1540,85428,32,soft-O(n^(3/2)),3067,32.293577981651374,static certificate for the supplied serial binary repeated-squaring architecture; not a lower bound for Regev-style factoring,2328676,1526,2329439,3053,FAILS_REGEV_COMPLEXITY_FIDELITY
Theta(n^3 log2(n)),80.0,1528,28,cover_2n,764,1.0078534031413613,False,55,0.03657728293317029,2353120,1540,85428,32,soft-O(n^(3/2)),3069,32.25130890052356,static certificate for the supplied serial binary repeated-squaring architecture; not a lower bound for Regev-style factoring,2334784,1528,2335548,3057,FAILS_REGEV_COMPLEXITY_FIDELITY
Theta(n^3 log2(n)),80.0,1530,28,cover_2n,765,1.0065359477124183,False,55,0.03648173415070046,2356200,1540,85428,32,soft-O(n^(3/2)),3071,32.209150326797385,static certificate for the supplied serial binary repeated-squaring architecture; not a lower bound for Regev-style factoring,2340900,1530,2341665,3061,FAILS_REGEV_COMPLEXITY_FIDELITY
Theta(n^3 log2(n)),80.0,1532,28,cover_2n,766,1.0052219321148825,False,55,0.03638655927489256,2359280,1540,85428,32,soft-O(n^(3/2)),3073,32.16710182767624,static certificate for the supplied serial binary repeated-squaring architecture; not a lower bound for Regev-style factoring,2347024,1532,2347790,3065,FAILS_REGEV_COMPLEXITY_FIDELITY
Theta(n^3 log2(n)),80.0,1534,28,cover_2n,767,1.0039113428943938,False,55,0.03629175635736598,2362360,1540,85428,32,soft-O(n^(3/2)),3075,32.1251629726206,static certificate for the supplied serial binary repeated-squaring architecture; not a lower bound for Regev-style factoring,2353156,1534,2353923,3069,FAILS_REGEV_COMPLEXITY_FIDELITY
Theta(n^3 log2(n)),80.0,1536,28,cover_2n,768,1.0026041666666667,False,55,0.036197323462414575,2365440,1540,85428,32,soft-O(n^(3/2)),3077,32.083333333333336,static certificate for the supplied serial binary repeated-squaring architecture; not a lower bound for Regev-style factoring,2359296,1536,2360064,3073,FAILS_REGEV_COMPLEXITY_FIDELITY
Theta(n^3 log2(n)),80.0,1538,28,cover_2n,769,1.0013003901170352,False,55,0.03610325866690784,2368520,1540,85428,32,soft-O(n^(3/2)),3079,32.041612483745126,static certificate for the supplied serial binary repeated-squaring architecture; not a lower bound for Regev-style factoring,2365444,1538,2366213,3077,FAILS_REGEV_COMPLEXITY_FIDELITY
Theta(n^3 log2(n)),80.0,1540,28,cover_2n,770,1.0,False,55,0.03600956006019297,2371600,1540,85428,32,soft-O(n^(3/2)),3081,32.0,static certificate for the supplied serial binary repeated-squaring architecture; not a lower bound for Regev-style factoring,2371600,1540,2372370,3081,FAILS_REGEV_COMPLEXITY_FIDELITY
Theta(n^3 log2(n)),80.0,1542,28,cover_2n,771,1.0168612191958495,False,56,0.037246456327108914,2417856,1568,88592,32,soft-O(n^(3/2)),3111,32.539559014267184,static certificate for the supplied serial binary repeated-squaring architecture; not a lower bound for Regev-style factoring,2377764,1542,2378535,3085,FAILS_REGEV_COMPLEXITY_FIDELITY
Theta(n^3 log2(n)),80.0,1544,28,cover_2n,772,1.0155440414507773,False,56,0.0371500410113104,2420992,1568,88592,32,soft-O(n^(3/2)),3113,32.49740932642487,static certificate for the supplied serial binary repeated-squaring architecture; not a lower bound for Regev-style factoring,2383936,1544,2384708,3089,FAILS_REGEV_COMPLEXITY_FIDELITY
Theta(n^3 log2(n)),80.0,1546,28,cover_2n,773,1.0142302716688227,False,56,0.03705399957923601,2424128,1568,88592,32,soft-O(n^(3/2)),3115,32.45536869340233,static certificate for the supplied serial binary repeated-squaring architecture; not a lower bound for Regev-style factoring,2390116,1546,2390889,3093,FAILS_REGEV_COMPLEXITY_FIDELITY
Theta(n^3 log2(n)),80.0,1548,28,cover_2n,774,1.0129198966408268,False,56,0.03695833010023036,2427264,1568,88592,32,soft-O(n^(3/2)),3117,32.41343669250646,static certificate for the supplied serial binary repeated-squaring architecture; not a lower bound for Regev-style factoring,2396304,1548,2397078,3097,FAILS_REGEV_COMPLEXITY_FIDELITY
Theta(n^3 log2(n)),80.0,1550,28,cover_2n,775,1.0116129032258065,False,56,0.03686303065608389,2430400,1568,88592,32,soft-O(n^(3/2)),3119,32.37161290322581,static certificate for the supplied serial binary repeated-squaring architecture; not a lower bound for Regev-style factoring,2402500,1550,2403275,3101,FAILS_REGEV_COMPLEXITY_FIDELITY
Theta(n^3 log2(n)),80.0,1552,28,cover_2n,776,1.0103092783505154,False,56,0.03676809934093663,2433536,1568,88592,32,soft-O(n^(3/2)),3121,32.329896907216494,static certificate for the supplied serial binary repeated-squaring architecture; not a lower bound for Regev-style factoring,2408704,1552,2409480,3105,FAILS_REGEV_COMPLEXITY_FIDELITY
Theta(n^3 log2(n)),80.0,1554,28,cover_2n,777,1.009009009009009,False,56,0.03667353426118302,2436672,1568,88592,32,soft-O(n^(3/2)),3123,32.288288288288285,static certificate for the supplied serial binary repeated-squaring architecture; not a lower bound for Regev-style factoring,2414916,1554,2415693,3109,FAILS_REGEV_COMPLEXITY_FIDELITY
Theta(n^3 log2(n)),80.0,1556,28,cover_2n,778,1.0077120822622108,False,56,0.036579333535377394,2439808,1568,88592,32,soft-O(n^(3/2)),3125,32.246786632390744,static certificate for the supplied serial binary repeated-squaring architecture; not a lower bound for Regev-style factoring,2421136,1556,2421914,3113,FAILS_REGEV_COMPLEXITY_FIDELITY
Theta(n^3 log2(n)),80.0,1558,28,cover_2n,779,1.006418485237484,False,56,0.03648549529414042,2442944,1568,88592,32,soft-O(n^(3/2)),3127,32.20539152759949,static certificate for the supplied serial binary repeated-squaring architecture; not a lower bound for Regev-style factoring,2427364,1558,2428143,3117,FAILS_REGEV_COMPLEXITY_FIDELITY
Theta(n^3 log2(n)),80.0,1560,28,cover_2n,780,1.005128205128205,False,56,0.036392017680066384,2446080,1568,88592,32,soft-O(n^(3/2)),3129,32.16410256410256,static certificate for the supplied serial binary repeated-squaring architecture; not a lower bound for Regev-style factoring,2433600,1560,2434380,3121,FAILS_REGEV_COMPLEXITY_FIDELITY
Theta(n^3 log2(n)),80.0,1562,28,cover_2n,781,1.0038412291933418,False,56,0.03629889884763124,2449216,1568,88592,32,soft-O(n^(3/2)),3131,32.12291933418694,static certificate for the supplied serial binary repeated-squaring architecture; not a lower bound for Regev-style factoring,2439844,1562,2440625,3125,FAILS_REGEV_COMPLEXITY_FIDELITY
Theta(n^3 log2(n)),80.0,1564,28,cover_2n,782,1.0025575447570332,False,56,0.03620613696310155,2452352,1568,88592,32,soft-O(n^(3/2)),3133,32.08184143222506,static certificate for the supplied serial binary repeated-squaring architecture; not a lower bound for Regev-style factoring,2446096,1564,2446878,3129,FAILS_REGEV_COMPLEXITY_FIDELITY
Theta(n^3 log2(n)),80.0,1566,28,cover_2n,783,1.0012771392081736,False,56,0.03611373020444418,2455488,1568,88592,32,soft-O(n^(3/2)),3135,32.040868454661556,static certificate for the supplied serial binary repeated-squaring architecture; not a lower bound for Regev-style factoring,2452356,1566,2453139,3133,FAILS_REGEV_COMPLEXITY_FIDELITY
Theta(n^3 log2(n)),80.0,1568,28,cover_2n,784,1.0,False,56,0.036021676761236854,2458624,1568,88592,32,soft-O(n^(3/2)),3137,32.0,static certificate for the supplied serial binary repeated-squaring architecture; not a lower bound for Regev-style factoring,2458624,1568,2459408,3137,FAILS_REGEV_COMPLEXITY_FIDELITY
Theta(n^3 log2(n)),80.0,1570,29,cover_2n,785,1.015923566878981,False,55,0.035884145785045535,2504150,1595,88479,33,soft-O(n^(3/2)),3166,33.52547770700637,static certificate for the supplied serial binary repeated-squaring architecture; not a lower bound for Regev-style factoring,2464900,1570,2465685,3141,FAILS_REGEV_COMPLEXITY_FIDELITY
Theta(n^3 log2(n)),80.0,1572,29,cover_2n,786,1.0146310432569974,False,55,0.03579291010813238,2507340,1595,88479,33,soft-O(n^(3/2)),3168,33.482824427480914,static certificate for the supplied serial binary repeated-squaring architecture; not a lower bound for Regev-style factoring,2471184,1572,2471970,3145,FAILS_REGEV_COMPLEXITY_FIDELITY
Theta(n^3 log2(n)),80.0,1574,29,cover_2n,787,1.0133418043202034,False,55,0.035702021940367104,2510530,1595,88479,33,soft-O(n^(3/2)),3170,33.44027954256671,static certificate for the supplied serial binary repeated-squaring architecture; not a lower bound for Regev-style factoring,2477476,1574,2478263,3149,FAILS_REGEV_COMPLEXITY_FIDELITY
Theta(n^3 log2(n)),80.0,1576,29,cover_2n,788,1.0120558375634519,False,55,0.035611479519142994,2513720,1595,88479,33,soft-O(n^(3/2)),3172,33.39784263959391,static certificate for the supplied serial binary repeated-squaring architecture; not a lower bound for Regev-style factoring,2483776,1576,2484564,3153,FAILS_REGEV_COMPLEXITY_FIDELITY
Theta(n^3 log2(n)),80.0,1578,29,cover_2n,789,1.0107731305449936,False,55,0.035521281093014376,2516910,1595,88479,33,soft-O(n^(3/2)),3174,33.35551330798479,static certificate for the supplied serial binary repeated-squaring architecture; not a lower bound for Regev-style factoring,2490084,1578,2490873,3157,FAILS_REGEV_COMPLEXITY_FIDELITY
Theta(n^3 log2(n)),80.0,1580,29,cover_2n,790,1.009493670886076,False,55,0.035431424921611894,2520100,1595,88479,33,soft-O(n^(3/2)),3176,33.313291139240505,static certificate for the supplied serial binary repeated-squaring architecture; not a lower bound for Regev-style factoring,2496400,1580,2497190,3161,FAILS_REGEV_COMPLEXITY_FIDELITY
Theta(n^3 log2(n)),80.0,1582,29,cover_2n,791,1.0082174462705435,False,55,0.03534190927555857,2523290,1595,88479,33,soft-O(n^(3/2)),3178,33.271175726927936,static certificate for the supplied serial binary repeated-squaring architecture; not a lower bound for Regev-style factoring,2502724,1582,2503515,3165,FAILS_REGEV_COMPLEXITY_FIDELITY
Theta(n^3 log2(n)),80.0,1584,29,cover_2n,792,1.0069444444444444,False,55,0.03525273243638659,2526480,1595,88479,33,soft-O(n^(3/2)),3180,33.229166666666664,static certificate for the supplied serial binary repeated-squaring architecture; not a lower bound for Regev-style factoring,2509056,1584,2509848,3169,FAILS_REGEV_COMPLEXITY_FIDELITY
Theta(n^3 log2(n)),80.0,1586,29,cover_2n,793,1.0056746532156369,False,55,0.03516389269645484,2529670,1595,88479,33,soft-O(n^(3/2)),3182,33.187263556116015,static certificate for the supplied serial binary repeated-squaring architecture; not a lower bound for Regev-style factoring,2515396,1586,2516189,3173,FAILS_REGEV_COMPLEXITY_FIDELITY
Theta(n^3 log2(n)),80.0,1588,29,cover_2n,794,1.0044080604534005,False,55,0.03507538835886714,2532860,1595,88479,33,soft-O(n^(3/2)),3184,33.145465994962215,static certificate for the supplied serial binary repeated-squaring architecture; not a lower bound for Regev-style factoring,2521744,1588,2522538,3177,FAILS_REGEV_COMPLEXITY_FIDELITY
Theta(n^3 log2(n)),80.0,1590,29,cover_2n,795,1.0031446540880504,False,55,0.03498721773739123,2536050,1595,88479,33,soft-O(n^(3/2)),3186,33.10377358490566,static certificate for the supplied serial binary repeated-squaring architecture; not a lower bound for Regev-style factoring,2528100,1590,2528895,3181,FAILS_REGEV_COMPLEXITY_FIDELITY
Theta(n^3 log2(n)),80.0,1592,29,cover_2n,796,1.0018844221105527,False,55,0.03489937915637844,2539240,1595,88479,33,soft-O(n^(3/2)),3188,33.062185929648244,static certificate for the supplied serial binary repeated-squaring architecture; not a lower bound for Regev-style factoring,2534464,1592,2535260,3185,FAILS_REGEV_COMPLEXITY_FIDELITY
Theta(n^3 log2(n)),80.0,1594,29,cover_2n,797,1.0006273525721456,False,55,0.03481187095068407,2542430,1595,88479,33,soft-O(n^(3/2)),3190,33.020702634880806,static certificate for the supplied serial binary repeated-squaring architecture; not a lower bound for Regev-style factoring,2540836,1594,2541633,3189,FAILS_REGEV_COMPLEXITY_FIDELITY
Theta(n^3 log2(n)),80.0,1596,29,cover_2n,798,1.0175438596491229,False,56,0.03601079114949918,2591904,1624,91756,33,soft-O(n^(3/2)),3221,33.578947368421055,static certificate for the supplied serial binary repeated-squaring architecture; not a lower bound for Regev-style factoring,2547216,1596,2548014,3193,FAILS_REGEV_COMPLEXITY_FIDELITY
Theta(n^3 log2(n)),80.0,1598,29,cover_2n,799,1.016270337922403,False,56,0.03592072198474555,2595152,1624,91756,33,soft-O(n^(3/2)),3223,33.5369211514393,static certificate for the supplied serial binary repeated-squaring architecture; not a lower bound for Regev-style factoring,2553604,1598,2554403,3197,FAILS_REGEV_COMPLEXITY_FIDELITY
Theta(n^3 log2(n)),80.0,1600,29,cover_2n,800,1.015,False,56,0.0358309903155264,2598400,1624,91756,33,soft-O(n^(3/2)),3225,33.495,static certificate for the supplied serial binary repeated-squaring architecture; not a lower bound for Regev-style factoring,2560000,1600,2560800,3201,FAILS_REGEV_COMPLEXITY_FIDELITY
Theta(n^3 log2(n)),80.0,1602,29,cover_2n,801,1.013732833957553,False,56,0.035741594457785804,2601648,1624,91756,33,soft-O(n^(3/2)),3227,33.453183520599254,static certificate for the supplied serial binary repeated-squaring architecture; not a lower bound for Regev-style factoring,2566404,1602,2567205,3205,FAILS_REGEV_COMPLEXITY_FIDELITY
Theta(n^3 log2(n)),80.0,1604,29,cover_2n,802,1.0124688279301746,False,56,0.03565253273795878,2604896,1624,91756,33,soft-O(n^(3/2)),3229,33.411471321695764,static certificate for the supplied serial binary repeated-squaring architecture; not a lower bound for Regev-style factoring,2572816,1604,2573618,3209,FAILS_REGEV_COMPLEXITY_FIDELITY
Theta(n^3 log2(n)),80.0,1606,29,cover_2n,803,1.0112079701120797,False,56,0.03556380349289294,2608144,1624,91756,33,soft-O(n^(3/2)),3231,33.36986301369863,static certificate for the supplied serial binary repeated-squaring architecture; not a lower bound for Regev-style factoring,2579236,1606,2580039,3213,FAILS_REGEV_COMPLEXITY_FIDELITY
Theta(n^3 log2(n)),80.0,1608,29,cover_2n,804,1.0099502487562189,False,56,0.03547540506977082,2611392,1624,91756,33,soft-O(n^(3/2)),3233,33.32835820895522,static certificate for the supplied serial binary repeated-squaring architecture; not a lower bound for Regev-style factoring,2585664,1608,2586468,3217,FAILS_REGEV_COMPLEXITY_FIDELITY
Theta(n^3 log2(n)),80.0,1610,29,cover_2n,805,1.008695652173913,False,56,0.03538733582603296,2614640,1624,91756,33,soft-O(n^(3/2)),3235,33.28695652173913,static certificate for the supplied serial binary repeated-squaring architecture; not a lower bound for Regev-style factoring,2592100,1610,2592905,3221,FAILS_REGEV_COMPLEXITY_FIDELITY
Theta(n^3 log2(n)),80.0,1612,29,cover_2n,806,1.0074441687344913,False,56,0.03529959412930156,2617888,1624,91756,33,soft-O(n^(3/2)),3237,33.245657568238215,static certificate for the supplied serial binary repeated-squaring architecture; not a lower bound for Regev-style factoring,2598544,1612,2599350,3225,FAILS_REGEV_COMPLEXITY_FIDELITY
Theta(n^3 log2(n)),80.0,1614,29,cover_2n,807,1.0061957868649318,False,56,0.03521217835730483,2621136,1624,91756,33,soft-O(n^(3/2)),3239,33.204460966542754,static certificate for the supplied serial binary repeated-squaring architecture; not a lower bound for Regev-style factoring,2604996,1614,2605803,3229,FAILS_REGEV_COMPLEXITY_FIDELITY
Theta(n^3 log2(n)),80.0,1616,29,cover_2n,808,1.004950495049505,False,56,0.03512508689780206,2624384,1624,91756,33,soft-O(n^(3/2)),3241,33.163366336633665,static certificate for the supplied serial binary repeated-squaring architecture; not a lower bound for Regev-style factoring,2611456,1616,2612264,3233,FAILS_REGEV_COMPLEXITY_FIDELITY
Theta(n^3 log2(n)),80.0,1618,29,cover_2n,809,1.003708281829419,False,56,0.035038318148509225,2627632,1624,91756,33,soft-O(n^(3/2)),3243,33.122373300370825,static certificate for the supplied serial binary repeated-squaring architecture; not a lower bound for Regev-style factoring,2617924,1618,2618733,3237,FAILS_REGEV_COMPLEXITY_FIDELITY
Theta(n^3 log2(n)),80.0,1620,29,cover_2n,810,1.002469135802469,False,56,0.03495187051702531,2630880,1624,91756,33,soft-O(n^(3/2)),3245,33.08148148148148,static certificate for the supplied serial binary repeated-squaring architecture; not a lower bound for Regev-style factoring,2624400,1620,2625210,3241,FAILS_REGEV_COMPLEXITY_FIDELITY
Theta(n^3 log2(n)),80.0,1622,29,cover_2n,811,1.0012330456226881,False,56,0.034865742420759245,2634128,1624,91756,33,soft-O(n^(3/2)),3247,33.0406905055487,static certificate for the supplied serial binary repeated-squaring architecture; not a lower bound for Regev-style factoring,2630884,1622,2631695,3245,FAILS_REGEV_COMPLEXITY_FIDELITY
Theta(n^3 log2(n)),80.0,1624,29,cover_2n,812,1.0,False,56,0.034779932286857496,2637376,1624,91756,33,soft-O(n^(3/2)),3249,33.0,static certificate for the supplied serial binary repeated-squaring architecture; not a lower bound for Regev-style factoring,2637376,1624,2638188,3249,FAILS_REGEV_COMPLEXITY_FIDELITY
Theta(n^3 log2(n)),80.0,1626,29,cover_2n,813,1.0166051660516606,False,57,0.03592256027079176,2687778,1653,95004,33,soft-O(n^(3/2)),3280,33.547970479704794,static certificate for the supplied serial binary repeated-squaring architecture; not a lower bound for Regev-style factoring,2643876,1626,2644689,3253,FAILS_REGEV_COMPLEXITY_FIDELITY
Theta(n^3 log2(n)),80.0,1628,29,cover_2n,814,1.0153562653562653,False,57,0.035834366199733104,2691084,1653,95004,33,soft-O(n^(3/2)),3282,33.50675675675676,static certificate for the supplied serial binary repeated-squaring architecture; not a lower bound for Regev-style factoring,2650384,1628,2651198,3257,FAILS_REGEV_COMPLEXITY_FIDELITY
Theta(n^3 log2(n)),80.0,1630,29,cover_2n,815,1.0141104294478527,False,57,0.03574649652050728,2694390,1653,95004,33,soft-O(n^(3/2)),3284,33.46564417177914,static certificate for the supplied serial binary repeated-squaring architecture; not a lower bound for Regev-style factoring,2656900,1630,2657715,3261,FAILS_REGEV_COMPLEXITY_FIDELITY
Theta(n^3 log2(n)),80.0,1632,29,cover_2n,816,1.0128676470588236,False,57,0.0356589496441762,2697696,1653,95004,33,soft-O(n^(3/2)),3286,33.424632352941174,static certificate for the supplied serial binary repeated-squaring architecture; not a lower bound for Regev-style factoring,2663424,1632,2664240,3265,FAILS_REGEV_COMPLEXITY_FIDELITY
Theta(n^3 log2(n)),80.0,1634,29,cover_2n,817,1.0116279069767442,False,57,0.03557172399151856,2701002,1653,95004,33,soft-O(n^(3/2)),3288,33.383720930232556,static certificate for the supplied serial binary repeated-squaring architecture; not a lower bound for Regev-style factoring,2669956,1634,2670773,3269,FAILS_REGEV_COMPLEXITY_FIDELITY
Theta(n^3 log2(n)),80.0,1636,29,cover_2n,818,1.0103911980440097,False,57,0.03548481799295861,2704308,1653,95004,33,soft-O(n^(3/2)),3290,33.34290953545232,static certificate for the supplied serial binary repeated-squaring architecture; not a lower bound for Regev-style factoring,2676496,1636,2677314,3273,FAILS_REGEV_COMPLEXITY_FIDELITY
Theta(n^3 log2(n)),80.0,1638,29,cover_2n,819,1.0091575091575091,False,57,0.035398230088495575,2707614,1653,95004,33,soft-O(n^(3/2)),3292,33.3021978021978,static certificate for the supplied serial binary repeated-squaring architecture; not a lower bound for Regev-style factoring,2683044,1638,2683863,3277,FAILS_REGEV_COMPLEXITY_FIDELITY
Theta(n^3 log2(n)),80.0,1640,29,cover_2n,820,1.0079268292682926,False,57,0.035311958727633604,2710920,1653,95004,33,soft-O(n^(3/2)),3294,33.261585365853655,static certificate for the supplied serial binary repeated-squaring architecture; not a lower bound for Regev-style factoring,2689600,1640,2690420,3281,FAILS_REGEV_COMPLEXITY_FIDELITY
Theta(n^3 log2(n)),80.0,1642,29,cover_2n,821,1.0066991473812423,False,57,0.0352260023693124,2714226,1653,95004,33,soft-O(n^(3/2)),3296,33.221071863580995,static certificate for the supplied serial binary repeated-squaring architecture; not a lower bound for Regev-style factoring,2696164,1642,2696985,3285,FAILS_REGEV_COMPLEXITY_FIDELITY
Theta(n^3 log2(n)),80.0,1644,29,cover_2n,822,1.0054744525547445,False,57,0.03514035948183838,2717532,1653,95004,33,soft-O(n^(3/2)),3298,33.18065693430657,static certificate for the supplied serial binary repeated-squaring architecture; not a lower bound for Regev-style factoring,2702736,1644,2703558,3289,FAILS_REGEV_COMPLEXITY_FIDELITY
Theta(n^3 log2(n)),80.0,1646,29,cover_2n,823,1.0042527339003646,False,57,0.03505502854281644,2720838,1653,95004,33,soft-O(n^(3/2)),3300,33.140340218712026,static certificate for the supplied serial binary repeated-squaring architecture; not a lower bound for Regev-style factoring,2709316,1646,2710139,3293,FAILS_REGEV_COMPLEXITY_FIDELITY
Theta(n^3 log2(n)),80.0,1648,29,cover_2n,824,1.0030339805825244,False,57,0.03497000803908231,2724144,1653,95004,33,soft-O(n^(3/2)),3302,33.1001213592233,static certificate for the supplied serial binary repeated-squaring architecture; not a lower bound for Regev-style factoring,2715904,1648,2716728,3297,FAILS_REGEV_COMPLEXITY_FIDELITY
Theta(n^3 log2(n)),80.0,1650,29,cover_2n,825,1.0018181818181817,False,57,0.034885296466635456,2727450,1653,95004,33,soft-O(n^(3/2)),3304,33.06,static certificate for the supplied serial binary repeated-squaring architecture; not a lower bound for Regev-style factoring,2722500,1650,2723325,3301,FAILS_REGEV_COMPLEXITY_FIDELITY
Theta(n^3 log2(n)),80.0,1652,29,cover_2n,826,1.0006053268765134,False,57,0.034800892330572576,2730756,1653,95004,33,soft-O(n^(3/2)),3306,33.01997578692494,static certificate for the supplied serial binary repeated-squaring architecture; not a lower bound for Regev-style factoring,2729104,1652,2729930,3305,FAILS_REGEV_COMPLEXITY_FIDELITY
Theta(n^3 log2(n)),80.0,1654,29,cover_2n,827,1.0169286577992744,False,58,0.035956679650201,2782028,1682,98397,33,soft-O(n^(3/2)),3337,33.55864570737606,static certificate for the supplied serial binary repeated-squaring architecture; not a lower bound for Regev-style factoring,2735716,1654,2736543,3309,FAILS_REGEV_COMPLEXITY_FIDELITY
Theta(n^3 log2(n)),80.0,1656,29,cover_2n,828,1.0157004830917875,False,58,0.03586989330568643,2785392,1682,98397,33,soft-O(n^(3/2)),3339,33.518115942028984,static certificate for the supplied serial binary repeated-squaring architecture; not a lower bound for Regev-style factoring,2742336,1656,2743164,3313,FAILS_REGEV_COMPLEXITY_FIDELITY
Theta(n^3 log2(n)),80.0,1658,29,cover_2n,829,1.014475271411339,False,58,0.03578342078840116,2788756,1682,98397,33,soft-O(n^(3/2)),3341,33.47768395657418,static certificate for the supplied serial binary repeated-squaring architecture; not a lower bound for Regev-style factoring,2748964,1658,2749793,3317,FAILS_REGEV_COMPLEXITY_FIDELITY
Theta(n^3 log2(n)),80.0,1660,29,cover_2n,830,1.0132530120481928,False,58,0.035697260587063705,2792120,1682,98397,33,soft-O(n^(3/2)),3343,33.43734939759036,static certificate for the supplied serial binary repeated-squaring architecture; not a lower bound for Regev-style factoring,2755600,1660,2756430,3321,FAILS_REGEV_COMPLEXITY_FIDELITY
Theta(n^3 log2(n)),80.0,1662,29,cover_2n,831,1.0120336943441637,False,58,0.03561141119947884,2795484,1682,98397,33,soft-O(n^(3/2)),3345,33.3971119133574,static certificate for the supplied serial binary repeated-squaring architecture; not a lower bound for Regev-style factoring,2762244,1662,2763075,3325,FAILS_REGEV_COMPLEXITY_FIDELITY
Theta(n^3 log2(n)),80.0,1664,29,cover_2n,832,1.0108173076923077,False,58,0.035525871132472214,2798848,1682,98397,33,soft-O(n^(3/2)),3347,33.35697115384615,static certificate for the supplied serial binary repeated-squaring architecture; not a lower bound for Regev-style factoring,2768896,1664,2769728,3329,FAILS_REGEV_COMPLEXITY_FIDELITY
Theta(n^3 log2(n)),80.0,1666,29,cover_2n,833,1.0096038415366146,False,58,0.035440638901825354,2802212,1682,98397,33,soft-O(n^(3/2)),3349,33.316926770708285,static certificate for the supplied serial binary repeated-squaring architecture; not a lower bound for Regev-style factoring,2775556,1666,2776389,3333,FAILS_REGEV_COMPLEXITY_FIDELITY
Theta(n^3 log2(n)),80.0,1668,29,cover_2n,834,1.0083932853717026,False,58,0.03535571303221133,2805576,1682,98397,33,soft-O(n^(3/2)),3351,33.276978417266186,static certificate for the supplied serial binary repeated-squaring architecture; not a lower bound for Regev-style factoring,2782224,1668,2783058,3337,FAILS_REGEV_COMPLEXITY_FIDELITY
Theta(n^3 log2(n)),80.0,1670,29,cover_2n,835,1.007185628742515,False,58,0.03527109205713087,2808940,1682,98397,33,soft-O(n^(3/2)),3353,33.237125748503,static certificate for the supplied serial binary repeated-squaring architecture; not a lower bound for Regev-style factoring,2788900,1670,2789735,3341,FAILS_REGEV_COMPLEXITY_FIDELITY
Theta(n^3 log2(n)),80.0,1672,29,cover_2n,836,1.005980861244019,False,58,0.0351867745188491,2812304,1682,98397,33,soft-O(n^(3/2)),3355,33.19736842105263,static certificate for the supplied serial binary repeated-squaring architecture; not a lower bound for Regev-style factoring,2795584,1672,2796420,3345,FAILS_REGEV_COMPLEXITY_FIDELITY
Theta(n^3 log2(n)),80.0,1674,29,cover_2n,837,1.004778972520908,False,58,0.03510275896833271,2815668,1682,98397,33,soft-O(n^(3/2)),3357,33.157706093189965,static certificate for the supplied serial binary repeated-squaring architecture; not a lower bound for Regev-style factoring,2802276,1674,2803113,3349,FAILS_REGEV_COMPLEXITY_FIDELITY
Theta(n^3 log2(n)),80.0,1676,29,cover_2n,838,1.003579952267303,False,58,0.03501904396518773,2819032,1682,98397,33,soft-O(n^(3/2)),3359,33.118138424821005,static certificate for the supplied serial binary repeated-squaring architecture; not a lower bound for Regev-style factoring,2808976,1676,2809814,3353,FAILS_REGEV_COMPLEXITY_FIDELITY
Theta(n^3 log2(n)),80.0,1678,29,cover_2n,839,1.00238379022646,False,58,0.034935628077597806,2822396,1682,98397,33,soft-O(n^(3/2)),3361,33.07866507747318,static certificate for the supplied serial binary repeated-squaring architecture; not a lower bound for Regev-style factoring,2815684,1678,2816523,3357,FAILS_REGEV_COMPLEXITY_FIDELITY
Theta(n^3 log2(n)),80.0,1680,29,cover_2n,840,1.0011904761904762,False,58,0.03485250988226293,2825760,1682,98397,33,soft-O(n^(3/2)),3363,33.03928571428571,static certificate for the supplied serial binary repeated-squaring architecture; not a lower bound for Regev-style factoring,2822400,1680,2823240,3361,FAILS_REGEV_COMPLEXITY_FIDELITY
Theta(n^3 log2(n)),80.0,1682,29,cover_2n,841,1.0,False,58,0.03476968796433878,2829124,1682,98397,33,soft-O(n^(3/2)),3365,33.0,static certificate for the supplied serial binary repeated-squaring architecture; not a lower bound for Regev-style factoring,2829124,1682,2829965,3365,FAILS_REGEV_COMPLEXITY_FIDELITY
Theta(n^3 log2(n)),80.0,1684,30,cover_2n,842,1.015439429928741,False,57,0.03464591577954368,2879640,1710,98280,34,soft-O(n^(3/2)),3395,34.524940617577194,static certificate for the supplied serial binary repeated-squaring architecture; not a lower bound for Regev-style factoring,2835856,1684,2836698,3369,FAILS_REGEV_COMPLEXITY_FIDELITY
Theta(n^3 log2(n)),80.0,1686,30,cover_2n,843,1.0142348754448398,False,57,0.03456377998613651,2883060,1710,98280,34,soft-O(n^(3/2)),3397,34.48398576512456,static certificate for the supplied serial binary repeated-squaring architecture; not a lower bound for Regev-style factoring,2842596,1686,2843439,3373,FAILS_REGEV_COMPLEXITY_FIDELITY
Theta(n^3 log2(n)),80.0,1688,30,cover_2n,844,1.0130331753554502,False,57,0.034481935928437,2886480,1710,98280,34,soft-O(n^(3/2)),3399,34.443127962085306,static certificate for the supplied serial binary repeated-squaring architecture; not a lower bound for Regev-style factoring,2849344,1688,2850188,3377,FAILS_REGEV_COMPLEXITY_FIDELITY
Theta(n^3 log2(n)),80.0,1690,30,cover_2n,845,1.0118343195266273,False,57,0.034400382226469184,2889900,1710,98280,34,soft-O(n^(3/2)),3401,34.40236686390533,static certificate for the supplied serial binary repeated-squaring architecture; not a lower bound for Regev-style factoring,2856100,1690,2856945,3381,FAILS_REGEV_COMPLEXITY_FIDELITY
Theta(n^3 log2(n)),80.0,1692,30,cover_2n,846,1.0106382978723405,False,57,0.034319117508406924,2893320,1710,98280,34,soft-O(n^(3/2)),3403,34.361702127659576,static certificate for the supplied serial binary repeated-squaring architecture; not a lower bound for Regev-style factoring,2862864,1692,2863710,3385,FAILS_REGEV_COMPLEXITY_FIDELITY
Theta(n^3 log2(n)),80.0,1694,30,cover_2n,847,1.0094451003541913,False,57,0.03423814041051628,2896740,1710,98280,34,soft-O(n^(3/2)),3405,34.32113341204251,static certificate for the supplied serial binary repeated-squaring architecture; not a lower bound for Regev-style factoring,2869636,1694,2870483,3389,FAILS_REGEV_COMPLEXITY_FIDELITY
Theta(n^3 log2(n)),80.0,1696,30,cover_2n,848,1.008254716981132,False,57,0.034157449577098244,2900160,1710,98280,34,soft-O(n^(3/2)),3407,34.280660377358494,static certificate for the supplied serial binary repeated-squaring architecture; not a lower bound for Regev-style factoring,2876416,1696,2877264,3393,FAILS_REGEV_COMPLEXITY_FIDELITY
Theta(n^3 log2(n)),80.0,1698,30,cover_2n,849,1.0070671378091873,False,57,0.03407704366043204,2903580,1710,98280,34,soft-O(n^(3/2)),3409,34.24028268551237,static certificate for the supplied serial binary repeated-squaring architecture; not a lower bound for Regev-style factoring,2883204,1698,2884053,3397,FAILS_REGEV_COMPLEXITY_FIDELITY
Theta(n^3 log2(n)),80.0,1700,30,cover_2n,850,1.0058823529411764,False,57,0.03399692132071882,2907000,1710,98280,34,soft-O(n^(3/2)),3411,34.2,static certificate for the supplied serial binary repeated-squaring architecture; not a lower bound for Regev-style factoring,2890000,1700,2890850,3401,FAILS_REGEV_COMPLEXITY_FIDELITY
Theta(n^3 log2(n)),80.0,1702,30,cover_2n,851,1.0047003525264395,False,57,0.03391708122602587,2910420,1710,98280,34,soft-O(n^(3/2)),3413,34.15981198589894,static certificate for the supplied serial binary repeated-squaring architecture; not a lower bound for Regev-style factoring,2896804,1702,2897655,3405,FAILS_REGEV_COMPLEXITY_FIDELITY
Theta(n^3 log2(n)),80.0,1704,30,cover_2n,852,1.0035211267605635,False,57,0.03383752205223125,2913840,1710,98280,34,soft-O(n^(3/2)),3415,34.11971830985915,static certificate for the supplied serial binary repeated-squaring architecture; not a lower bound for Regev-style factoring,2903616,1704,2904468,3409,FAILS_REGEV_COMPLEXITY_FIDELITY
Theta(n^3 log2(n)),80.0,1706,30,cover_2n,853,1.0023446658851114,False,57,0.03375824248296888,2917260,1710,98280,34,soft-O(n^(3/2)),3417,34.07971864009379,static certificate for the supplied serial binary repeated-squaring architecture; not a lower bound for Regev-style factoring,2910436,1706,2911289,3413,FAILS_REGEV_COMPLEXITY_FIDELITY
Theta(n^3 log2(n)),80.0,1708,30,cover_2n,854,1.0011709601873535,False,57,0.033679241209574114,2920680,1710,98280,34,soft-O(n^(3/2)),3419,34.039812646370024,static certificate for the supplied serial binary repeated-squaring architecture; not a lower bound for Regev-style factoring,2917264,1708,2918118,3417,FAILS_REGEV_COMPLEXITY_FIDELITY
Theta(n^3 log2(n)),80.0,1710,30,cover_2n,855,1.0,False,57,0.03360051693102971,2924100,1710,98280,34,soft-O(n^(3/2)),3421,34.0,static certificate for the supplied serial binary repeated-squaring architecture; not a lower bound for Regev-style factoring,2924100,1710,2924955,3421,FAILS_REGEV_COMPLEXITY_FIDELITY
Theta(n^3 log2(n)),80.0,1712,30,cover_2n,856,1.016355140186916,False,58,0.034719285080837714,2978880,1740,101790,34,soft-O(n^(3/2)),3453,34.55607476635514,static certificate for the supplied serial binary repeated-squaring architecture; not a lower bound for Regev-style factoring,2930944,1712,2931800,3425,FAILS_REGEV_COMPLEXITY_FIDELITY
Theta(n^3 log2(n)),80.0,1714,30,cover_2n,857,1.015169194865811,False,58,0.034638318984922686,2982360,1740,101790,34,soft-O(n^(3/2)),3455,34.51575262543757,static certificate for the supplied serial binary repeated-squaring architecture; not a lower bound for Regev-style factoring,2937796,1714,2938653,3429,FAILS_REGEV_COMPLEXITY_FIDELITY
Theta(n^3 log2(n)),80.0,1716,30,cover_2n,858,1.013986013986014,False,58,0.03455763578105553,2985840,1740,101790,34,soft-O(n^(3/2)),3457,34.47552447552447,static certificate for the supplied serial binary repeated-squaring architecture; not a lower bound for Regev-style factoring,2944656,1716,2945514,3433,FAILS_REGEV_COMPLEXITY_FIDELITY
Theta(n^3 log2(n)),80.0,1718,30,cover_2n,859,1.0128055878928988,False,58,0.03447723415288599,2989320,1740,101790,34,soft-O(n^(3/2)),3459,34.43538998835856,static certificate for the supplied serial binary repeated-squaring architecture; not a lower bound for Regev-style factoring,2951524,1718,2952383,3437,FAILS_REGEV_COMPLEXITY_FIDELITY
Theta(n^3 log2(n)),80.0,1720,30,cover_2n,860,1.0116279069767442,False,58,0.03439711279171144,2992800,1740,101790,34,soft-O(n^(3/2)),3461,34.395348837209305,static certificate for the supplied serial binary repeated-squaring architecture; not a lower bound for Regev-style factoring,2958400,1720,2959260,3441,FAILS_REGEV_COMPLEXITY_FIDELITY
Theta(n^3 log2(n)),80.0,1722,30,cover_2n,861,1.0104529616724738,False,58,0.03431727039642364,2996280,1740,101790,34,soft-O(n^(3/2)),3463,34.35540069686411,static certificate for the supplied serial binary repeated-squaring architecture; not a lower bound for Regev-style factoring,2965284,1722,2966145,3445,FAILS_REGEV_COMPLEXITY_FIDELITY
Theta(n^3 log2(n)),80.0,1724,30,cover_2n,862,1.0092807424593968,False,58,0.03423770567345591,2999760,1740,101790,34,soft-O(n^(3/2)),3465,34.31554524361949,static certificate for the supplied serial binary repeated-squaring architecture; not a lower bound for Regev-style factoring,2972176,1724,2973038,3449,FAILS_REGEV_COMPLEXITY_FIDELITY
Theta(n^3 log2(n)),80.0,1726,30,cover_2n,863,1.0081112398609502,False,58,0.034158417336730716,3003240,1740,101790,34,soft-O(n^(3/2)),3467,34.2757821552723,static certificate for the supplied serial binary repeated-squaring architecture; not a lower bound for Regev-style factoring,2979076,1726,2979939,3453,FAILS_REGEV_COMPLEXITY_FIDELITY
Theta(n^3 log2(n)),80.0,1728,30,cover_2n,864,1.0069444444444444,False,58,0.03407940410760775,3006720,1740,101790,34,soft-O(n^(3/2)),3469,34.236111111111114,static certificate for the supplied serial binary repeated-squaring architecture; not a lower bound for Regev-style factoring,2985984,1728,2986848,3457,FAILS_REGEV_COMPLEXITY_FIDELITY
Theta(n^3 log2(n)),80.0,1730,30,cover_2n,865,1.0057803468208093,False,58,0.034000664714832325,3010200,1740,101790,34,soft-O(n^(3/2)),3471,34.19653179190752,static certificate for the supplied serial binary repeated-squaring architecture; not a lower bound for Regev-style factoring,2992900,1730,2993765,3461,FAILS_REGEV_COMPLEXITY_FIDELITY
Theta(n^3 log2(n)),80.0,1732,30,cover_2n,866,1.0046189376443417,False,58,0.033922197894484266,3013680,1740,101790,34,soft-O(n^(3/2)),3473,34.15704387990762,static certificate for the supplied serial binary repeated-squaring architecture; not a lower bound for Regev-style factoring,2999824,1732,3000690,3465,FAILS_REGEV_COMPLEXITY_FIDELITY
Theta(n^3 log2(n)),80.0,1734,30,cover_2n,867,1.0034602076124568,False,58,0.03384400238992719,3017160,1740,101790,34,soft-O(n^(3/2)),3475,34.11764705882353,static certificate for the supplied serial binary repeated-squaring architecture; not a lower bound for Regev-style factoring,3006756,1734,3007623,3469,FAILS_REGEV_COMPLEXITY_FIDELITY
Theta(n^3 log2(n)),80.0,1736,30,cover_2n,868,1.0023041474654377,False,58,0.0337660769517582,3020640,1740,101790,34,soft-O(n^(3/2)),3477,34.07834101382488,static certificate for the supplied serial binary repeated-squaring architecture; not a lower bound for Regev-style factoring,3013696,1736,3014564,3473,FAILS_REGEV_COMPLEXITY_FIDELITY
Theta(n^3 log2(n)),80.0,1738,30,cover_2n,869,1.001150747986191,False,58,0.033688420337757936,3024120,1740,101790,34,soft-O(n^(3/2)),3479,34.03912543153049,static certificate for the supplied serial binary repeated-squaring architecture; not a lower bound for Regev-style factoring,3020644,1738,3021513,3477,FAILS_REGEV_COMPLEXITY_FIDELITY
Theta(n^3 log2(n)),80.0,1740,30,cover_2n,870,1.0,False,58,0.033611031312841134,3027600,1740,101790,34,soft-O(n^(3/2)),3481,34.0,static certificate for the supplied serial binary repeated-squaring architecture; not a lower bound for Regev-style factoring,3027600,1740,3028470,3481,FAILS_REGEV_COMPLEXITY_FIDELITY
Theta(n^3 log2(n)),80.0,1742,30,cover_2n,871,1.0160734787600458,False,59,0.034680367064358154,3083340,1770,105270,34,soft-O(n^(3/2)),3513,34.546498277841565,static certificate for the supplied serial binary repeated-squaring architecture; not a lower bound for Regev-style factoring,3034564,1742,3035435,3485,FAILS_REGEV_COMPLEXITY_FIDELITY
Theta(n^3 log2(n)),80.0,1744,30,cover_2n,872,1.014908256880734,False,59,0.03460088193299518,3086880,1770,105270,34,soft-O(n^(3/2)),3515,34.50688073394495,static certificate for the supplied serial binary repeated-squaring architecture; not a lower bound for Regev-style factoring,3041536,1744,3042408,3489,FAILS_REGEV_COMPLEXITY_FIDELITY
Theta(n^3 log2(n)),80.0,1746,30,cover_2n,873,1.013745704467354,False,59,0.03452166975089108,3090420,1770,105270,34,soft-O(n^(3/2)),3517,34.46735395189003,static certificate for the supplied serial binary repeated-squaring architecture; not a lower bound for Regev-style factoring,3048516,1746,3049389,3493,FAILS_REGEV_COMPLEXITY_FIDELITY
Theta(n^3 log2(n)),80.0,1748,30,cover_2n,874,1.0125858123569793,False,59,0.03444272926974347,3093960,1770,105270,34,soft-O(n^(3/2)),3519,34.4279176201373,static certificate for the supplied serial binary repeated-squaring architecture; not a lower bound for Regev-style factoring,3055504,1748,3056378,3497,FAILS_REGEV_COMPLEXITY_FIDELITY
Theta(n^3 log2(n)),80.0,1750,30,cover_2n,875,1.0114285714285713,False,59,0.034364059248378015,3097500,1770,105270,34,soft-O(n^(3/2)),3521,34.38857142857143,static certificate for the supplied serial binary repeated-squaring architecture; not a lower bound for Regev-style factoring,3062500,1750,3063375,3501,FAILS_REGEV_COMPLEXITY_FIDELITY
Theta(n^3 log2(n)),80.0,1752,30,cover_2n,876,1.0102739726027397,False,59,0.034285658452699666,3101040,1770,105270,34,soft-O(n^(3/2)),3523,34.34931506849315,static certificate for the supplied serial binary repeated-squaring architecture; not a lower bound for Regev-style factoring,3069504,1752,3070380,3505,FAILS_REGEV_COMPLEXITY_FIDELITY
Theta(n^3 log2(n)),80.0,1754,30,cover_2n,877,1.0091220068415052,False,59,0.03420752565564424,3104580,1770,105270,34,soft-O(n^(3/2)),3525,34.310148232611176,static certificate for the supplied serial binary repeated-squaring architecture; not a lower bound for Regev-style factoring,3076516,1754,3077393,3509,FAILS_REGEV_COMPLEXITY_FIDELITY
Theta(n^3 log2(n)),80.0,1756,30,cover_2n,878,1.0079726651480638,False,59,0.034129659637130424,3108120,1770,105270,34,soft-O(n^(3/2)),3527,34.27107061503417,static certificate for the supplied serial binary repeated-squaring architecture; not a lower bound for Regev-style factoring,3083536,1756,3084414,3513,FAILS_REGEV_COMPLEXITY_FIDELITY
Theta(n^3 log2(n)),80.0,1758,30,cover_2n,879,1.006825938566553,False,59,0.03405205918401213,3111660,1770,105270,34,soft-O(n^(3/2)),3529,34.232081911262796,static certificate for the supplied serial binary repeated-squaring architecture; not a lower bound for Regev-style factoring,3090564,1758,3091443,3517,FAILS_REGEV_COMPLEXITY_FIDELITY
Theta(n^3 log2(n)),80.0,1760,30,cover_2n,880,1.0056818181818181,False,59,0.03397472309003124,3115200,1770,105270,34,soft-O(n^(3/2)),3531,34.19318181818182,static certificate for the supplied serial binary repeated-squaring architecture; not a lower bound for Regev-style factoring,3097600,1760,3098480,3521,FAILS_REGEV_COMPLEXITY_FIDELITY
Theta(n^3 log2(n)),80.0,1762,30,cover_2n,881,1.0045402951191829,False,59,0.033897650155770766,3118740,1770,105270,34,soft-O(n^(3/2)),3533,34.154370034052214,static certificate for the supplied serial binary repeated-squaring architecture; not a lower bound for Regev-style factoring,3104644,1762,3105525,3525,FAILS_REGEV_COMPLEXITY_FIDELITY
Theta(n^3 log2(n)),80.0,1764,30,cover_2n,882,1.0034013605442176,False,59,0.03382083918860829,3122280,1770,105270,34,soft-O(n^(3/2)),3535,34.1156462585034,static certificate for the supplied serial binary repeated-squaring architecture; not a lower bound for Regev-style factoring,3111696,1764,3112578,3529,FAILS_REGEV_COMPLEXITY_FIDELITY
Theta(n^3 log2(n)),80.0,1766,30,cover_2n,883,1.0022650056625142,False,59,0.03374428900266986,3125820,1770,105270,34,soft-O(n^(3/2)),3537,34.07701019252548,static certificate for the supplied serial binary repeated-squaring architecture; not a lower bound for Regev-style factoring,3118756,1766,3119639,3533,FAILS_REGEV_COMPLEXITY_FIDELITY
Theta(n^3 log2(n)),80.0,1768,30,cover_2n,884,1.001131221719457,False,59,0.03366799841878423,3129360,1770,105270,34,soft-O(n^(3/2)),3539,34.03846153846154,static certificate for the supplied serial binary repeated-squaring architecture; not a lower bound for Regev-style factoring,3125824,1768,3126708,3537,FAILS_REGEV_COMPLEXITY_FIDELITY
Theta(n^3 log2(n)),80.0,1770,30,cover_2n,885,1.0,False,59,0.03359196626443741,3132900,1770,105270,34,soft-O(n^(3/2)),3541,34.0,static certificate for the supplied serial binary repeated-squaring architecture; not a lower bound for Regev-style factoring,3132900,1770,3133785,3541,FAILS_REGEV_COMPLEXITY_FIDELITY
Theta(n^3 log2(n)),80.0,1772,30,cover_2n,886,1.0158013544018059,False,60,0.034671922110752755,3189600,1800,108900,34,soft-O(n^(3/2)),3573,34.5372460496614,static certificate for the supplied serial binary repeated-squaring architecture; not a lower bound for Regev-style factoring,3139984,1772,3140870,3545,FAILS_REGEV_COMPLEXITY_FIDELITY
Theta(n^3 log2(n)),80.0,1774,30,cover_2n,887,1.0146561443066517,False,60,0.03459379922826285,3193200,1800,108900,34,soft-O(n^(3/2)),3575,34.49830890642615,static certificate for the supplied serial binary repeated-squaring architecture; not a lower bound for Regev-style factoring,3147076,1774,3147963,3549,FAILS_REGEV_COMPLEXITY_FIDELITY
Theta(n^3 log2(n)),80.0,1776,30,cover_2n,888,1.0135135135135136,False,60,0.034515940088695504,3196800,1800,108900,34,soft-O(n^(3/2)),3577,34.45945945945946,static certificate for the supplied serial binary repeated-squaring architecture; not a lower bound for Regev-style factoring,3154176,1776,3155064,3553,FAILS_REGEV_COMPLEXITY_FIDELITY
Theta(n^3 log2(n)),80.0,1778,30,cover_2n,889,1.0123734533183353,False,60,0.034438343506190204,3200400,1800,108900,34,soft-O(n^(3/2)),3579,34.420697412823394,static certificate for the supplied serial binary repeated-squaring architecture; not a lower bound for Regev-style factoring,3161284,1778,3162173,3557,FAILS_REGEV_COMPLEXITY_FIDELITY
Theta(n^3 log2(n)),80.0,1780,30,cover_2n,890,1.0112359550561798,False,60,0.03436100830154388,3204000,1800,108900,34,soft-O(n^(3/2)),3581,34.38202247191011,static certificate for the supplied serial binary repeated-squaring architecture; not a lower bound for Regev-style factoring,3168400,1780,3169290,3561,FAILS_REGEV_COMPLEXITY_FIDELITY
Theta(n^3 log2(n)),80.0,1782,30,cover_2n,891,1.0101010101010102,False,60,0.03428393330216612,3207600,1800,108900,34,soft-O(n^(3/2)),3583,34.343434343434346,static certificate for the supplied serial binary repeated-squaring architecture; not a lower bound for Regev-style factoring,3175524,1782,3176415,3565,FAILS_REGEV_COMPLEXITY_FIDELITY
Theta(n^3 log2(n)),80.0,1784,30,cover_2n,892,1.0089686098654709,False,60,0.034207117342034736,3211200,1800,108900,34,soft-O(n^(3/2)),3585,34.30493273542601,static certificate for the supplied serial binary repeated-squaring architecture; not a lower bound for Regev-style factoring,3182656,1784,3183548,3569,FAILS_REGEV_COMPLEXITY_FIDELITY
Theta(n^3 log2(n)),80.0,1786,30,cover_2n,893,1.007838745800672,False,60,0.034130559261651636,3214800,1800,108900,34,soft-O(n^(3/2)),3587,34.266517357222845,static certificate for the supplied serial binary repeated-squaring architecture; not a lower bound for Regev-style factoring,3189796,1786,3190689,3573,FAILS_REGEV_COMPLEXITY_FIDELITY
Theta(n^3 log2(n)),80.0,1788,30,cover_2n,894,1.0067114093959733,False,60,0.03405425790799909,3218400,1800,108900,34,soft-O(n^(3/2)),3589,34.22818791946309,static certificate for the supplied serial binary repeated-squaring architecture; not a lower bound for Regev-style factoring,3196944,1788,3197838,3577,FAILS_REGEV_COMPLEXITY_FIDELITY
Theta(n^3 log2(n)),80.0,1790,30,cover_2n,895,1.005586592178771,False,60,0.03397821213449631,3222000,1800,108900,34,soft-O(n^(3/2)),3591,34.18994413407821,static certificate for the supplied serial binary repeated-squaring architecture; not a lower bound for Regev-style factoring,3204100,1790,3204995,3581,FAILS_REGEV_COMPLEXITY_FIDELITY
Theta(n^3 log2(n)),80.0,1792,30,cover_2n,896,1.0044642857142858,False,60,0.033902420800956366,3225600,1800,108900,34,soft-O(n^(3/2)),3593,34.151785714285715,static certificate for the supplied serial binary repeated-squaring architecture; not a lower bound for Regev-style factoring,3211264,1792,3212160,3585,FAILS_REGEV_COMPLEXITY_FIDELITY
Theta(n^3 log2(n)),80.0,1794,30,cover_2n,897,1.0033444816053512,False,60,0.03382688277354346,3229200,1800,108900,34,soft-O(n^(3/2)),3595,34.11371237458194,static certificate for the supplied serial binary repeated-squaring architecture; not a lower bound for Regev-style factoring,3218436,1794,3219333,3589,FAILS_REGEV_COMPLEXITY_FIDELITY
Theta(n^3 log2(n)),80.0,1796,30,cover_2n,898,1.0022271714922049,False,60,0.03375159692473053,3232800,1800,108900,34,soft-O(n^(3/2)),3597,34.075723830734965,static certificate for the supplied serial binary repeated-squaring architecture; not a lower bound for Regev-style factoring,3225616,1796,3226514,3593,FAILS_REGEV_COMPLEXITY_FIDELITY
Theta(n^3 log2(n)),80.0,1798,30,cover_2n,899,1.0011123470522802,False,60,0.033676562133257135,3236400,1800,108900,34,soft-O(n^(3/2)),3599,34.03781979977753,static certificate for the supplied serial binary repeated-squaring architecture; not a lower bound for Regev-style factoring,3232804,1798,3233703,3597,FAILS_REGEV_COMPLEXITY_FIDELITY
Theta(n^3 log2(n)),80.0,1800,30,cover_2n,900,1.0,False,60,0.03360177728408775,3240000,1800,108900,34,soft-O(n^(3/2)),3601,34.0,static certificate for the supplied serial binary repeated-squaring architecture; not a lower bound for Regev-style factoring,3240000,1800,3240900,3601,FAILS_REGEV_COMPLEXITY_FIDELITY
Theta(n^3 log2(n)),80.0,1802,31,cover_2n,901,1.0149833518312985,False,59,0.03348998877807214,3295858,1829,108779,35,soft-O(n^(3/2)),3632,35.52441731409545,static certificate for the supplied serial binary repeated-squaring architecture; not a lower bound for Regev-style factoring,3247204,1802,3248105,3605,FAILS_REGEV_COMPLEXITY_FIDELITY
Theta(n^3 log2(n)),80.0,1804,31,cover_2n,902,1.0138580931263859,False,59,0.033415783035635846,3299516,1829,108779,35,soft-O(n^(3/2)),3634,35.4850332594235,static certificate for the supplied serial binary repeated-squaring architecture; not a lower bound for Regev-style factoring,3254416,1804,3255318,3609,FAILS_REGEV_COMPLEXITY_FIDELITY
Theta(n^3 log2(n)),80.0,1806,31,cover_2n,903,1.012735326688815,False,59,0.03334182365329579,3303174,1829,108779,35,soft-O(n^(3/2)),3636,35.445736434108525,static certificate for the supplied serial binary repeated-squaring architecture; not a lower bound for Regev-style factoring,3261636,1806,3262539,3613,FAILS_REGEV_COMPLEXITY_FIDELITY
Theta(n^3 log2(n)),80.0,1808,31,cover_2n,904,1.0116150442477876,False,59,0.033268109541716724,3306832,1829,108779,35,soft-O(n^(3/2)),3638,35.406526548672566,static certificate for the supplied serial binary repeated-squaring architecture; not a lower bound for Regev-style factoring,3268864,1808,3269768,3617,FAILS_REGEV_COMPLEXITY_FIDELITY
Theta(n^3 log2(n)),80.0,1810,31,cover_2n,905,1.0104972375690608,False,59,0.03319463961757763,3310490,1829,108779,35,soft-O(n^(3/2)),3640,35.36740331491713,static certificate for the supplied serial binary repeated-squaring architecture; not a lower bound for Regev-style factoring,3276100,1810,3277005,3621,FAILS_REGEV_COMPLEXITY_FIDELITY
Theta(n^3 log2(n)),80.0,1812,31,cover_2n,906,1.0093818984547462,False,59,0.03312141280353201,3314148,1829,108779,35,soft-O(n^(3/2)),3642,35.32836644591612,static certificate for the supplied serial binary repeated-squaring architecture; not a lower bound for Regev-style factoring,3283344,1812,3284250,3625,FAILS_REGEV_COMPLEXITY_FIDELITY
Theta(n^3 log2(n)),80.0,1814,31,cover_2n,907,1.0082690187431091,False,59,0.033048428028168285,3317806,1829,108779,35,soft-O(n^(3/2)),3644,35.28941565600882,static certificate for the supplied serial binary repeated-squaring architecture; not a lower bound for Regev-style factoring,3290596,1814,3291503,3629,FAILS_REGEV_COMPLEXITY_FIDELITY
Theta(n^3 log2(n)),80.0,1816,31,cover_2n,908,1.00715859030837,False,59,0.0329756842259707,3321464,1829,108779,35,soft-O(n^(3/2)),3646,35.25055066079295,static certificate for the supplied serial binary repeated-squaring architecture; not a lower bound for Regev-style factoring,3297856,1816,3298764,3633,FAILS_REGEV_COMPLEXITY_FIDELITY
Theta(n^3 log2(n)),80.0,1818,31,cover_2n,909,1.006050605060506,False,59,0.03290318033728036,3325122,1829,108779,35,soft-O(n^(3/2)),3648,35.21177117711771,static certificate for the supplied serial binary repeated-squaring architecture; not a lower bound for Regev-style factoring,3305124,1818,3306033,3637,FAILS_REGEV_COMPLEXITY_FIDELITY
Theta(n^3 log2(n)),80.0,1820,31,cover_2n,910,1.004945054945055,False,59,0.0328309153082567,3328780,1829,108779,35,soft-O(n^(3/2)),3650,35.17307692307692,static certificate for the supplied serial binary repeated-squaring architecture; not a lower bound for Regev-style factoring,3312400,1820,3313310,3641,FAILS_REGEV_COMPLEXITY_FIDELITY
Theta(n^3 log2(n)),80.0,1822,31,cover_2n,911,1.00384193194292,False,59,0.03275888809083914,3332438,1829,108779,35,soft-O(n^(3/2)),3652,35.1344676180022,static certificate for the supplied serial binary repeated-squaring architecture; not a lower bound for Regev-style factoring,3319684,1822,3320595,3645,FAILS_REGEV_COMPLEXITY_FIDELITY
Theta(n^3 log2(n)),80.0,1824,31,cover_2n,912,1.0027412280701755,False,59,0.03268709764270913,3336096,1829,108779,35,soft-O(n^(3/2)),3654,35.09594298245614,static certificate for the supplied serial binary repeated-squaring architecture; not a lower bound for Regev-style factoring,3326976,1824,3327888,3649,FAILS_REGEV_COMPLEXITY_FIDELITY
Theta(n^3 log2(n)),80.0,1826,31,cover_2n,913,1.001642935377875,False,59,0.0326155429272524,3339754,1829,108779,35,soft-O(n^(3/2)),3656,35.05750273822563,static certificate for the supplied serial binary repeated-squaring architecture; not a lower bound for Regev-style factoring,3334276,1826,3335189,3653,FAILS_REGEV_COMPLEXITY_FIDELITY
Theta(n^3 log2(n)),80.0,1828,31,cover_2n,914,1.00054704595186,False,59,0.03254422291352156,3343412,1829,108779,35,soft-O(n^(3/2)),3658,35.0191466083151,static certificate for the supplied serial binary repeated-squaring architecture; not a lower bound for Regev-style factoring,3341584,1828,3342498,3657,FAILS_REGEV_COMPLEXITY_FIDELITY
Theta(n^3 log2(n)),80.0,1830,31,cover_2n,915,1.0163934426229508,False,60,0.03359289990641274,3403800,1860,112530,35,soft-O(n^(3/2)),3691,35.57377049180328,static certificate for the supplied serial binary repeated-squaring architecture; not a lower bound for Regev-style factoring,3348900,1830,3349815,3661,FAILS_REGEV_COMPLEXITY_FIDELITY
Theta(n^3 log2(n)),80.0,1832,31,cover_2n,916,1.01528384279476,False,60,0.0335196029954068,3407520,1860,112530,35,soft-O(n^(3/2)),3693,35.53493449781659,static certificate for the supplied serial binary repeated-squaring architecture; not a lower bound for Regev-style factoring,3356224,1832,3357140,3665,FAILS_REGEV_COMPLEXITY_FIDELITY
Theta(n^3 log2(n)),80.0,1834,31,cover_2n,917,1.014176663031625,False,60,0.03344654571458888,3411240,1860,112530,35,soft-O(n^(3/2)),3695,35.49618320610687,static certificate for the supplied serial binary repeated-squaring architecture; not a lower bound for Regev-style factoring,3363556,1834,3364473,3669,FAILS_REGEV_COMPLEXITY_FIDELITY
Theta(n^3 log2(n)),80.0,1836,31,cover_2n,918,1.0130718954248366,False,60,0.033373727020529605,3414960,1860,112530,35,soft-O(n^(3/2)),3697,35.45751633986928,static certificate for the supplied serial binary repeated-squaring architecture; not a lower bound for Regev-style factoring,3370896,1836,3371814,3673,FAILS_REGEV_COMPLEXITY_FIDELITY
Theta(n^3 log2(n)),80.0,1838,31,cover_2n,919,1.0119695321001088,False,60,0.03330114587547271,3418680,1860,112530,35,soft-O(n^(3/2)),3699,35.41893362350381,static certificate for the supplied serial binary repeated-squaring architecture; not a lower bound for Regev-style factoring,3378244,1838,3379163,3677,FAILS_REGEV_COMPLEXITY_FIDELITY
Theta(n^3 log2(n)),80.0,1840,31,cover_2n,920,1.0108695652173914,False,60,0.033228801247298115,3422400,1860,112530,35,soft-O(n^(3/2)),3701,35.380434782608695,static certificate for the supplied serial binary repeated-squaring architecture; not a lower bound for Regev-style factoring,3385600,1840,3386520,3681,FAILS_REGEV_COMPLEXITY_FIDELITY
Theta(n^3 log2(n)),80.0,1842,31,cover_2n,921,1.009771986970684,False,60,0.033156692109485145,3426120,1860,112530,35,soft-O(n^(3/2)),3703,35.34201954397394,static certificate for the supplied serial binary repeated-squaring architecture; not a lower bound for Regev-style factoring,3392964,1842,3393885,3685,FAILS_REGEV_COMPLEXITY_FIDELITY
Theta(n^3 log2(n)),80.0,1844,31,cover_2n,922,1.0086767895878526,False,60,0.03308481744107621,3429840,1860,112530,35,soft-O(n^(3/2)),3705,35.30368763557484,static certificate for the supplied serial binary repeated-squaring architecture; not a lower bound for Regev-style factoring,3400336,1844,3401258,3689,FAILS_REGEV_COMPLEXITY_FIDELITY
Theta(n^3 log2(n)),80.0,1846,31,cover_2n,923,1.0075839653304441,False,60,0.0330131762266406,3433560,1860,112530,35,soft-O(n^(3/2)),3707,35.26543878656555,static certificate for the supplied serial binary repeated-squaring architecture; not a lower bound for Regev-style factoring,3407716,1846,3408639,3693,FAILS_REGEV_COMPLEXITY_FIDELITY
Theta(n^3 log2(n)),80.0,1848,31,cover_2n,924,1.0064935064935066,False,60,0.03294176745623865,3437280,1860,112530,35,soft-O(n^(3/2)),3709,35.22727272727273,static certificate for the supplied serial binary repeated-squaring architecture; not a lower bound for Regev-style factoring,3415104,1848,3416028,3697,FAILS_REGEV_COMPLEXITY_FIDELITY
Theta(n^3 log2(n)),80.0,1850,31,cover_2n,925,1.0054054054054054,False,60,0.03287059012538612,3441000,1860,112530,35,soft-O(n^(3/2)),3711,35.189189189189186,static certificate for the supplied serial binary repeated-squaring architecture; not a lower bound for Regev-style factoring,3422500,1850,3423425,3701,FAILS_REGEV_COMPLEXITY_FIDELITY
Theta(n^3 log2(n)),80.0,1852,31,cover_2n,926,1.0043196544276458,False,60,0.03279964323501893,3444720,1860,112530,35,soft-O(n^(3/2)),3713,35.1511879049676,static certificate for the supplied serial binary repeated-squaring architecture; not a lower bound for Regev-style factoring,3429904,1852,3430830,3705,FAILS_REGEV_COMPLEXITY_FIDELITY
Theta(n^3 log2(n)),80.0,1854,31,cover_2n,927,1.0032362459546926,False,60,0.03272892579145802,3448440,1860,112530,35,soft-O(n^(3/2)),3715,35.11326860841424,static certificate for the supplied serial binary repeated-squaring architecture; not a lower bound for Regev-style factoring,3437316,1854,3438243,3709,FAILS_REGEV_COMPLEXITY_FIDELITY
Theta(n^3 log2(n)),80.0,1856,31,cover_2n,928,1.0021551724137931,False,60,0.03265843680637462,3452160,1860,112530,35,soft-O(n^(3/2)),3717,35.07543103448276,static certificate for the supplied serial binary repeated-squaring architecture; not a lower bound for Regev-style factoring,3444736,1856,3445664,3713,FAILS_REGEV_COMPLEXITY_FIDELITY
Theta(n^3 log2(n)),80.0,1858,31,cover_2n,929,1.0010764262648009,False,60,0.03258817529675569,3455880,1860,112530,35,soft-O(n^(3/2)),3719,35.03767491926803,static certificate for the supplied serial binary repeated-squaring architecture; not a lower bound for Regev-style factoring,3452164,1858,3453093,3717,FAILS_REGEV_COMPLEXITY_FIDELITY
Theta(n^3 log2(n)),80.0,1860,31,cover_2n,930,1.0,False,60,0.03251814028486966,3459600,1860,112530,35,soft-O(n^(3/2)),3721,35.0,static certificate for the supplied serial binary repeated-squaring architecture; not a lower bound for Regev-style factoring,3459600,1860,3460530,3721,FAILS_REGEV_COMPLEXITY_FIDELITY
Theta(n^3 log2(n)),80.0,1862,31,cover_2n,931,1.0155746509129968,False,61,0.03352100289073595,3521042,1891,116250,35,soft-O(n^(3/2)),3754,35.545112781954884,static certificate for the supplied serial binary repeated-squaring architecture; not a lower bound for Regev-style factoring,3467044,1862,3467975,3725,FAILS_REGEV_COMPLEXITY_FIDELITY
Theta(n^3 log2(n)),80.0,1864,31,cover_2n,932,1.0144849785407726,False,61,0.0334491176338569,3524824,1891,116250,35,soft-O(n^(3/2)),3756,35.50697424892704,static certificate for the supplied serial binary repeated-squaring architecture; not a lower bound for Regev-style factoring,3474496,1864,3475428,3729,FAILS_REGEV_COMPLEXITY_FIDELITY
Theta(n^3 log2(n)),80.0,1866,31,cover_2n,933,1.0133976420150053,False,61,0.03337746336446554,3528606,1891,116250,35,soft-O(n^(3/2)),3758,35.468917470525184,static certificate for the supplied serial binary repeated-squaring architecture; not a lower bound for Regev-style factoring,3481956,1866,3482889,3733,FAILS_REGEV_COMPLEXITY_FIDELITY
Theta(n^3 log2(n)),80.0,1868,31,cover_2n,934,1.0123126338329764,False,61,0.03330603909398405,3532388,1891,116250,35,soft-O(n^(3/2)),3760,35.430942184154176,static certificate for the supplied serial binary repeated-squaring architecture; not a lower bound for Regev-style factoring,3489424,1868,3490358,3737,FAILS_REGEV_COMPLEXITY_FIDELITY
Theta(n^3 log2(n)),80.0,1870,31,cover_2n,935,1.0112299465240642,False,61,0.03323484383911762,3536170,1891,116250,35,soft-O(n^(3/2)),3762,35.393048128342244,static certificate for the supplied serial binary repeated-squaring architecture; not a lower bound for Regev-style factoring,3496900,1870,3497835,3741,FAILS_REGEV_COMPLEXITY_FIDELITY
Theta(n^3 log2(n)),80.0,1872,31,cover_2n,936,1.0101495726495726,False,61,0.03316387662182055,3539952,1891,116250,35,soft-O(n^(3/2)),3764,35.355235042735046,static certificate for the supplied serial binary repeated-squaring architecture; not a lower bound for Regev-style factoring,3504384,1872,3505320,3745,FAILS_REGEV_COMPLEXITY_FIDELITY
Theta(n^3 log2(n)),80.0,1874,31,cover_2n,937,1.0090715048025614,False,61,0.033093136469262666,3543734,1891,116250,35,soft-O(n^(3/2)),3766,35.317502668089645,static certificate for the supplied serial binary repeated-squaring architecture; not a lower bound for Regev-style factoring,3511876,1874,3512813,3749,FAILS_REGEV_COMPLEXITY_FIDELITY
Theta(n^3 log2(n)),80.0,1876,31,cover_2n,938,1.0079957356076759,False,61,0.03302262241379604,3547516,1891,116250,35,soft-O(n^(3/2)),3768,35.27985074626866,static certificate for the supplied serial binary repeated-squaring architecture; not a lower bound for Regev-style factoring,3519376,1876,3520314,3753,FAILS_REGEV_COMPLEXITY_FIDELITY
Theta(n^3 log2(n)),80.0,1878,31,cover_2n,939,1.0069222577209798,False,61,0.032952333492921836,3551298,1891,116250,35,soft-O(n^(3/2)),3770,35.24227902023429,static certificate for the supplied serial binary repeated-squaring architecture; not a lower bound for Regev-style factoring,3526884,1878,3527823,3757,FAILS_REGEV_COMPLEXITY_FIDELITY
Theta(n^3 log2(n)),80.0,1880,31,cover_2n,940,1.0058510638297873,False,61,0.032882268749257496,3555080,1891,116250,35,soft-O(n^(3/2)),3772,35.204787234042556,static certificate for the supplied serial binary repeated-squaring architecture; not a lower bound for Regev-style factoring,3534400,1880,3535340,3761,FAILS_REGEV_COMPLEXITY_FIDELITY
Theta(n^3 log2(n)),80.0,1882,31,cover_2n,941,1.0047821466524973,False,61,0.03281242723050413,3558862,1891,116250,35,soft-O(n^(3/2)),3774,35.16737513283741,static certificate for the supplied serial binary repeated-squaring architecture; not a lower bound for Regev-style factoring,3541924,1882,3542865,3765,FAILS_REGEV_COMPLEXITY_FIDELITY
Theta(n^3 log2(n)),80.0,1884,31,cover_2n,942,1.003715498938429,False,61,0.03274280798941415,3562644,1891,116250,35,soft-O(n^(3/2)),3776,35.13004246284501,static certificate for the supplied serial binary repeated-squaring architecture; not a lower bound for Regev-style factoring,3549456,1884,3550398,3769,FAILS_REGEV_COMPLEXITY_FIDELITY
Theta(n^3 log2(n)),80.0,1886,31,cover_2n,943,1.0026511134676563,False,61,0.032673410083759166,3566426,1891,116250,35,soft-O(n^(3/2)),3778,35.09278897136797,static certificate for the supplied serial binary repeated-squaring architecture; not a lower bound for Regev-style factoring,3556996,1886,3557939,3773,FAILS_REGEV_COMPLEXITY_FIDELITY
Theta(n^3 log2(n)),80.0,1888,31,cover_2n,944,1.0015889830508475,False,61,0.03260423257629811,3570208,1891,116250,35,soft-O(n^(3/2)),3780,35.05561440677966,static certificate for the supplied serial binary repeated-squaring architecture; not a lower bound for Regev-style factoring,3564544,1888,3565488,3777,FAILS_REGEV_COMPLEXITY_FIDELITY
Theta(n^3 log2(n)),80.0,1890,31,cover_2n,945,1.0005291005291006,False,61,0.03253527453474558,3573990,1891,116250,35,soft-O(n^(3/2)),3782,35.01851851851852,static certificate for the supplied serial binary repeated-squaring architecture; not a lower bound for Regev-style factoring,3572100,1890,3573045,3781,FAILS_REGEV_COMPLEXITY_FIDELITY
Theta(n^3 log2(n)),80.0,1892,31,cover_2n,946,1.0158562367864694,False,62,0.03354875286613175,3636424,1922,120125,35,soft-O(n^(3/2)),3815,35.55496828752643,static certificate for the supplied serial binary repeated-squaring architecture; not a lower bound for Regev-style factoring,3579664,1892,3580610,3785,FAILS_REGEV_COMPLEXITY_FIDELITY
Theta(n^3 log2(n)),80.0,1894,31,cover_2n,947,1.0147835269271384,False,62,0.033477946916308336,3640268,1922,120125,35,soft-O(n^(3/2)),3817,35.51742344244984,static certificate for the supplied serial binary repeated-squaring architecture; not a lower bound for Regev-style factoring,3587236,1894,3588183,3789,FAILS_REGEV_COMPLEXITY_FIDELITY
Theta(n^3 log2(n)),80.0,1896,31,cover_2n,948,1.0137130801687764,False,62,0.03340736488824072,3644112,1922,120125,35,soft-O(n^(3/2)),3819,35.479957805907176,static certificate for the supplied serial binary repeated-squaring architecture; not a lower bound for Regev-style factoring,3594816,1896,3595764,3793,FAILS_REGEV_COMPLEXITY_FIDELITY
Theta(n^3 log2(n)),80.0,1898,31,cover_2n,949,1.0126448893572182,False,62,0.03333700583872854,3647956,1922,120125,35,soft-O(n^(3/2)),3821,35.44257112750263,static certificate for the supplied serial binary repeated-squaring architecture; not a lower bound for Regev-style factoring,3602404,1898,3603353,3797,FAILS_REGEV_COMPLEXITY_FIDELITY
Theta(n^3 log2(n)),80.0,1900,31,cover_2n,950,1.0115789473684211,False,62,0.03326686882953239,3651800,1922,120125,35,soft-O(n^(3/2)),3823,35.40526315789474,static certificate for the supplied serial binary repeated-squaring architecture; not a lower bound for Regev-style factoring,3610000,1900,3610950,3801,FAILS_REGEV_COMPLEXITY_FIDELITY
Theta(n^3 log2(n)),80.0,1902,31,cover_2n,951,1.010515247108307,False,62,0.033196952927342545,3655644,1922,120125,35,soft-O(n^(3/2)),3825,35.36803364879075,static certificate for the supplied serial binary repeated-squaring architecture; not a lower bound for Regev-style factoring,3617604,1902,3618555,3805,FAILS_REGEV_COMPLEXITY_FIDELITY
Theta(n^3 log2(n)),80.0,1904,31,cover_2n,952,1.009453781512605,False,62,0.033127257203747866,3659488,1922,120125,35,soft-O(n^(3/2)),3827,35.330882352941174,static certificate for the supplied serial binary repeated-squaring architecture; not a lower bound for Regev-style factoring,3625216,1904,3626168,3809,FAILS_REGEV_COMPLEXITY_FIDELITY
Theta(n^3 log2(n)),80.0,1906,31,cover_2n,953,1.0083945435466946,False,62,0.033057780735205045,3663332,1922,120125,35,soft-O(n^(3/2)),3829,35.29380902413431,static certificate for the supplied serial binary repeated-squaring architecture; not a lower bound for Regev-style factoring,3632836,1906,3633789,3813,FAILS_REGEV_COMPLEXITY_FIDELITY
Theta(n^3 log2(n)),80.0,1908,31,cover_2n,954,1.0073375262054507,False,62,0.03298852260300795,3667176,1922,120125,35,soft-O(n^(3/2)),3831,35.25681341719078,static certificate for the supplied serial binary repeated-squaring architecture; not a lower bound for Regev-style factoring,3640464,1908,3641418,3817,FAILS_REGEV_COMPLEXITY_FIDELITY
Theta(n^3 log2(n)),80.0,1910,31,cover_2n,955,1.006282722513089,False,62,0.032919481893257295,3671020,1922,120125,35,soft-O(n^(3/2)),3833,35.21989528795812,static certificate for the supplied serial binary repeated-squaring architecture; not a lower bound for Regev-style factoring,3648100,1910,3649055,3821,FAILS_REGEV_COMPLEXITY_FIDELITY
Theta(n^3 log2(n)),80.0,1912,31,cover_2n,956,1.0052301255230125,False,62,0.032850657696830474,3674864,1922,120125,35,soft-O(n^(3/2)),3835,35.18305439330544,static certificate for the supplied serial binary repeated-squaring architecture; not a lower bound for Regev-style factoring,3655744,1912,3656700,3825,FAILS_REGEV_COMPLEXITY_FIDELITY
Theta(n^3 log2(n)),80.0,1914,31,cover_2n,957,1.0041797283176594,False,62,0.03278204910935164,3678708,1922,120125,35,soft-O(n^(3/2)),3837,35.14629049111808,static certificate for the supplied serial binary repeated-squaring architecture; not a lower bound for Regev-style factoring,3663396,1914,3664353,3829,FAILS_REGEV_COMPLEXITY_FIDELITY
Theta(n^3 log2(n)),80.0,1916,31,cover_2n,958,1.0031315240083507,False,62,0.03271365523116197,3682552,1922,120125,35,soft-O(n^(3/2)),3839,35.109603340292274,static certificate for the supplied serial binary repeated-squaring architecture; not a lower bound for Regev-style factoring,3671056,1916,3672014,3833,FAILS_REGEV_COMPLEXITY_FIDELITY
Theta(n^3 log2(n)),80.0,1918,31,cover_2n,959,1.0020855057351408,False,62,0.032645475167290224,3686396,1922,120125,35,soft-O(n^(3/2)),3841,35.07299270072993,static certificate for the supplied serial binary repeated-squaring architecture; not a lower bound for Regev-style factoring,3678724,1918,3679683,3837,FAILS_REGEV_COMPLEXITY_FIDELITY
Theta(n^3 log2(n)),80.0,1920,31,cover_2n,960,1.0010416666666666,False,62,0.032577508027423416,3690240,1922,120125,35,soft-O(n^(3/2)),3843,35.036458333333336,static certificate for the supplied serial binary repeated-squaring architecture; not a lower bound for Regev-style factoring,3686400,1920,3687360,3841,FAILS_REGEV_COMPLEXITY_FIDELITY
Theta(n^3 log2(n)),80.0,1922,31,cover_2n,961,1.0,False,62,0.032509752925877766,3694084,1922,120125,35,soft-O(n^(3/2)),3845,35.0,static certificate for the supplied serial binary repeated-squaring architecture; not a lower bound for Regev-style factoring,3694084,1922,3695045,3845,FAILS_REGEV_COMPLEXITY_FIDELITY
Theta(n^3 log2(n)),80.0,1924,32,cover_2n,962,1.0145530145530146,False,61,0.032408450179299754,3755648,1952,120000,36,soft-O(n^(3/2)),3877,36.523908523908524,static certificate for the supplied serial binary repeated-squaring architecture; not a lower bound for Regev-style factoring,3701776,1924,3702738,3849,FAILS_REGEV_COMPLEXITY_FIDELITY
Theta(n^3 log2(n)),80.0,1926,32,cover_2n,963,1.0134994807892004,False,61,0.0323411865819651,3759552,1952,120000,36,soft-O(n^(3/2)),3879,36.48598130841121,static certificate for the supplied serial binary repeated-squaring architecture; not a lower bound for Regev-style factoring,3709476,1926,3710439,3853,FAILS_REGEV_COMPLEXITY_FIDELITY
Theta(n^3 log2(n)),80.0,1928,32,cover_2n,964,1.012448132780083,False,61,0.03227413217548091,3763456,1952,120000,36,soft-O(n^(3/2)),3881,36.448132780082986,static certificate for the supplied serial binary repeated-squaring architecture; not a lower bound for Regev-style factoring,3717184,1928,3718148,3857,FAILS_REGEV_COMPLEXITY_FIDELITY
Theta(n^3 log2(n)),80.0,1930,32,cover_2n,965,1.01139896373057,False,61,0.032207286093296456,3767360,1952,120000,36,soft-O(n^(3/2)),3883,36.41036269430052,static certificate for the supplied serial binary repeated-squaring architecture; not a lower bound for Regev-style factoring,3724900,1930,3725865,3861,FAILS_REGEV_COMPLEXITY_FIDELITY
Theta(n^3 log2(n)),80.0,1932,32,cover_2n,966,1.010351966873706,False,61,0.03214064747334335,3771264,1952,120000,36,soft-O(n^(3/2)),3885,36.37267080745342,static certificate for the supplied serial binary repeated-squaring architecture; not a lower bound for Regev-style factoring,3732624,1932,3733590,3865,FAILS_REGEV_COMPLEXITY_FIDELITY
Theta(n^3 log2(n)),80.0,1934,32,cover_2n,967,1.0093071354705274,False,61,0.03207421545800777,3775168,1952,120000,36,soft-O(n^(3/2)),3887,36.335056876938985,static certificate for the supplied serial binary repeated-squaring architecture; not a lower bound for Regev-style factoring,3740356,1934,3741323,3869,FAILS_REGEV_COMPLEXITY_FIDELITY
Theta(n^3 log2(n)),80.0,1936,32,cover_2n,968,1.0082644628099173,False,61,0.032007989194102845,3779072,1952,120000,36,soft-O(n^(3/2)),3889,36.29752066115702,static certificate for the supplied serial binary repeated-squaring architecture; not a lower bound for Regev-style factoring,3748096,1936,3749064,3873,FAILS_REGEV_COMPLEXITY_FIDELITY
Theta(n^3 log2(n)),80.0,1938,32,cover_2n,969,1.0072239422084623,False,61,0.03194196783284129,3782976,1952,120000,36,soft-O(n^(3/2)),3891,36.26006191950464,static certificate for the supplied serial binary repeated-squaring architecture; not a lower bound for Regev-style factoring,3755844,1938,3756813,3877,FAILS_REGEV_COMPLEXITY_FIDELITY
Theta(n^3 log2(n)),80.0,1940,32,cover_2n,970,1.0061855670103093,False,61,0.03187615052980818,3786880,1952,120000,36,soft-O(n^(3/2)),3893,36.22268041237113,static certificate for the supplied serial binary repeated-squaring architecture; not a lower bound for Regev-style factoring,3763600,1940,3764570,3881,FAILS_REGEV_COMPLEXITY_FIDELITY
Theta(n^3 log2(n)),80.0,1942,32,cover_2n,971,1.0051493305870236,False,61,0.03181053644493397,3790784,1952,120000,36,soft-O(n^(3/2)),3895,36.18537590113285,static certificate for the supplied serial binary repeated-squaring architecture; not a lower bound for Regev-style factoring,3771364,1942,3772335,3885,FAILS_REGEV_COMPLEXITY_FIDELITY
Theta(n^3 log2(n)),80.0,1944,32,cover_2n,972,1.0041152263374487,False,61,0.03174512474246768,3794688,1952,120000,36,soft-O(n^(3/2)),3897,36.148148148148145,static certificate for the supplied serial binary repeated-squaring architecture; not a lower bound for Regev-style factoring,3779136,1944,3780108,3889,FAILS_REGEV_COMPLEXITY_FIDELITY
Theta(n^3 log2(n)),80.0,1946,32,cover_2n,973,1.0030832476875642,False,61,0.031679914590950264,3798592,1952,120000,36,soft-O(n^(3/2)),3899,36.11099691675231,static certificate for the supplied serial binary repeated-squaring architecture; not a lower bound for Regev-style factoring,3786916,1946,3787889,3893,FAILS_REGEV_COMPLEXITY_FIDELITY
Theta(n^3 log2(n)),80.0,1948,32,cover_2n,974,1.002053388090349,False,61,0.03161490516318824,3802496,1952,120000,36,soft-O(n^(3/2)),3901,36.07392197125257,static certificate for the supplied serial binary repeated-squaring architecture; not a lower bound for Regev-style factoring,3794704,1948,3795678,3897,FAILS_REGEV_COMPLEXITY_FIDELITY
Theta(n^3 log2(n)),80.0,1950,32,cover_2n,975,1.001025641025641,False,61,0.0315500956362274,3806400,1952,120000,36,soft-O(n^(3/2)),3903,36.036923076923074,static certificate for the supplied serial binary repeated-squaring architecture; not a lower bound for Regev-style factoring,3802500,1950,3803475,3901,FAILS_REGEV_COMPLEXITY_FIDELITY
Theta(n^3 log2(n)),80.0,1952,32,cover_2n,976,1.0,False,61,0.031485485191326795,3810304,1952,120000,36,soft-O(n^(3/2)),3905,36.0,static certificate for the supplied serial binary repeated-squaring architecture; not a lower bound for Regev-style factoring,3810304,1952,3811280,3905,FAILS_REGEV_COMPLEXITY_FIDELITY
Theta(n^3 log2(n)),80.0,1954,32,cover_2n,977,1.015353121801433,False,62,0.03246844211439732,3876736,1984,124000,36,soft-O(n^(3/2)),3939,36.55271238485159,static certificate for the supplied serial binary repeated-squaring architecture; not a lower bound for Regev-style factoring,3818116,1954,3819093,3909,FAILS_REGEV_COMPLEXITY_FIDELITY
Theta(n^3 log2(n)),80.0,1956,32,cover_2n,978,1.0143149284253579,False,62,0.032402086903442304,3880704,1984,124000,36,soft-O(n^(3/2)),3941,36.515337423312886,static certificate for the supplied serial binary repeated-squaring architecture; not a lower bound for Regev-style factoring,3825936,1956,3826914,3913,FAILS_REGEV_COMPLEXITY_FIDELITY
Theta(n^3 log2(n)),80.0,1958,32,cover_2n,979,1.0132788559754853,False,62,0.0323359348983752,3884672,1984,124000,36,soft-O(n^(3/2)),3943,36.478038815117465,static certificate for the supplied serial binary repeated-squaring architecture; not a lower bound for Regev-style factoring,3833764,1958,3834743,3917,FAILS_REGEV_COMPLEXITY_FIDELITY
Theta(n^3 log2(n)),80.0,1960,32,cover_2n,980,1.0122448979591836,False,62,0.032269985270313176,3888640,1984,124000,36,soft-O(n^(3/2)),3945,36.440816326530616,static certificate for the supplied serial binary repeated-squaring architecture; not a lower bound for Regev-style factoring,3841600,1960,3842580,3921,FAILS_REGEV_COMPLEXITY_FIDELITY
Theta(n^3 log2(n)),80.0,1962,32,cover_2n,981,1.0112130479102956,False,62,0.0322042371945954,3892608,1984,124000,36,soft-O(n^(3/2)),3947,36.403669724770644,static certificate for the supplied serial binary repeated-squaring architecture; not a lower bound for Regev-style factoring,3849444,1962,3850425,3925,FAILS_REGEV_COMPLEXITY_FIDELITY
Theta(n^3 log2(n)),80.0,1964,32,cover_2n,982,1.010183299389002,False,62,0.032138689850757254,3896576,1984,124000,36,soft-O(n^(3/2)),3949,36.366598778004075,static certificate for the supplied serial binary repeated-squaring architecture; not a lower bound for Regev-style factoring,3857296,1964,3858278,3929,FAILS_REGEV_COMPLEXITY_FIDELITY
Theta(n^3 log2(n)),80.0,1966,32,cover_2n,983,1.0091556459816886,False,62,0.03207334242250472,3900544,1984,124000,36,soft-O(n^(3/2)),3951,36.32960325534079,static certificate for the supplied serial binary repeated-squaring architecture; not a lower bound for Regev-style factoring,3865156,1966,3866139,3933,FAILS_REGEV_COMPLEXITY_FIDELITY
Theta(n^3 log2(n)),80.0,1968,32,cover_2n,984,1.008130081300813,False,62,0.032008194097689006,3904512,1984,124000,36,soft-O(n^(3/2)),3953,36.292682926829265,static certificate for the supplied serial binary repeated-squaring architecture; not a lower bound for Regev-style factoring,3873024,1968,3874008,3937,FAILS_REGEV_COMPLEXITY_FIDELITY
Theta(n^3 log2(n)),80.0,1970,32,cover_2n,985,1.0071065989847716,False,62,0.03194324406828126,3908480,1984,124000,36,soft-O(n^(3/2)),3955,36.25583756345178,static certificate for the supplied serial binary repeated-squaring architecture; not a lower bound for Regev-style factoring,3880900,1970,3881885,3941,FAILS_REGEV_COMPLEXITY_FIDELITY
Theta(n^3 log2(n)),80.0,1972,32,cover_2n,986,1.0060851926977687,False,62,0.03187849153034755,3912448,1984,124000,36,soft-O(n^(3/2)),3957,36.21906693711968,static certificate for the supplied serial binary repeated-squaring architecture; not a lower bound for Regev-style factoring,3888784,1972,3889770,3945,FAILS_REGEV_COMPLEXITY_FIDELITY
Theta(n^3 log2(n)),80.0,1974,32,cover_2n,987,1.005065856129686,False,62,0.03181393568402399,3916416,1984,124000,36,soft-O(n^(3/2)),3959,36.182370820668694,static certificate for the supplied serial binary repeated-squaring architecture; not a lower bound for Regev-style factoring,3896676,1974,3897663,3949,FAILS_REGEV_COMPLEXITY_FIDELITY
Theta(n^3 log2(n)),80.0,1976,32,cover_2n,988,1.0040485829959513,False,62,0.03174957573349201,3920384,1984,124000,36,soft-O(n^(3/2)),3961,36.14574898785425,static certificate for the supplied serial binary repeated-squaring architecture; not a lower bound for Regev-style factoring,3904576,1976,3905564,3953,FAILS_REGEV_COMPLEXITY_FIDELITY
Theta(n^3 log2(n)),80.0,1978,32,cover_2n,989,1.0030333670374114,False,62,0.03168541088695386,3924352,1984,124000,36,soft-O(n^(3/2)),3963,36.109201213346815,static certificate for the supplied serial binary repeated-squaring architecture; not a lower bound for Regev-style factoring,3912484,1978,3913473,3957,FAILS_REGEV_COMPLEXITY_FIDELITY
Theta(n^3 log2(n)),80.0,1980,32,cover_2n,990,1.002020202020202,False,62,0.031621440356608244,3928320,1984,124000,36,soft-O(n^(3/2)),3965,36.07272727272727,static certificate for the supplied serial binary repeated-squaring architecture; not a lower bound for Regev-style factoring,3920400,1980,3921390,3961,FAILS_REGEV_COMPLEXITY_FIDELITY
Theta(n^3 log2(n)),80.0,1982,32,cover_2n,991,1.0010090817356205,False,62,0.03155766335862612,3932288,1984,124000,36,soft-O(n^(3/2)),3967,36.03632694248234,static certificate for the supplied serial binary repeated-squaring architecture; not a lower bound for Regev-style factoring,3928324,1982,3929315,3965,FAILS_REGEV_COMPLEXITY_FIDELITY
Theta(n^3 log2(n)),80.0,1984,32,cover_2n,992,1.0,False,62,0.03149407911312673,3936256,1984,124000,36,soft-O(n^(3/2)),3969,36.0,static certificate for the supplied serial binary repeated-squaring architecture; not a lower bound for Regev-style factoring,3936256,1984,3937248,3969,FAILS_REGEV_COMPLEXITY_FIDELITY
Theta(n^3 log2(n)),80.0,1986,32,cover_2n,993,1.0151057401812689,False,63,0.03243646882316665,4003776,2016,127968,36,soft-O(n^(3/2)),4003,36.54380664652568,static certificate for the supplied serial binary repeated-squaring architecture; not a lower bound for Regev-style factoring,3944196,1986,3945189,3973,FAILS_REGEV_COMPLEXITY_FIDELITY
Theta(n^3 log2(n)),80.0,1988,32,cover_2n,994,1.0140845070422535,False,63,0.03237124532460035,4007808,2016,127968,36,soft-O(n^(3/2)),4005,36.50704225352113,static certificate for the supplied serial binary repeated-squaring architecture; not a lower bound for Regev-style factoring,3952144,1988,3953138,3977,FAILS_REGEV_COMPLEXITY_FIDELITY
Theta(n^3 log2(n)),80.0,1990,32,cover_2n,995,1.0130653266331657,False,63,0.032306218356287844,4011840,2016,127968,36,soft-O(n^(3/2)),4007,36.47035175879397,static certificate for the supplied serial binary repeated-squaring architecture; not a lower bound for Regev-style factoring,3960100,1990,3961095,3981,FAILS_REGEV_COMPLEXITY_FIDELITY
Theta(n^3 log2(n)),80.0,1992,32,cover_2n,996,1.0120481927710843,False,63,0.03224138712944627,4015872,2016,127968,36,soft-O(n^(3/2)),4009,36.433734939759034,static certificate for the supplied serial binary repeated-squaring architecture; not a lower bound for Regev-style factoring,3968064,1992,3969060,3985,FAILS_REGEV_COMPLEXITY_FIDELITY
Theta(n^3 log2(n)),80.0,1994,32,cover_2n,997,1.0110330992978938,False,63,0.032176750859246074,4019904,2016,127968,36,soft-O(n^(3/2)),4011,36.397191574724175,static certificate for the supplied serial binary repeated-squaring architecture; not a lower bound for Regev-style factoring,3976036,1994,3977033,3989,FAILS_REGEV_COMPLEXITY_FIDELITY
Theta(n^3 log2(n)),80.0,1996,32,cover_2n,998,1.0100200400801602,False,63,0.032112308764787274,4023936,2016,127968,36,soft-O(n^(3/2)),4013,36.36072144288577,static certificate for the supplied serial binary repeated-squaring architecture; not a lower bound for Regev-style factoring,3984016,1996,3985014,3993,FAILS_REGEV_COMPLEXITY_FIDELITY
Theta(n^3 log2(n)),80.0,1998,32,cover_2n,999,1.009009009009009,False,63,0.03204806006907583,4027968,2016,127968,36,soft-O(n^(3/2)),4015,36.32432432432432,static certificate for the supplied serial binary repeated-squaring architecture; not a lower bound for Regev-style factoring,3992004,1998,3993003,3997,FAILS_REGEV_COMPLEXITY_FIDELITY
Theta(n^3 log2(n)),80.0,2000,32,cover_2n,1000,1.008,False,63,0.03198400399900025,4032000,2016,127968,36,soft-O(n^(3/2)),4017,36.288,static certificate for the supplied serial binary repeated-squaring architecture; not a lower bound for Regev-style factoring,4000000,2000,4001000,4001,FAILS_REGEV_COMPLEXITY_FIDELITY
Theta(n^3 log2(n)),80.0,2002,32,cover_2n,1001,1.006993006993007,False,63,0.031920139785308325,4036032,2016,127968,36,soft-O(n^(3/2)),4019,36.25174825174825,static certificate for the supplied serial binary repeated-squaring architecture; not a lower bound for Regev-style factoring,4008004,2002,4009005,4005,FAILS_REGEV_COMPLEXITY_FIDELITY
Theta(n^3 log2(n)),80.0,2004,32,cover_2n,1002,1.0059880239520957,False,63,0.031856466662584036,4040064,2016,127968,36,soft-O(n^(3/2)),4021,36.21556886227545,static certificate for the supplied serial binary repeated-squaring architecture; not a lower bound for Regev-style factoring,4016016,2004,4017018,4009,FAILS_REGEV_COMPLEXITY_FIDELITY
Theta(n^3 log2(n)),80.0,2006,32,cover_2n,1003,1.0049850448654039,False,63,0.03179298386922462,4044096,2016,127968,36,soft-O(n^(3/2)),4023,36.17946161515454,static certificate for the supplied serial binary repeated-squaring architecture; not a lower bound for Regev-style factoring,4024036,2006,4025039,4013,FAILS_REGEV_COMPLEXITY_FIDELITY
Theta(n^3 log2(n)),80.0,2008,32,cover_2n,1004,1.00398406374502,False,63,0.0317296906474178,4048128,2016,127968,36,soft-O(n^(3/2)),4025,36.14342629482072,static certificate for the supplied serial binary repeated-squaring architecture; not a lower bound for Regev-style factoring,4032064,2008,4033068,4017,FAILS_REGEV_COMPLEXITY_FIDELITY
Theta(n^3 log2(n)),80.0,2010,32,cover_2n,1005,1.0029850746268656,False,63,0.031666586243119146,4052160,2016,127968,36,soft-O(n^(3/2)),4027,36.10746268656717,static certificate for the supplied serial binary repeated-squaring architecture; not a lower bound for Regev-style factoring,4040100,2010,4041105,4021,FAILS_REGEV_COMPLEXITY_FIDELITY
Theta(n^3 log2(n)),80.0,2012,32,cover_2n,1006,1.0019880715705765,False,63,0.03160366990602966,4056192,2016,127968,36,soft-O(n^(3/2)),4029,36.07157057654076,static certificate for the supplied serial binary repeated-squaring architecture; not a lower bound for Regev-style factoring,4048144,2012,4049150,4025,FAILS_REGEV_COMPLEXITY_FIDELITY
Theta(n^3 log2(n)),80.0,2014,32,cover_2n,1007,1.0009930486593843,False,63,0.03154094088957343,4060224,2016,127968,36,soft-O(n^(3/2)),4031,36.03574975173783,static certificate for the supplied serial binary repeated-squaring architecture; not a lower bound for Regev-style factoring,4056196,2014,4057203,4029,FAILS_REGEV_COMPLEXITY_FIDELITY
Theta(n^3 log2(n)),80.0,2016,32,cover_2n,1008,1.0,False,63,0.031478398450875515,4064256,2016,127968,36,soft-O(n^(3/2)),4033,36.0,static certificate for the supplied serial binary repeated-squaring architecture; not a lower bound for Regev-style factoring,4064256,2016,4065264,4033,FAILS_REGEV_COMPLEXITY_FIDELITY
Theta(n^3 log2(n)),80.0,2018,32,cover_2n,1009,1.0148662041625371,False,64,0.0324294625556025,4132864,2048,132096,36,soft-O(n^(3/2)),4067,36.53518334985134,static certificate for the supplied serial binary repeated-squaring architecture; not a lower bound for Regev-style factoring,4072324,2018,4073333,4037,FAILS_REGEV_COMPLEXITY_FIDELITY
Theta(n^3 log2(n)),80.0,2020,32,cover_2n,1010,1.0138613861386139,False,64,0.03236528552632546,4136960,2048,132096,36,soft-O(n^(3/2)),4069,36.499009900990096,static certificate for the supplied serial binary repeated-squaring architecture; not a lower bound for Regev-style factoring,4080400,2020,4081410,4041,FAILS_REGEV_COMPLEXITY_FIDELITY
Theta(n^3 log2(n)),80.0,2022,32,cover_2n,1011,1.012858555885262,False,64,0.032301298815623936,4141056,2048,132096,36,soft-O(n^(3/2)),4071,36.46290801186944,static certificate for the supplied serial binary repeated-squaring architecture; not a lower bound for Regev-style factoring,4088484,2022,4089495,4045,FAILS_REGEV_COMPLEXITY_FIDELITY
Theta(n^3 log2(n)),80.0,2024,32,cover_2n,1012,1.0118577075098814,False,64,0.032237501671715164,4145152,2048,132096,36,soft-O(n^(3/2)),4073,36.426877470355734,static certificate for the supplied serial binary repeated-squaring architecture; not a lower bound for Regev-style factoring,4096576,2024,4097588,4049,FAILS_REGEV_COMPLEXITY_FIDELITY
Theta(n^3 log2(n)),80.0,2026,32,cover_2n,1013,1.0108588351431391,False,64,0.03217389334652478,4149248,2048,132096,36,soft-O(n^(3/2)),4075,36.39091806515301,static certificate for the supplied serial binary repeated-squaring architecture; not a lower bound for Regev-style factoring,4104676,2026,4105689,4053,FAILS_REGEV_COMPLEXITY_FIDELITY
Theta(n^3 log2(n)),80.0,2028,32,cover_2n,1014,1.009861932938856,False,64,0.03211047309566488,4153344,2048,132096,36,soft-O(n^(3/2)),4077,36.35502958579882,static certificate for the supplied serial binary repeated-squaring architecture; not a lower bound for Regev-style factoring,4112784,2028,4113798,4057,FAILS_REGEV_COMPLEXITY_FIDELITY
Theta(n^3 log2(n)),80.0,2030,32,cover_2n,1015,1.0088669950738915,False,64,0.03204724017841222,4157440,2048,132096,36,soft-O(n^(3/2)),4079,36.3192118226601,static certificate for the supplied serial binary repeated-squaring architecture; not a lower bound for Regev-style factoring,4120900,2030,4121915,4061,FAILS_REGEV_COMPLEXITY_FIDELITY
Theta(n^3 log2(n)),80.0,2032,32,cover_2n,1016,1.0078740157480315,False,64,0.03198419385768661,4161536,2048,132096,36,soft-O(n^(3/2)),4081,36.28346456692913,static certificate for the supplied serial binary repeated-squaring architecture; not a lower bound for Regev-style factoring,4129024,2032,4130040,4065,FAILS_REGEV_COMPLEXITY_FIDELITY
Theta(n^3 log2(n)),80.0,2034,32,cover_2n,1017,1.0068829891838742,False,64,0.031921333400029436,4165632,2048,132096,36,soft-O(n^(3/2)),4083,36.24778761061947,static certificate for the supplied serial binary repeated-squaring architecture; not a lower bound for Regev-style factoring,4137156,2034,4138173,4069,FAILS_REGEV_COMPLEXITY_FIDELITY
Theta(n^3 log2(n)),80.0,2036,32,cover_2n,1018,1.005893909626719,False,64,0.03185865807558231,4169728,2048,132096,36,soft-O(n^(3/2)),4085,36.212180746561884,static certificate for the supplied serial binary repeated-squaring architecture; not a lower bound for Regev-style factoring,4145296,2036,4146314,4073,FAILS_REGEV_COMPLEXITY_FIDELITY
Theta(n^3 log2(n)),80.0,2038,32,cover_2n,1019,1.0049067713444553,False,64,0.031796167158065915,4173824,2048,132096,36,soft-O(n^(3/2)),4087,36.176643768400396,static certificate for the supplied serial binary repeated-squaring architecture; not a lower bound for Regev-style factoring,4153444,2038,4154463,4077,FAILS_REGEV_COMPLEXITY_FIDELITY
Theta(n^3 log2(n)),80.0,2040,32,cover_2n,1020,1.003921568627451,False,64,0.031733859924758925,4177920,2048,132096,36,soft-O(n^(3/2)),4089,36.141176470588235,static certificate for the supplied serial binary repeated-squaring architecture; not a lower bound for Regev-style factoring,4161600,2040,4162620,4081,FAILS_REGEV_COMPLEXITY_FIDELITY
Theta(n^3 log2(n)),80.0,2042,32,cover_2n,1021,1.0029382957884427,False,64,0.031671735656477136,4182016,2048,132096,36,soft-O(n^(3/2)),4091,36.10577864838394,static certificate for the supplied serial binary repeated-squaring architecture; not a lower bound for Regev-style factoring,4169764,2042,4170785,4085,FAILS_REGEV_COMPLEXITY_FIDELITY
Theta(n^3 log2(n)),80.0,2044,32,cover_2n,1022,1.0019569471624266,False,64,0.03160979363755271,4186112,2048,132096,36,soft-O(n^(3/2)),4093,36.070450097847356,static certificate for the supplied serial binary repeated-squaring architecture; not a lower bound for Regev-style factoring,4177936,2044,4178958,4089,FAILS_REGEV_COMPLEXITY_FIDELITY
Theta(n^3 log2(n)),80.0,2046,32,cover_2n,1023,1.0009775171065494,False,64,0.03154803315581355,4190208,2048,132096,36,soft-O(n^(3/2)),4095,36.03519061583578,static certificate for the supplied serial binary repeated-squaring architecture; not a lower bound for Regev-style factoring,4186116,2046,4187139,4093,FAILS_REGEV_COMPLEXITY_FIDELITY
Theta(n^3 log2(n)),80.0,2048,32,cover_2n,1024,1.0,False,64,0.03148645350256285,4194304,2048,132096,36,soft-O(n^(3/2)),4097,36.0,static certificate for the supplied serial binary repeated-squaring architecture; not a lower bound for Regev-style factoring,4194304,2048,4195328,4097,FAILS_REGEV_COMPLEXITY_FIDELITY
