cause,d,executed_code_modular_addition_factor,missing_factor_code_over_paper,n,paper_derivation_modular_addition_factor,paper_reported_implementation_class,q,source_verified_implementation_class
"each constant modular multiplier loops over n result bits, not q exponent-register bits",2,64,1.0,4,64,O(n^(5/2) log n),4,Theta(n^3 log n)
"each constant modular multiplier loops over n result bits, not q exponent-register bits",3,120,1.25,5,96,O(n^(5/2) log n),4,Theta(n^3 log n)
"each constant modular multiplier loops over n result bits, not q exponent-register bits",3,144,1.5,6,96,O(n^(5/2) log n),4,Theta(n^3 log n)
"each constant modular multiplier loops over n result bits, not q exponent-register bits",3,210,1.4,7,150,O(n^(5/2) log n),5,Theta(n^3 log n)
"each constant modular multiplier loops over n result bits, not q exponent-register bits",3,288,1.3333333333333333,8,216,O(n^(5/2) log n),6,Theta(n^3 log n)
"each constant modular multiplier loops over n result bits, not q exponent-register bits",3,324,1.5,9,216,O(n^(5/2) log n),6,Theta(n^3 log n)
"each constant modular multiplier loops over n result bits, not q exponent-register bits",4,400,2.0,10,200,O(n^(5/2) log n),5,Theta(n^3 log n)
"each constant modular multiplier loops over n result bits, not q exponent-register bits",4,528,1.8333333333333333,11,288,O(n^(5/2) log n),6,Theta(n^3 log n)
"each constant modular multiplier loops over n result bits, not q exponent-register bits",4,576,2.0,12,288,O(n^(5/2) log n),6,Theta(n^3 log n)
"each constant modular multiplier loops over n result bits, not q exponent-register bits",4,728,1.8571428571428572,13,392,O(n^(5/2) log n),7,Theta(n^3 log n)
"each constant modular multiplier loops over n result bits, not q exponent-register bits",4,784,2.0,14,392,O(n^(5/2) log n),7,Theta(n^3 log n)
"each constant modular multiplier loops over n result bits, not q exponent-register bits",4,960,1.875,15,512,O(n^(5/2) log n),8,Theta(n^3 log n)
"each constant modular multiplier loops over n result bits, not q exponent-register bits",4,1024,2.0,16,512,O(n^(5/2) log n),8,Theta(n^3 log n)
"each constant modular multiplier loops over n result bits, not q exponent-register bits",5,1190,2.4285714285714284,17,490,O(n^(5/2) log n),7,Theta(n^3 log n)
"each constant modular multiplier loops over n result bits, not q exponent-register bits",5,1440,2.25,18,640,O(n^(5/2) log n),8,Theta(n^3 log n)
"each constant modular multiplier loops over n result bits, not q exponent-register bits",5,1520,2.375,19,640,O(n^(5/2) log n),8,Theta(n^3 log n)
"each constant modular multiplier loops over n result bits, not q exponent-register bits",5,1600,2.5,20,640,O(n^(5/2) log n),8,Theta(n^3 log n)
"each constant modular multiplier loops over n result bits, not q exponent-register bits",5,1890,2.3333333333333335,21,810,O(n^(5/2) log n),9,Theta(n^3 log n)
"each constant modular multiplier loops over n result bits, not q exponent-register bits",5,1980,2.4444444444444446,22,810,O(n^(5/2) log n),9,Theta(n^3 log n)
"each constant modular multiplier loops over n result bits, not q exponent-register bits",5,2300,2.3,23,1000,O(n^(5/2) log n),10,Theta(n^3 log n)
"each constant modular multiplier loops over n result bits, not q exponent-register bits",5,2400,2.4,24,1000,O(n^(5/2) log n),10,Theta(n^3 log n)
"each constant modular multiplier loops over n result bits, not q exponent-register bits",5,2500,2.5,25,1000,O(n^(5/2) log n),10,Theta(n^3 log n)
"each constant modular multiplier loops over n result bits, not q exponent-register bits",6,2808,2.888888888888889,26,972,O(n^(5/2) log n),9,Theta(n^3 log n)
"each constant modular multiplier loops over n result bits, not q exponent-register bits",6,2916,3.0,27,972,O(n^(5/2) log n),9,Theta(n^3 log n)
"each constant modular multiplier loops over n result bits, not q exponent-register bits",6,3360,2.8,28,1200,O(n^(5/2) log n),10,Theta(n^3 log n)
"each constant modular multiplier loops over n result bits, not q exponent-register bits",6,3480,2.9,29,1200,O(n^(5/2) log n),10,Theta(n^3 log n)
"each constant modular multiplier loops over n result bits, not q exponent-register bits",6,3600,3.0,30,1200,O(n^(5/2) log n),10,Theta(n^3 log n)
"each constant modular multiplier loops over n result bits, not q exponent-register bits",6,4092,2.8181818181818183,31,1452,O(n^(5/2) log n),11,Theta(n^3 log n)
"each constant modular multiplier loops over n result bits, not q exponent-register bits",6,4224,2.909090909090909,32,1452,O(n^(5/2) log n),11,Theta(n^3 log n)
"each constant modular multiplier loops over n result bits, not q exponent-register bits",6,4356,3.0,33,1452,O(n^(5/2) log n),11,Theta(n^3 log n)
"each constant modular multiplier loops over n result bits, not q exponent-register bits",6,4896,2.8333333333333335,34,1728,O(n^(5/2) log n),12,Theta(n^3 log n)
"each constant modular multiplier loops over n result bits, not q exponent-register bits",6,5040,2.9166666666666665,35,1728,O(n^(5/2) log n),12,Theta(n^3 log n)
"each constant modular multiplier loops over n result bits, not q exponent-register bits",6,5184,3.0,36,1728,O(n^(5/2) log n),12,Theta(n^3 log n)
"each constant modular multiplier loops over n result bits, not q exponent-register bits",7,5698,3.3636363636363638,37,1694,O(n^(5/2) log n),11,Theta(n^3 log n)
"each constant modular multiplier loops over n result bits, not q exponent-register bits",7,5852,3.4545454545454546,38,1694,O(n^(5/2) log n),11,Theta(n^3 log n)
"each constant modular multiplier loops over n result bits, not q exponent-register bits",7,6552,3.25,39,2016,O(n^(5/2) log n),12,Theta(n^3 log n)
"each constant modular multiplier loops over n result bits, not q exponent-register bits",7,6720,3.3333333333333335,40,2016,O(n^(5/2) log n),12,Theta(n^3 log n)
"each constant modular multiplier loops over n result bits, not q exponent-register bits",7,6888,3.4166666666666665,41,2016,O(n^(5/2) log n),12,Theta(n^3 log n)
"each constant modular multiplier loops over n result bits, not q exponent-register bits",7,7056,3.5,42,2016,O(n^(5/2) log n),12,Theta(n^3 log n)
"each constant modular multiplier loops over n result bits, not q exponent-register bits",7,7826,3.3076923076923075,43,2366,O(n^(5/2) log n),13,Theta(n^3 log n)
"each constant modular multiplier loops over n result bits, not q exponent-register bits",7,8008,3.3846153846153846,44,2366,O(n^(5/2) log n),13,Theta(n^3 log n)
"each constant modular multiplier loops over n result bits, not q exponent-register bits",7,8190,3.4615384615384617,45,2366,O(n^(5/2) log n),13,Theta(n^3 log n)
"each constant modular multiplier loops over n result bits, not q exponent-register bits",7,9016,3.2857142857142856,46,2744,O(n^(5/2) log n),14,Theta(n^3 log n)
"each constant modular multiplier loops over n result bits, not q exponent-register bits",7,9212,3.357142857142857,47,2744,O(n^(5/2) log n),14,Theta(n^3 log n)
"each constant modular multiplier loops over n result bits, not q exponent-register bits",7,9408,3.4285714285714284,48,2744,O(n^(5/2) log n),14,Theta(n^3 log n)
"each constant modular multiplier loops over n result bits, not q exponent-register bits",7,9604,3.5,49,2744,O(n^(5/2) log n),14,Theta(n^3 log n)
"each constant modular multiplier loops over n result bits, not q exponent-register bits",8,10400,3.8461538461538463,50,2704,O(n^(5/2) log n),13,Theta(n^3 log n)
"each constant modular multiplier loops over n result bits, not q exponent-register bits",8,10608,3.923076923076923,51,2704,O(n^(5/2) log n),13,Theta(n^3 log n)
"each constant modular multiplier loops over n result bits, not q exponent-register bits",8,10816,4.0,52,2704,O(n^(5/2) log n),13,Theta(n^3 log n)
"each constant modular multiplier loops over n result bits, not q exponent-register bits",8,11872,3.7857142857142856,53,3136,O(n^(5/2) log n),14,Theta(n^3 log n)
"each constant modular multiplier loops over n result bits, not q exponent-register bits",8,12096,3.857142857142857,54,3136,O(n^(5/2) log n),14,Theta(n^3 log n)
"each constant modular multiplier loops over n result bits, not q exponent-register bits",8,12320,3.9285714285714284,55,3136,O(n^(5/2) log n),14,Theta(n^3 log n)
"each constant modular multiplier loops over n result bits, not q exponent-register bits",8,12544,4.0,56,3136,O(n^(5/2) log n),14,Theta(n^3 log n)
"each constant modular multiplier loops over n result bits, not q exponent-register bits",8,13680,3.8,57,3600,O(n^(5/2) log n),15,Theta(n^3 log n)
"each constant modular multiplier loops over n result bits, not q exponent-register bits",8,13920,3.8666666666666667,58,3600,O(n^(5/2) log n),15,Theta(n^3 log n)
"each constant modular multiplier loops over n result bits, not q exponent-register bits",8,14160,3.933333333333333,59,3600,O(n^(5/2) log n),15,Theta(n^3 log n)
"each constant modular multiplier loops over n result bits, not q exponent-register bits",8,14400,4.0,60,3600,O(n^(5/2) log n),15,Theta(n^3 log n)
"each constant modular multiplier loops over n result bits, not q exponent-register bits",8,15616,3.8125,61,4096,O(n^(5/2) log n),16,Theta(n^3 log n)
"each constant modular multiplier loops over n result bits, not q exponent-register bits",8,15872,3.875,62,4096,O(n^(5/2) log n),16,Theta(n^3 log n)
"each constant modular multiplier loops over n result bits, not q exponent-register bits",8,16128,3.9375,63,4096,O(n^(5/2) log n),16,Theta(n^3 log n)
"each constant modular multiplier loops over n result bits, not q exponent-register bits",8,16384,4.0,64,4096,O(n^(5/2) log n),16,Theta(n^3 log n)
"each constant modular multiplier loops over n result bits, not q exponent-register bits",9,17550,4.333333333333333,65,4050,O(n^(5/2) log n),15,Theta(n^3 log n)
"each constant modular multiplier loops over n result bits, not q exponent-register bits",9,17820,4.4,66,4050,O(n^(5/2) log n),15,Theta(n^3 log n)
"each constant modular multiplier loops over n result bits, not q exponent-register bits",9,18090,4.466666666666667,67,4050,O(n^(5/2) log n),15,Theta(n^3 log n)
"each constant modular multiplier loops over n result bits, not q exponent-register bits",9,19584,4.25,68,4608,O(n^(5/2) log n),16,Theta(n^3 log n)
"each constant modular multiplier loops over n result bits, not q exponent-register bits",9,19872,4.3125,69,4608,O(n^(5/2) log n),16,Theta(n^3 log n)
"each constant modular multiplier loops over n result bits, not q exponent-register bits",9,20160,4.375,70,4608,O(n^(5/2) log n),16,Theta(n^3 log n)
"each constant modular multiplier loops over n result bits, not q exponent-register bits",9,20448,4.4375,71,4608,O(n^(5/2) log n),16,Theta(n^3 log n)
"each constant modular multiplier loops over n result bits, not q exponent-register bits",9,20736,4.5,72,4608,O(n^(5/2) log n),16,Theta(n^3 log n)
"each constant modular multiplier loops over n result bits, not q exponent-register bits",9,22338,4.294117647058823,73,5202,O(n^(5/2) log n),17,Theta(n^3 log n)
"each constant modular multiplier loops over n result bits, not q exponent-register bits",9,22644,4.352941176470588,74,5202,O(n^(5/2) log n),17,Theta(n^3 log n)
"each constant modular multiplier loops over n result bits, not q exponent-register bits",9,22950,4.411764705882353,75,5202,O(n^(5/2) log n),17,Theta(n^3 log n)
"each constant modular multiplier loops over n result bits, not q exponent-register bits",9,23256,4.470588235294118,76,5202,O(n^(5/2) log n),17,Theta(n^3 log n)
"each constant modular multiplier loops over n result bits, not q exponent-register bits",9,24948,4.277777777777778,77,5832,O(n^(5/2) log n),18,Theta(n^3 log n)
"each constant modular multiplier loops over n result bits, not q exponent-register bits",9,25272,4.333333333333333,78,5832,O(n^(5/2) log n),18,Theta(n^3 log n)
"each constant modular multiplier loops over n result bits, not q exponent-register bits",9,25596,4.388888888888889,79,5832,O(n^(5/2) log n),18,Theta(n^3 log n)
"each constant modular multiplier loops over n result bits, not q exponent-register bits",9,25920,4.444444444444445,80,5832,O(n^(5/2) log n),18,Theta(n^3 log n)
"each constant modular multiplier loops over n result bits, not q exponent-register bits",9,26244,4.5,81,5832,O(n^(5/2) log n),18,Theta(n^3 log n)
"each constant modular multiplier loops over n result bits, not q exponent-register bits",10,27880,4.823529411764706,82,5780,O(n^(5/2) log n),17,Theta(n^3 log n)
"each constant modular multiplier loops over n result bits, not q exponent-register bits",10,28220,4.882352941176471,83,5780,O(n^(5/2) log n),17,Theta(n^3 log n)
"each constant modular multiplier loops over n result bits, not q exponent-register bits",10,28560,4.9411764705882355,84,5780,O(n^(5/2) log n),17,Theta(n^3 log n)
"each constant modular multiplier loops over n result bits, not q exponent-register bits",10,28900,5.0,85,5780,O(n^(5/2) log n),17,Theta(n^3 log n)
"each constant modular multiplier loops over n result bits, not q exponent-register bits",10,30960,4.777777777777778,86,6480,O(n^(5/2) log n),18,Theta(n^3 log n)
"each constant modular multiplier loops over n result bits, not q exponent-register bits",10,31320,4.833333333333333,87,6480,O(n^(5/2) log n),18,Theta(n^3 log n)
"each constant modular multiplier loops over n result bits, not q exponent-register bits",10,31680,4.888888888888889,88,6480,O(n^(5/2) log n),18,Theta(n^3 log n)
"each constant modular multiplier loops over n result bits, not q exponent-register bits",10,32040,4.944444444444445,89,6480,O(n^(5/2) log n),18,Theta(n^3 log n)
"each constant modular multiplier loops over n result bits, not q exponent-register bits",10,32400,5.0,90,6480,O(n^(5/2) log n),18,Theta(n^3 log n)
"each constant modular multiplier loops over n result bits, not q exponent-register bits",10,34580,4.7894736842105265,91,7220,O(n^(5/2) log n),19,Theta(n^3 log n)
"each constant modular multiplier loops over n result bits, not q exponent-register bits",10,34960,4.842105263157895,92,7220,O(n^(5/2) log n),19,Theta(n^3 log n)
"each constant modular multiplier loops over n result bits, not q exponent-register bits",10,35340,4.894736842105263,93,7220,O(n^(5/2) log n),19,Theta(n^3 log n)
"each constant modular multiplier loops over n result bits, not q exponent-register bits",10,35720,4.947368421052632,94,7220,O(n^(5/2) log n),19,Theta(n^3 log n)
"each constant modular multiplier loops over n result bits, not q exponent-register bits",10,36100,5.0,95,7220,O(n^(5/2) log n),19,Theta(n^3 log n)
"each constant modular multiplier loops over n result bits, not q exponent-register bits",10,38400,4.8,96,8000,O(n^(5/2) log n),20,Theta(n^3 log n)
"each constant modular multiplier loops over n result bits, not q exponent-register bits",10,38800,4.85,97,8000,O(n^(5/2) log n),20,Theta(n^3 log n)
"each constant modular multiplier loops over n result bits, not q exponent-register bits",10,39200,4.9,98,8000,O(n^(5/2) log n),20,Theta(n^3 log n)
"each constant modular multiplier loops over n result bits, not q exponent-register bits",10,39600,4.95,99,8000,O(n^(5/2) log n),20,Theta(n^3 log n)
"each constant modular multiplier loops over n result bits, not q exponent-register bits",10,40000,5.0,100,8000,O(n^(5/2) log n),20,Theta(n^3 log n)
"each constant modular multiplier loops over n result bits, not q exponent-register bits",11,42218,5.315789473684211,101,7942,O(n^(5/2) log n),19,Theta(n^3 log n)
"each constant modular multiplier loops over n result bits, not q exponent-register bits",11,42636,5.368421052631579,102,7942,O(n^(5/2) log n),19,Theta(n^3 log n)
"each constant modular multiplier loops over n result bits, not q exponent-register bits",11,43054,5.421052631578948,103,7942,O(n^(5/2) log n),19,Theta(n^3 log n)
"each constant modular multiplier loops over n result bits, not q exponent-register bits",11,43472,5.473684210526316,104,7942,O(n^(5/2) log n),19,Theta(n^3 log n)
"each constant modular multiplier loops over n result bits, not q exponent-register bits",11,46200,5.25,105,8800,O(n^(5/2) log n),20,Theta(n^3 log n)
"each constant modular multiplier loops over n result bits, not q exponent-register bits",11,46640,5.3,106,8800,O(n^(5/2) log n),20,Theta(n^3 log n)
"each constant modular multiplier loops over n result bits, not q exponent-register bits",11,47080,5.35,107,8800,O(n^(5/2) log n),20,Theta(n^3 log n)
"each constant modular multiplier loops over n result bits, not q exponent-register bits",11,47520,5.4,108,8800,O(n^(5/2) log n),20,Theta(n^3 log n)
"each constant modular multiplier loops over n result bits, not q exponent-register bits",11,47960,5.45,109,8800,O(n^(5/2) log n),20,Theta(n^3 log n)
"each constant modular multiplier loops over n result bits, not q exponent-register bits",11,48400,5.5,110,8800,O(n^(5/2) log n),20,Theta(n^3 log n)
"each constant modular multiplier loops over n result bits, not q exponent-register bits",11,51282,5.285714285714286,111,9702,O(n^(5/2) log n),21,Theta(n^3 log n)
"each constant modular multiplier loops over n result bits, not q exponent-register bits",11,51744,5.333333333333333,112,9702,O(n^(5/2) log n),21,Theta(n^3 log n)
"each constant modular multiplier loops over n result bits, not q exponent-register bits",11,52206,5.380952380952381,113,9702,O(n^(5/2) log n),21,Theta(n^3 log n)
"each constant modular multiplier loops over n result bits, not q exponent-register bits",11,52668,5.428571428571429,114,9702,O(n^(5/2) log n),21,Theta(n^3 log n)
"each constant modular multiplier loops over n result bits, not q exponent-register bits",11,53130,5.476190476190476,115,9702,O(n^(5/2) log n),21,Theta(n^3 log n)
"each constant modular multiplier loops over n result bits, not q exponent-register bits",11,56144,5.2727272727272725,116,10648,O(n^(5/2) log n),22,Theta(n^3 log n)
"each constant modular multiplier loops over n result bits, not q exponent-register bits",11,56628,5.318181818181818,117,10648,O(n^(5/2) log n),22,Theta(n^3 log n)
"each constant modular multiplier loops over n result bits, not q exponent-register bits",11,57112,5.363636363636363,118,10648,O(n^(5/2) log n),22,Theta(n^3 log n)
"each constant modular multiplier loops over n result bits, not q exponent-register bits",11,57596,5.409090909090909,119,10648,O(n^(5/2) log n),22,Theta(n^3 log n)
"each constant modular multiplier loops over n result bits, not q exponent-register bits",11,58080,5.454545454545454,120,10648,O(n^(5/2) log n),22,Theta(n^3 log n)
"each constant modular multiplier loops over n result bits, not q exponent-register bits",11,58564,5.5,121,10648,O(n^(5/2) log n),22,Theta(n^3 log n)
"each constant modular multiplier loops over n result bits, not q exponent-register bits",12,61488,5.809523809523809,122,10584,O(n^(5/2) log n),21,Theta(n^3 log n)
"each constant modular multiplier loops over n result bits, not q exponent-register bits",12,61992,5.857142857142857,123,10584,O(n^(5/2) log n),21,Theta(n^3 log n)
"each constant modular multiplier loops over n result bits, not q exponent-register bits",12,62496,5.904761904761905,124,10584,O(n^(5/2) log n),21,Theta(n^3 log n)
"each constant modular multiplier loops over n result bits, not q exponent-register bits",12,63000,5.9523809523809526,125,10584,O(n^(5/2) log n),21,Theta(n^3 log n)
"each constant modular multiplier loops over n result bits, not q exponent-register bits",12,63504,6.0,126,10584,O(n^(5/2) log n),21,Theta(n^3 log n)
"each constant modular multiplier loops over n result bits, not q exponent-register bits",12,67056,5.7727272727272725,127,11616,O(n^(5/2) log n),22,Theta(n^3 log n)
"each constant modular multiplier loops over n result bits, not q exponent-register bits",12,67584,5.818181818181818,128,11616,O(n^(5/2) log n),22,Theta(n^3 log n)
"each constant modular multiplier loops over n result bits, not q exponent-register bits",12,68112,5.863636363636363,129,11616,O(n^(5/2) log n),22,Theta(n^3 log n)
"each constant modular multiplier loops over n result bits, not q exponent-register bits",12,68640,5.909090909090909,130,11616,O(n^(5/2) log n),22,Theta(n^3 log n)
"each constant modular multiplier loops over n result bits, not q exponent-register bits",12,69168,5.954545454545454,131,11616,O(n^(5/2) log n),22,Theta(n^3 log n)
"each constant modular multiplier loops over n result bits, not q exponent-register bits",12,69696,6.0,132,11616,O(n^(5/2) log n),22,Theta(n^3 log n)
"each constant modular multiplier loops over n result bits, not q exponent-register bits",12,73416,5.782608695652174,133,12696,O(n^(5/2) log n),23,Theta(n^3 log n)
"each constant modular multiplier loops over n result bits, not q exponent-register bits",12,73968,5.826086956521739,134,12696,O(n^(5/2) log n),23,Theta(n^3 log n)
"each constant modular multiplier loops over n result bits, not q exponent-register bits",12,74520,5.869565217391305,135,12696,O(n^(5/2) log n),23,Theta(n^3 log n)
"each constant modular multiplier loops over n result bits, not q exponent-register bits",12,75072,5.913043478260869,136,12696,O(n^(5/2) log n),23,Theta(n^3 log n)
"each constant modular multiplier loops over n result bits, not q exponent-register bits",12,75624,5.956521739130435,137,12696,O(n^(5/2) log n),23,Theta(n^3 log n)
"each constant modular multiplier loops over n result bits, not q exponent-register bits",12,76176,6.0,138,12696,O(n^(5/2) log n),23,Theta(n^3 log n)
"each constant modular multiplier loops over n result bits, not q exponent-register bits",12,80064,5.791666666666667,139,13824,O(n^(5/2) log n),24,Theta(n^3 log n)
"each constant modular multiplier loops over n result bits, not q exponent-register bits",12,80640,5.833333333333333,140,13824,O(n^(5/2) log n),24,Theta(n^3 log n)
"each constant modular multiplier loops over n result bits, not q exponent-register bits",12,81216,5.875,141,13824,O(n^(5/2) log n),24,Theta(n^3 log n)
"each constant modular multiplier loops over n result bits, not q exponent-register bits",12,81792,5.916666666666667,142,13824,O(n^(5/2) log n),24,Theta(n^3 log n)
"each constant modular multiplier loops over n result bits, not q exponent-register bits",12,82368,5.958333333333333,143,13824,O(n^(5/2) log n),24,Theta(n^3 log n)
"each constant modular multiplier loops over n result bits, not q exponent-register bits",12,82944,6.0,144,13824,O(n^(5/2) log n),24,Theta(n^3 log n)
"each constant modular multiplier loops over n result bits, not q exponent-register bits",13,86710,6.304347826086956,145,13754,O(n^(5/2) log n),23,Theta(n^3 log n)
"each constant modular multiplier loops over n result bits, not q exponent-register bits",13,87308,6.3478260869565215,146,13754,O(n^(5/2) log n),23,Theta(n^3 log n)
"each constant modular multiplier loops over n result bits, not q exponent-register bits",13,87906,6.391304347826087,147,13754,O(n^(5/2) log n),23,Theta(n^3 log n)
"each constant modular multiplier loops over n result bits, not q exponent-register bits",13,88504,6.434782608695652,148,13754,O(n^(5/2) log n),23,Theta(n^3 log n)
"each constant modular multiplier loops over n result bits, not q exponent-register bits",13,89102,6.478260869565218,149,13754,O(n^(5/2) log n),23,Theta(n^3 log n)
"each constant modular multiplier loops over n result bits, not q exponent-register bits",13,93600,6.25,150,14976,O(n^(5/2) log n),24,Theta(n^3 log n)
"each constant modular multiplier loops over n result bits, not q exponent-register bits",13,94224,6.291666666666667,151,14976,O(n^(5/2) log n),24,Theta(n^3 log n)
"each constant modular multiplier loops over n result bits, not q exponent-register bits",13,94848,6.333333333333333,152,14976,O(n^(5/2) log n),24,Theta(n^3 log n)
"each constant modular multiplier loops over n result bits, not q exponent-register bits",13,95472,6.375,153,14976,O(n^(5/2) log n),24,Theta(n^3 log n)
"each constant modular multiplier loops over n result bits, not q exponent-register bits",13,96096,6.416666666666667,154,14976,O(n^(5/2) log n),24,Theta(n^3 log n)
"each constant modular multiplier loops over n result bits, not q exponent-register bits",13,96720,6.458333333333333,155,14976,O(n^(5/2) log n),24,Theta(n^3 log n)
"each constant modular multiplier loops over n result bits, not q exponent-register bits",13,97344,6.5,156,14976,O(n^(5/2) log n),24,Theta(n^3 log n)
"each constant modular multiplier loops over n result bits, not q exponent-register bits",13,102050,6.28,157,16250,O(n^(5/2) log n),25,Theta(n^3 log n)
"each constant modular multiplier loops over n result bits, not q exponent-register bits",13,102700,6.32,158,16250,O(n^(5/2) log n),25,Theta(n^3 log n)
"each constant modular multiplier loops over n result bits, not q exponent-register bits",13,103350,6.36,159,16250,O(n^(5/2) log n),25,Theta(n^3 log n)
"each constant modular multiplier loops over n result bits, not q exponent-register bits",13,104000,6.4,160,16250,O(n^(5/2) log n),25,Theta(n^3 log n)
"each constant modular multiplier loops over n result bits, not q exponent-register bits",13,104650,6.44,161,16250,O(n^(5/2) log n),25,Theta(n^3 log n)
"each constant modular multiplier loops over n result bits, not q exponent-register bits",13,105300,6.48,162,16250,O(n^(5/2) log n),25,Theta(n^3 log n)
"each constant modular multiplier loops over n result bits, not q exponent-register bits",13,110188,6.269230769230769,163,17576,O(n^(5/2) log n),26,Theta(n^3 log n)
"each constant modular multiplier loops over n result bits, not q exponent-register bits",13,110864,6.3076923076923075,164,17576,O(n^(5/2) log n),26,Theta(n^3 log n)
"each constant modular multiplier loops over n result bits, not q exponent-register bits",13,111540,6.346153846153846,165,17576,O(n^(5/2) log n),26,Theta(n^3 log n)
"each constant modular multiplier loops over n result bits, not q exponent-register bits",13,112216,6.384615384615385,166,17576,O(n^(5/2) log n),26,Theta(n^3 log n)
"each constant modular multiplier loops over n result bits, not q exponent-register bits",13,112892,6.423076923076923,167,17576,O(n^(5/2) log n),26,Theta(n^3 log n)
"each constant modular multiplier loops over n result bits, not q exponent-register bits",13,113568,6.461538461538462,168,17576,O(n^(5/2) log n),26,Theta(n^3 log n)
"each constant modular multiplier loops over n result bits, not q exponent-register bits",13,114244,6.5,169,17576,O(n^(5/2) log n),26,Theta(n^3 log n)
"each constant modular multiplier loops over n result bits, not q exponent-register bits",14,119000,6.8,170,17500,O(n^(5/2) log n),25,Theta(n^3 log n)
"each constant modular multiplier loops over n result bits, not q exponent-register bits",14,119700,6.84,171,17500,O(n^(5/2) log n),25,Theta(n^3 log n)
"each constant modular multiplier loops over n result bits, not q exponent-register bits",14,120400,6.88,172,17500,O(n^(5/2) log n),25,Theta(n^3 log n)
"each constant modular multiplier loops over n result bits, not q exponent-register bits",14,121100,6.92,173,17500,O(n^(5/2) log n),25,Theta(n^3 log n)
"each constant modular multiplier loops over n result bits, not q exponent-register bits",14,121800,6.96,174,17500,O(n^(5/2) log n),25,Theta(n^3 log n)
"each constant modular multiplier loops over n result bits, not q exponent-register bits",14,122500,7.0,175,17500,O(n^(5/2) log n),25,Theta(n^3 log n)
"each constant modular multiplier loops over n result bits, not q exponent-register bits",14,128128,6.769230769230769,176,18928,O(n^(5/2) log n),26,Theta(n^3 log n)
"each constant modular multiplier loops over n result bits, not q exponent-register bits",14,128856,6.8076923076923075,177,18928,O(n^(5/2) log n),26,Theta(n^3 log n)
"each constant modular multiplier loops over n result bits, not q exponent-register bits",14,129584,6.846153846153846,178,18928,O(n^(5/2) log n),26,Theta(n^3 log n)
"each constant modular multiplier loops over n result bits, not q exponent-register bits",14,130312,6.884615384615385,179,18928,O(n^(5/2) log n),26,Theta(n^3 log n)
"each constant modular multiplier loops over n result bits, not q exponent-register bits",14,131040,6.923076923076923,180,18928,O(n^(5/2) log n),26,Theta(n^3 log n)
"each constant modular multiplier loops over n result bits, not q exponent-register bits",14,131768,6.961538461538462,181,18928,O(n^(5/2) log n),26,Theta(n^3 log n)
"each constant modular multiplier loops over n result bits, not q exponent-register bits",14,132496,7.0,182,18928,O(n^(5/2) log n),26,Theta(n^3 log n)
"each constant modular multiplier loops over n result bits, not q exponent-register bits",14,138348,6.777777777777778,183,20412,O(n^(5/2) log n),27,Theta(n^3 log n)
"each constant modular multiplier loops over n result bits, not q exponent-register bits",14,139104,6.814814814814815,184,20412,O(n^(5/2) log n),27,Theta(n^3 log n)
"each constant modular multiplier loops over n result bits, not q exponent-register bits",14,139860,6.851851851851852,185,20412,O(n^(5/2) log n),27,Theta(n^3 log n)
"each constant modular multiplier loops over n result bits, not q exponent-register bits",14,140616,6.888888888888889,186,20412,O(n^(5/2) log n),27,Theta(n^3 log n)
"each constant modular multiplier loops over n result bits, not q exponent-register bits",14,141372,6.925925925925926,187,20412,O(n^(5/2) log n),27,Theta(n^3 log n)
"each constant modular multiplier loops over n result bits, not q exponent-register bits",14,142128,6.962962962962963,188,20412,O(n^(5/2) log n),27,Theta(n^3 log n)
"each constant modular multiplier loops over n result bits, not q exponent-register bits",14,142884,7.0,189,20412,O(n^(5/2) log n),27,Theta(n^3 log n)
"each constant modular multiplier loops over n result bits, not q exponent-register bits",14,148960,6.785714285714286,190,21952,O(n^(5/2) log n),28,Theta(n^3 log n)
"each constant modular multiplier loops over n result bits, not q exponent-register bits",14,149744,6.821428571428571,191,21952,O(n^(5/2) log n),28,Theta(n^3 log n)
"each constant modular multiplier loops over n result bits, not q exponent-register bits",14,150528,6.857142857142857,192,21952,O(n^(5/2) log n),28,Theta(n^3 log n)
"each constant modular multiplier loops over n result bits, not q exponent-register bits",14,151312,6.892857142857143,193,21952,O(n^(5/2) log n),28,Theta(n^3 log n)
"each constant modular multiplier loops over n result bits, not q exponent-register bits",14,152096,6.928571428571429,194,21952,O(n^(5/2) log n),28,Theta(n^3 log n)
"each constant modular multiplier loops over n result bits, not q exponent-register bits",14,152880,6.964285714285714,195,21952,O(n^(5/2) log n),28,Theta(n^3 log n)
"each constant modular multiplier loops over n result bits, not q exponent-register bits",14,153664,7.0,196,21952,O(n^(5/2) log n),28,Theta(n^3 log n)
"each constant modular multiplier loops over n result bits, not q exponent-register bits",15,159570,7.296296296296297,197,21870,O(n^(5/2) log n),27,Theta(n^3 log n)
"each constant modular multiplier loops over n result bits, not q exponent-register bits",15,160380,7.333333333333333,198,21870,O(n^(5/2) log n),27,Theta(n^3 log n)
"each constant modular multiplier loops over n result bits, not q exponent-register bits",15,161190,7.37037037037037,199,21870,O(n^(5/2) log n),27,Theta(n^3 log n)
"each constant modular multiplier loops over n result bits, not q exponent-register bits",15,162000,7.407407407407407,200,21870,O(n^(5/2) log n),27,Theta(n^3 log n)
"each constant modular multiplier loops over n result bits, not q exponent-register bits",15,162810,7.444444444444445,201,21870,O(n^(5/2) log n),27,Theta(n^3 log n)
"each constant modular multiplier loops over n result bits, not q exponent-register bits",15,163620,7.481481481481482,202,21870,O(n^(5/2) log n),27,Theta(n^3 log n)
"each constant modular multiplier loops over n result bits, not q exponent-register bits",15,170520,7.25,203,23520,O(n^(5/2) log n),28,Theta(n^3 log n)
"each constant modular multiplier loops over n result bits, not q exponent-register bits",15,171360,7.285714285714286,204,23520,O(n^(5/2) log n),28,Theta(n^3 log n)
"each constant modular multiplier loops over n result bits, not q exponent-register bits",15,172200,7.321428571428571,205,23520,O(n^(5/2) log n),28,Theta(n^3 log n)
"each constant modular multiplier loops over n result bits, not q exponent-register bits",15,173040,7.357142857142857,206,23520,O(n^(5/2) log n),28,Theta(n^3 log n)
"each constant modular multiplier loops over n result bits, not q exponent-register bits",15,173880,7.392857142857143,207,23520,O(n^(5/2) log n),28,Theta(n^3 log n)
"each constant modular multiplier loops over n result bits, not q exponent-register bits",15,174720,7.428571428571429,208,23520,O(n^(5/2) log n),28,Theta(n^3 log n)
"each constant modular multiplier loops over n result bits, not q exponent-register bits",15,175560,7.464285714285714,209,23520,O(n^(5/2) log n),28,Theta(n^3 log n)
"each constant modular multiplier loops over n result bits, not q exponent-register bits",15,176400,7.5,210,23520,O(n^(5/2) log n),28,Theta(n^3 log n)
"each constant modular multiplier loops over n result bits, not q exponent-register bits",15,183570,7.275862068965517,211,25230,O(n^(5/2) log n),29,Theta(n^3 log n)
"each constant modular multiplier loops over n result bits, not q exponent-register bits",15,184440,7.310344827586207,212,25230,O(n^(5/2) log n),29,Theta(n^3 log n)
"each constant modular multiplier loops over n result bits, not q exponent-register bits",15,185310,7.344827586206897,213,25230,O(n^(5/2) log n),29,Theta(n^3 log n)
"each constant modular multiplier loops over n result bits, not q exponent-register bits",15,186180,7.379310344827586,214,25230,O(n^(5/2) log n),29,Theta(n^3 log n)
"each constant modular multiplier loops over n result bits, not q exponent-register bits",15,187050,7.413793103448276,215,25230,O(n^(5/2) log n),29,Theta(n^3 log n)
"each constant modular multiplier loops over n result bits, not q exponent-register bits",15,187920,7.448275862068965,216,25230,O(n^(5/2) log n),29,Theta(n^3 log n)
"each constant modular multiplier loops over n result bits, not q exponent-register bits",15,188790,7.482758620689655,217,25230,O(n^(5/2) log n),29,Theta(n^3 log n)
"each constant modular multiplier loops over n result bits, not q exponent-register bits",15,196200,7.266666666666667,218,27000,O(n^(5/2) log n),30,Theta(n^3 log n)
"each constant modular multiplier loops over n result bits, not q exponent-register bits",15,197100,7.3,219,27000,O(n^(5/2) log n),30,Theta(n^3 log n)
"each constant modular multiplier loops over n result bits, not q exponent-register bits",15,198000,7.333333333333333,220,27000,O(n^(5/2) log n),30,Theta(n^3 log n)
"each constant modular multiplier loops over n result bits, not q exponent-register bits",15,198900,7.366666666666666,221,27000,O(n^(5/2) log n),30,Theta(n^3 log n)
"each constant modular multiplier loops over n result bits, not q exponent-register bits",15,199800,7.4,222,27000,O(n^(5/2) log n),30,Theta(n^3 log n)
"each constant modular multiplier loops over n result bits, not q exponent-register bits",15,200700,7.433333333333334,223,27000,O(n^(5/2) log n),30,Theta(n^3 log n)
"each constant modular multiplier loops over n result bits, not q exponent-register bits",15,201600,7.466666666666667,224,27000,O(n^(5/2) log n),30,Theta(n^3 log n)
"each constant modular multiplier loops over n result bits, not q exponent-register bits",15,202500,7.5,225,27000,O(n^(5/2) log n),30,Theta(n^3 log n)
"each constant modular multiplier loops over n result bits, not q exponent-register bits",16,209728,7.793103448275862,226,26912,O(n^(5/2) log n),29,Theta(n^3 log n)
"each constant modular multiplier loops over n result bits, not q exponent-register bits",16,210656,7.827586206896552,227,26912,O(n^(5/2) log n),29,Theta(n^3 log n)
"each constant modular multiplier loops over n result bits, not q exponent-register bits",16,211584,7.862068965517241,228,26912,O(n^(5/2) log n),29,Theta(n^3 log n)
"each constant modular multiplier loops over n result bits, not q exponent-register bits",16,212512,7.896551724137931,229,26912,O(n^(5/2) log n),29,Theta(n^3 log n)
"each constant modular multiplier loops over n result bits, not q exponent-register bits",16,213440,7.931034482758621,230,26912,O(n^(5/2) log n),29,Theta(n^3 log n)
"each constant modular multiplier loops over n result bits, not q exponent-register bits",16,214368,7.9655172413793105,231,26912,O(n^(5/2) log n),29,Theta(n^3 log n)
"each constant modular multiplier loops over n result bits, not q exponent-register bits",16,215296,8.0,232,26912,O(n^(5/2) log n),29,Theta(n^3 log n)
"each constant modular multiplier loops over n result bits, not q exponent-register bits",16,223680,7.766666666666667,233,28800,O(n^(5/2) log n),30,Theta(n^3 log n)
"each constant modular multiplier loops over n result bits, not q exponent-register bits",16,224640,7.8,234,28800,O(n^(5/2) log n),30,Theta(n^3 log n)
"each constant modular multiplier loops over n result bits, not q exponent-register bits",16,225600,7.833333333333333,235,28800,O(n^(5/2) log n),30,Theta(n^3 log n)
"each constant modular multiplier loops over n result bits, not q exponent-register bits",16,226560,7.866666666666666,236,28800,O(n^(5/2) log n),30,Theta(n^3 log n)
"each constant modular multiplier loops over n result bits, not q exponent-register bits",16,227520,7.9,237,28800,O(n^(5/2) log n),30,Theta(n^3 log n)
"each constant modular multiplier loops over n result bits, not q exponent-register bits",16,228480,7.933333333333334,238,28800,O(n^(5/2) log n),30,Theta(n^3 log n)
"each constant modular multiplier loops over n result bits, not q exponent-register bits",16,229440,7.966666666666667,239,28800,O(n^(5/2) log n),30,Theta(n^3 log n)
"each constant modular multiplier loops over n result bits, not q exponent-register bits",16,230400,8.0,240,28800,O(n^(5/2) log n),30,Theta(n^3 log n)
"each constant modular multiplier loops over n result bits, not q exponent-register bits",16,239072,7.774193548387097,241,30752,O(n^(5/2) log n),31,Theta(n^3 log n)
"each constant modular multiplier loops over n result bits, not q exponent-register bits",16,240064,7.806451612903226,242,30752,O(n^(5/2) log n),31,Theta(n^3 log n)
"each constant modular multiplier loops over n result bits, not q exponent-register bits",16,241056,7.838709677419355,243,30752,O(n^(5/2) log n),31,Theta(n^3 log n)
"each constant modular multiplier loops over n result bits, not q exponent-register bits",16,242048,7.870967741935484,244,30752,O(n^(5/2) log n),31,Theta(n^3 log n)
"each constant modular multiplier loops over n result bits, not q exponent-register bits",16,243040,7.903225806451613,245,30752,O(n^(5/2) log n),31,Theta(n^3 log n)
"each constant modular multiplier loops over n result bits, not q exponent-register bits",16,244032,7.935483870967742,246,30752,O(n^(5/2) log n),31,Theta(n^3 log n)
"each constant modular multiplier loops over n result bits, not q exponent-register bits",16,245024,7.967741935483871,247,30752,O(n^(5/2) log n),31,Theta(n^3 log n)
"each constant modular multiplier loops over n result bits, not q exponent-register bits",16,246016,8.0,248,30752,O(n^(5/2) log n),31,Theta(n^3 log n)
"each constant modular multiplier loops over n result bits, not q exponent-register bits",16,254976,7.78125,249,32768,O(n^(5/2) log n),32,Theta(n^3 log n)
"each constant modular multiplier loops over n result bits, not q exponent-register bits",16,256000,7.8125,250,32768,O(n^(5/2) log n),32,Theta(n^3 log n)
"each constant modular multiplier loops over n result bits, not q exponent-register bits",16,257024,7.84375,251,32768,O(n^(5/2) log n),32,Theta(n^3 log n)
"each constant modular multiplier loops over n result bits, not q exponent-register bits",16,258048,7.875,252,32768,O(n^(5/2) log n),32,Theta(n^3 log n)
"each constant modular multiplier loops over n result bits, not q exponent-register bits",16,259072,7.90625,253,32768,O(n^(5/2) log n),32,Theta(n^3 log n)
"each constant modular multiplier loops over n result bits, not q exponent-register bits",16,260096,7.9375,254,32768,O(n^(5/2) log n),32,Theta(n^3 log n)
"each constant modular multiplier loops over n result bits, not q exponent-register bits",16,261120,7.96875,255,32768,O(n^(5/2) log n),32,Theta(n^3 log n)
"each constant modular multiplier loops over n result bits, not q exponent-register bits",16,262144,8.0,256,32768,O(n^(5/2) log n),32,Theta(n^3 log n)
"each constant modular multiplier loops over n result bits, not q exponent-register bits",17,270878,8.290322580645162,257,32674,O(n^(5/2) log n),31,Theta(n^3 log n)
"each constant modular multiplier loops over n result bits, not q exponent-register bits",17,271932,8.32258064516129,258,32674,O(n^(5/2) log n),31,Theta(n^3 log n)
"each constant modular multiplier loops over n result bits, not q exponent-register bits",17,272986,8.35483870967742,259,32674,O(n^(5/2) log n),31,Theta(n^3 log n)
"each constant modular multiplier loops over n result bits, not q exponent-register bits",17,274040,8.387096774193548,260,32674,O(n^(5/2) log n),31,Theta(n^3 log n)
"each constant modular multiplier loops over n result bits, not q exponent-register bits",17,275094,8.419354838709678,261,32674,O(n^(5/2) log n),31,Theta(n^3 log n)
"each constant modular multiplier loops over n result bits, not q exponent-register bits",17,276148,8.451612903225806,262,32674,O(n^(5/2) log n),31,Theta(n^3 log n)
"each constant modular multiplier loops over n result bits, not q exponent-register bits",17,277202,8.483870967741936,263,32674,O(n^(5/2) log n),31,Theta(n^3 log n)
"each constant modular multiplier loops over n result bits, not q exponent-register bits",17,287232,8.25,264,34816,O(n^(5/2) log n),32,Theta(n^3 log n)
"each constant modular multiplier loops over n result bits, not q exponent-register bits",17,288320,8.28125,265,34816,O(n^(5/2) log n),32,Theta(n^3 log n)
"each constant modular multiplier loops over n result bits, not q exponent-register bits",17,289408,8.3125,266,34816,O(n^(5/2) log n),32,Theta(n^3 log n)
"each constant modular multiplier loops over n result bits, not q exponent-register bits",17,290496,8.34375,267,34816,O(n^(5/2) log n),32,Theta(n^3 log n)
"each constant modular multiplier loops over n result bits, not q exponent-register bits",17,291584,8.375,268,34816,O(n^(5/2) log n),32,Theta(n^3 log n)
"each constant modular multiplier loops over n result bits, not q exponent-register bits",17,292672,8.40625,269,34816,O(n^(5/2) log n),32,Theta(n^3 log n)
"each constant modular multiplier loops over n result bits, not q exponent-register bits",17,293760,8.4375,270,34816,O(n^(5/2) log n),32,Theta(n^3 log n)
"each constant modular multiplier loops over n result bits, not q exponent-register bits",17,294848,8.46875,271,34816,O(n^(5/2) log n),32,Theta(n^3 log n)
"each constant modular multiplier loops over n result bits, not q exponent-register bits",17,295936,8.5,272,34816,O(n^(5/2) log n),32,Theta(n^3 log n)
"each constant modular multiplier loops over n result bits, not q exponent-register bits",17,306306,8.272727272727273,273,37026,O(n^(5/2) log n),33,Theta(n^3 log n)
"each constant modular multiplier loops over n result bits, not q exponent-register bits",17,307428,8.303030303030303,274,37026,O(n^(5/2) log n),33,Theta(n^3 log n)
"each constant modular multiplier loops over n result bits, not q exponent-register bits",17,308550,8.333333333333334,275,37026,O(n^(5/2) log n),33,Theta(n^3 log n)
"each constant modular multiplier loops over n result bits, not q exponent-register bits",17,309672,8.363636363636363,276,37026,O(n^(5/2) log n),33,Theta(n^3 log n)
"each constant modular multiplier loops over n result bits, not q exponent-register bits",17,310794,8.393939393939394,277,37026,O(n^(5/2) log n),33,Theta(n^3 log n)
"each constant modular multiplier loops over n result bits, not q exponent-register bits",17,311916,8.424242424242424,278,37026,O(n^(5/2) log n),33,Theta(n^3 log n)
"each constant modular multiplier loops over n result bits, not q exponent-register bits",17,313038,8.454545454545455,279,37026,O(n^(5/2) log n),33,Theta(n^3 log n)
"each constant modular multiplier loops over n result bits, not q exponent-register bits",17,314160,8.484848484848484,280,37026,O(n^(5/2) log n),33,Theta(n^3 log n)
"each constant modular multiplier loops over n result bits, not q exponent-register bits",17,324836,8.264705882352942,281,39304,O(n^(5/2) log n),34,Theta(n^3 log n)
"each constant modular multiplier loops over n result bits, not q exponent-register bits",17,325992,8.294117647058824,282,39304,O(n^(5/2) log n),34,Theta(n^3 log n)
"each constant modular multiplier loops over n result bits, not q exponent-register bits",17,327148,8.323529411764707,283,39304,O(n^(5/2) log n),34,Theta(n^3 log n)
"each constant modular multiplier loops over n result bits, not q exponent-register bits",17,328304,8.352941176470589,284,39304,O(n^(5/2) log n),34,Theta(n^3 log n)
"each constant modular multiplier loops over n result bits, not q exponent-register bits",17,329460,8.382352941176471,285,39304,O(n^(5/2) log n),34,Theta(n^3 log n)
"each constant modular multiplier loops over n result bits, not q exponent-register bits",17,330616,8.411764705882353,286,39304,O(n^(5/2) log n),34,Theta(n^3 log n)
"each constant modular multiplier loops over n result bits, not q exponent-register bits",17,331772,8.441176470588236,287,39304,O(n^(5/2) log n),34,Theta(n^3 log n)
"each constant modular multiplier loops over n result bits, not q exponent-register bits",17,332928,8.470588235294118,288,39304,O(n^(5/2) log n),34,Theta(n^3 log n)
"each constant modular multiplier loops over n result bits, not q exponent-register bits",17,334084,8.5,289,39304,O(n^(5/2) log n),34,Theta(n^3 log n)
"each constant modular multiplier loops over n result bits, not q exponent-register bits",18,344520,8.787878787878787,290,39204,O(n^(5/2) log n),33,Theta(n^3 log n)
"each constant modular multiplier loops over n result bits, not q exponent-register bits",18,345708,8.818181818181818,291,39204,O(n^(5/2) log n),33,Theta(n^3 log n)
"each constant modular multiplier loops over n result bits, not q exponent-register bits",18,346896,8.848484848484848,292,39204,O(n^(5/2) log n),33,Theta(n^3 log n)
"each constant modular multiplier loops over n result bits, not q exponent-register bits",18,348084,8.878787878787879,293,39204,O(n^(5/2) log n),33,Theta(n^3 log n)
"each constant modular multiplier loops over n result bits, not q exponent-register bits",18,349272,8.909090909090908,294,39204,O(n^(5/2) log n),33,Theta(n^3 log n)
"each constant modular multiplier loops over n result bits, not q exponent-register bits",18,350460,8.93939393939394,295,39204,O(n^(5/2) log n),33,Theta(n^3 log n)
"each constant modular multiplier loops over n result bits, not q exponent-register bits",18,351648,8.969696969696969,296,39204,O(n^(5/2) log n),33,Theta(n^3 log n)
"each constant modular multiplier loops over n result bits, not q exponent-register bits",18,352836,9.0,297,39204,O(n^(5/2) log n),33,Theta(n^3 log n)
"each constant modular multiplier loops over n result bits, not q exponent-register bits",18,364752,8.764705882352942,298,41616,O(n^(5/2) log n),34,Theta(n^3 log n)
"each constant modular multiplier loops over n result bits, not q exponent-register bits",18,365976,8.794117647058824,299,41616,O(n^(5/2) log n),34,Theta(n^3 log n)
"each constant modular multiplier loops over n result bits, not q exponent-register bits",18,367200,8.823529411764707,300,41616,O(n^(5/2) log n),34,Theta(n^3 log n)
"each constant modular multiplier loops over n result bits, not q exponent-register bits",18,368424,8.852941176470589,301,41616,O(n^(5/2) log n),34,Theta(n^3 log n)
"each constant modular multiplier loops over n result bits, not q exponent-register bits",18,369648,8.882352941176471,302,41616,O(n^(5/2) log n),34,Theta(n^3 log n)
"each constant modular multiplier loops over n result bits, not q exponent-register bits",18,370872,8.911764705882353,303,41616,O(n^(5/2) log n),34,Theta(n^3 log n)
"each constant modular multiplier loops over n result bits, not q exponent-register bits",18,372096,8.941176470588236,304,41616,O(n^(5/2) log n),34,Theta(n^3 log n)
"each constant modular multiplier loops over n result bits, not q exponent-register bits",18,373320,8.970588235294118,305,41616,O(n^(5/2) log n),34,Theta(n^3 log n)
"each constant modular multiplier loops over n result bits, not q exponent-register bits",18,374544,9.0,306,41616,O(n^(5/2) log n),34,Theta(n^3 log n)
"each constant modular multiplier loops over n result bits, not q exponent-register bits",18,386820,8.771428571428572,307,44100,O(n^(5/2) log n),35,Theta(n^3 log n)
"each constant modular multiplier loops over n result bits, not q exponent-register bits",18,388080,8.8,308,44100,O(n^(5/2) log n),35,Theta(n^3 log n)
"each constant modular multiplier loops over n result bits, not q exponent-register bits",18,389340,8.82857142857143,309,44100,O(n^(5/2) log n),35,Theta(n^3 log n)
"each constant modular multiplier loops over n result bits, not q exponent-register bits",18,390600,8.857142857142858,310,44100,O(n^(5/2) log n),35,Theta(n^3 log n)
"each constant modular multiplier loops over n result bits, not q exponent-register bits",18,391860,8.885714285714286,311,44100,O(n^(5/2) log n),35,Theta(n^3 log n)
"each constant modular multiplier loops over n result bits, not q exponent-register bits",18,393120,8.914285714285715,312,44100,O(n^(5/2) log n),35,Theta(n^3 log n)
"each constant modular multiplier loops over n result bits, not q exponent-register bits",18,394380,8.942857142857143,313,44100,O(n^(5/2) log n),35,Theta(n^3 log n)
"each constant modular multiplier loops over n result bits, not q exponent-register bits",18,395640,8.971428571428572,314,44100,O(n^(5/2) log n),35,Theta(n^3 log n)
"each constant modular multiplier loops over n result bits, not q exponent-register bits",18,396900,9.0,315,44100,O(n^(5/2) log n),35,Theta(n^3 log n)
"each constant modular multiplier loops over n result bits, not q exponent-register bits",18,409536,8.777777777777779,316,46656,O(n^(5/2) log n),36,Theta(n^3 log n)
"each constant modular multiplier loops over n result bits, not q exponent-register bits",18,410832,8.805555555555555,317,46656,O(n^(5/2) log n),36,Theta(n^3 log n)
"each constant modular multiplier loops over n result bits, not q exponent-register bits",18,412128,8.833333333333334,318,46656,O(n^(5/2) log n),36,Theta(n^3 log n)
"each constant modular multiplier loops over n result bits, not q exponent-register bits",18,413424,8.86111111111111,319,46656,O(n^(5/2) log n),36,Theta(n^3 log n)
"each constant modular multiplier loops over n result bits, not q exponent-register bits",18,414720,8.88888888888889,320,46656,O(n^(5/2) log n),36,Theta(n^3 log n)
"each constant modular multiplier loops over n result bits, not q exponent-register bits",18,416016,8.916666666666666,321,46656,O(n^(5/2) log n),36,Theta(n^3 log n)
"each constant modular multiplier loops over n result bits, not q exponent-register bits",18,417312,8.944444444444445,322,46656,O(n^(5/2) log n),36,Theta(n^3 log n)
"each constant modular multiplier loops over n result bits, not q exponent-register bits",18,418608,8.972222222222221,323,46656,O(n^(5/2) log n),36,Theta(n^3 log n)
"each constant modular multiplier loops over n result bits, not q exponent-register bits",18,419904,9.0,324,46656,O(n^(5/2) log n),36,Theta(n^3 log n)
"each constant modular multiplier loops over n result bits, not q exponent-register bits",19,432250,9.285714285714286,325,46550,O(n^(5/2) log n),35,Theta(n^3 log n)
"each constant modular multiplier loops over n result bits, not q exponent-register bits",19,433580,9.314285714285715,326,46550,O(n^(5/2) log n),35,Theta(n^3 log n)
"each constant modular multiplier loops over n result bits, not q exponent-register bits",19,434910,9.342857142857143,327,46550,O(n^(5/2) log n),35,Theta(n^3 log n)
"each constant modular multiplier loops over n result bits, not q exponent-register bits",19,436240,9.371428571428572,328,46550,O(n^(5/2) log n),35,Theta(n^3 log n)
"each constant modular multiplier loops over n result bits, not q exponent-register bits",19,437570,9.4,329,46550,O(n^(5/2) log n),35,Theta(n^3 log n)
"each constant modular multiplier loops over n result bits, not q exponent-register bits",19,438900,9.428571428571429,330,46550,O(n^(5/2) log n),35,Theta(n^3 log n)
"each constant modular multiplier loops over n result bits, not q exponent-register bits",19,440230,9.457142857142857,331,46550,O(n^(5/2) log n),35,Theta(n^3 log n)
"each constant modular multiplier loops over n result bits, not q exponent-register bits",19,441560,9.485714285714286,332,46550,O(n^(5/2) log n),35,Theta(n^3 log n)
"each constant modular multiplier loops over n result bits, not q exponent-register bits",19,455544,9.25,333,49248,O(n^(5/2) log n),36,Theta(n^3 log n)
"each constant modular multiplier loops over n result bits, not q exponent-register bits",19,456912,9.277777777777779,334,49248,O(n^(5/2) log n),36,Theta(n^3 log n)
"each constant modular multiplier loops over n result bits, not q exponent-register bits",19,458280,9.305555555555555,335,49248,O(n^(5/2) log n),36,Theta(n^3 log n)
"each constant modular multiplier loops over n result bits, not q exponent-register bits",19,459648,9.333333333333334,336,49248,O(n^(5/2) log n),36,Theta(n^3 log n)
"each constant modular multiplier loops over n result bits, not q exponent-register bits",19,461016,9.36111111111111,337,49248,O(n^(5/2) log n),36,Theta(n^3 log n)
"each constant modular multiplier loops over n result bits, not q exponent-register bits",19,462384,9.38888888888889,338,49248,O(n^(5/2) log n),36,Theta(n^3 log n)
"each constant modular multiplier loops over n result bits, not q exponent-register bits",19,463752,9.416666666666666,339,49248,O(n^(5/2) log n),36,Theta(n^3 log n)
"each constant modular multiplier loops over n result bits, not q exponent-register bits",19,465120,9.444444444444445,340,49248,O(n^(5/2) log n),36,Theta(n^3 log n)
"each constant modular multiplier loops over n result bits, not q exponent-register bits",19,466488,9.472222222222221,341,49248,O(n^(5/2) log n),36,Theta(n^3 log n)
"each constant modular multiplier loops over n result bits, not q exponent-register bits",19,467856,9.5,342,49248,O(n^(5/2) log n),36,Theta(n^3 log n)
"each constant modular multiplier loops over n result bits, not q exponent-register bits",19,482258,9.27027027027027,343,52022,O(n^(5/2) log n),37,Theta(n^3 log n)
"each constant modular multiplier loops over n result bits, not q exponent-register bits",19,483664,9.297297297297296,344,52022,O(n^(5/2) log n),37,Theta(n^3 log n)
"each constant modular multiplier loops over n result bits, not q exponent-register bits",19,485070,9.324324324324325,345,52022,O(n^(5/2) log n),37,Theta(n^3 log n)
"each constant modular multiplier loops over n result bits, not q exponent-register bits",19,486476,9.35135135135135,346,52022,O(n^(5/2) log n),37,Theta(n^3 log n)
"each constant modular multiplier loops over n result bits, not q exponent-register bits",19,487882,9.378378378378379,347,52022,O(n^(5/2) log n),37,Theta(n^3 log n)
"each constant modular multiplier loops over n result bits, not q exponent-register bits",19,489288,9.405405405405405,348,52022,O(n^(5/2) log n),37,Theta(n^3 log n)
"each constant modular multiplier loops over n result bits, not q exponent-register bits",19,490694,9.432432432432432,349,52022,O(n^(5/2) log n),37,Theta(n^3 log n)
"each constant modular multiplier loops over n result bits, not q exponent-register bits",19,492100,9.45945945945946,350,52022,O(n^(5/2) log n),37,Theta(n^3 log n)
"each constant modular multiplier loops over n result bits, not q exponent-register bits",19,493506,9.486486486486486,351,52022,O(n^(5/2) log n),37,Theta(n^3 log n)
"each constant modular multiplier loops over n result bits, not q exponent-register bits",19,508288,9.263157894736842,352,54872,O(n^(5/2) log n),38,Theta(n^3 log n)
"each constant modular multiplier loops over n result bits, not q exponent-register bits",19,509732,9.289473684210526,353,54872,O(n^(5/2) log n),38,Theta(n^3 log n)
"each constant modular multiplier loops over n result bits, not q exponent-register bits",19,511176,9.31578947368421,354,54872,O(n^(5/2) log n),38,Theta(n^3 log n)
"each constant modular multiplier loops over n result bits, not q exponent-register bits",19,512620,9.342105263157896,355,54872,O(n^(5/2) log n),38,Theta(n^3 log n)
"each constant modular multiplier loops over n result bits, not q exponent-register bits",19,514064,9.368421052631579,356,54872,O(n^(5/2) log n),38,Theta(n^3 log n)
"each constant modular multiplier loops over n result bits, not q exponent-register bits",19,515508,9.394736842105264,357,54872,O(n^(5/2) log n),38,Theta(n^3 log n)
"each constant modular multiplier loops over n result bits, not q exponent-register bits",19,516952,9.421052631578947,358,54872,O(n^(5/2) log n),38,Theta(n^3 log n)
"each constant modular multiplier loops over n result bits, not q exponent-register bits",19,518396,9.447368421052632,359,54872,O(n^(5/2) log n),38,Theta(n^3 log n)
"each constant modular multiplier loops over n result bits, not q exponent-register bits",19,519840,9.473684210526315,360,54872,O(n^(5/2) log n),38,Theta(n^3 log n)
"each constant modular multiplier loops over n result bits, not q exponent-register bits",19,521284,9.5,361,54872,O(n^(5/2) log n),38,Theta(n^3 log n)
"each constant modular multiplier loops over n result bits, not q exponent-register bits",20,535760,9.783783783783784,362,54760,O(n^(5/2) log n),37,Theta(n^3 log n)
"each constant modular multiplier loops over n result bits, not q exponent-register bits",20,537240,9.81081081081081,363,54760,O(n^(5/2) log n),37,Theta(n^3 log n)
"each constant modular multiplier loops over n result bits, not q exponent-register bits",20,538720,9.837837837837839,364,54760,O(n^(5/2) log n),37,Theta(n^3 log n)
"each constant modular multiplier loops over n result bits, not q exponent-register bits",20,540200,9.864864864864865,365,54760,O(n^(5/2) log n),37,Theta(n^3 log n)
"each constant modular multiplier loops over n result bits, not q exponent-register bits",20,541680,9.891891891891891,366,54760,O(n^(5/2) log n),37,Theta(n^3 log n)
"each constant modular multiplier loops over n result bits, not q exponent-register bits",20,543160,9.91891891891892,367,54760,O(n^(5/2) log n),37,Theta(n^3 log n)
"each constant modular multiplier loops over n result bits, not q exponent-register bits",20,544640,9.945945945945946,368,54760,O(n^(5/2) log n),37,Theta(n^3 log n)
"each constant modular multiplier loops over n result bits, not q exponent-register bits",20,546120,9.972972972972974,369,54760,O(n^(5/2) log n),37,Theta(n^3 log n)
"each constant modular multiplier loops over n result bits, not q exponent-register bits",20,547600,10.0,370,54760,O(n^(5/2) log n),37,Theta(n^3 log n)
"each constant modular multiplier loops over n result bits, not q exponent-register bits",20,563920,9.763157894736842,371,57760,O(n^(5/2) log n),38,Theta(n^3 log n)
"each constant modular multiplier loops over n result bits, not q exponent-register bits",20,565440,9.789473684210526,372,57760,O(n^(5/2) log n),38,Theta(n^3 log n)
"each constant modular multiplier loops over n result bits, not q exponent-register bits",20,566960,9.81578947368421,373,57760,O(n^(5/2) log n),38,Theta(n^3 log n)
"each constant modular multiplier loops over n result bits, not q exponent-register bits",20,568480,9.842105263157896,374,57760,O(n^(5/2) log n),38,Theta(n^3 log n)
"each constant modular multiplier loops over n result bits, not q exponent-register bits",20,570000,9.868421052631579,375,57760,O(n^(5/2) log n),38,Theta(n^3 log n)
"each constant modular multiplier loops over n result bits, not q exponent-register bits",20,571520,9.894736842105264,376,57760,O(n^(5/2) log n),38,Theta(n^3 log n)
"each constant modular multiplier loops over n result bits, not q exponent-register bits",20,573040,9.921052631578947,377,57760,O(n^(5/2) log n),38,Theta(n^3 log n)
"each constant modular multiplier loops over n result bits, not q exponent-register bits",20,574560,9.947368421052632,378,57760,O(n^(5/2) log n),38,Theta(n^3 log n)
"each constant modular multiplier loops over n result bits, not q exponent-register bits",20,576080,9.973684210526315,379,57760,O(n^(5/2) log n),38,Theta(n^3 log n)
"each constant modular multiplier loops over n result bits, not q exponent-register bits",20,577600,10.0,380,57760,O(n^(5/2) log n),38,Theta(n^3 log n)
"each constant modular multiplier loops over n result bits, not q exponent-register bits",20,594360,9.76923076923077,381,60840,O(n^(5/2) log n),39,Theta(n^3 log n)
"each constant modular multiplier loops over n result bits, not q exponent-register bits",20,595920,9.794871794871796,382,60840,O(n^(5/2) log n),39,Theta(n^3 log n)
"each constant modular multiplier loops over n result bits, not q exponent-register bits",20,597480,9.820512820512821,383,60840,O(n^(5/2) log n),39,Theta(n^3 log n)
"each constant modular multiplier loops over n result bits, not q exponent-register bits",20,599040,9.846153846153847,384,60840,O(n^(5/2) log n),39,Theta(n^3 log n)
"each constant modular multiplier loops over n result bits, not q exponent-register bits",20,600600,9.871794871794872,385,60840,O(n^(5/2) log n),39,Theta(n^3 log n)
"each constant modular multiplier loops over n result bits, not q exponent-register bits",20,602160,9.897435897435898,386,60840,O(n^(5/2) log n),39,Theta(n^3 log n)
"each constant modular multiplier loops over n result bits, not q exponent-register bits",20,603720,9.923076923076923,387,60840,O(n^(5/2) log n),39,Theta(n^3 log n)
"each constant modular multiplier loops over n result bits, not q exponent-register bits",20,605280,9.948717948717949,388,60840,O(n^(5/2) log n),39,Theta(n^3 log n)
"each constant modular multiplier loops over n result bits, not q exponent-register bits",20,606840,9.974358974358974,389,60840,O(n^(5/2) log n),39,Theta(n^3 log n)
"each constant modular multiplier loops over n result bits, not q exponent-register bits",20,608400,10.0,390,60840,O(n^(5/2) log n),39,Theta(n^3 log n)
"each constant modular multiplier loops over n result bits, not q exponent-register bits",20,625600,9.775,391,64000,O(n^(5/2) log n),40,Theta(n^3 log n)
"each constant modular multiplier loops over n result bits, not q exponent-register bits",20,627200,9.8,392,64000,O(n^(5/2) log n),40,Theta(n^3 log n)
"each constant modular multiplier loops over n result bits, not q exponent-register bits",20,628800,9.825,393,64000,O(n^(5/2) log n),40,Theta(n^3 log n)
"each constant modular multiplier loops over n result bits, not q exponent-register bits",20,630400,9.85,394,64000,O(n^(5/2) log n),40,Theta(n^3 log n)
"each constant modular multiplier loops over n result bits, not q exponent-register bits",20,632000,9.875,395,64000,O(n^(5/2) log n),40,Theta(n^3 log n)
"each constant modular multiplier loops over n result bits, not q exponent-register bits",20,633600,9.9,396,64000,O(n^(5/2) log n),40,Theta(n^3 log n)
"each constant modular multiplier loops over n result bits, not q exponent-register bits",20,635200,9.925,397,64000,O(n^(5/2) log n),40,Theta(n^3 log n)
"each constant modular multiplier loops over n result bits, not q exponent-register bits",20,636800,9.95,398,64000,O(n^(5/2) log n),40,Theta(n^3 log n)
"each constant modular multiplier loops over n result bits, not q exponent-register bits",20,638400,9.975,399,64000,O(n^(5/2) log n),40,Theta(n^3 log n)
"each constant modular multiplier loops over n result bits, not q exponent-register bits",20,640000,10.0,400,64000,O(n^(5/2) log n),40,Theta(n^3 log n)
"each constant modular multiplier loops over n result bits, not q exponent-register bits",21,656838,10.282051282051283,401,63882,O(n^(5/2) log n),39,Theta(n^3 log n)
"each constant modular multiplier loops over n result bits, not q exponent-register bits",21,658476,10.307692307692308,402,63882,O(n^(5/2) log n),39,Theta(n^3 log n)
"each constant modular multiplier loops over n result bits, not q exponent-register bits",21,660114,10.333333333333334,403,63882,O(n^(5/2) log n),39,Theta(n^3 log n)
"each constant modular multiplier loops over n result bits, not q exponent-register bits",21,661752,10.35897435897436,404,63882,O(n^(5/2) log n),39,Theta(n^3 log n)
"each constant modular multiplier loops over n result bits, not q exponent-register bits",21,663390,10.384615384615385,405,63882,O(n^(5/2) log n),39,Theta(n^3 log n)
"each constant modular multiplier loops over n result bits, not q exponent-register bits",21,665028,10.41025641025641,406,63882,O(n^(5/2) log n),39,Theta(n^3 log n)
"each constant modular multiplier loops over n result bits, not q exponent-register bits",21,666666,10.435897435897436,407,63882,O(n^(5/2) log n),39,Theta(n^3 log n)
"each constant modular multiplier loops over n result bits, not q exponent-register bits",21,668304,10.461538461538462,408,63882,O(n^(5/2) log n),39,Theta(n^3 log n)
"each constant modular multiplier loops over n result bits, not q exponent-register bits",21,669942,10.487179487179487,409,63882,O(n^(5/2) log n),39,Theta(n^3 log n)
"each constant modular multiplier loops over n result bits, not q exponent-register bits",21,688800,10.25,410,67200,O(n^(5/2) log n),40,Theta(n^3 log n)
"each constant modular multiplier loops over n result bits, not q exponent-register bits",21,690480,10.275,411,67200,O(n^(5/2) log n),40,Theta(n^3 log n)
"each constant modular multiplier loops over n result bits, not q exponent-register bits",21,692160,10.3,412,67200,O(n^(5/2) log n),40,Theta(n^3 log n)
"each constant modular multiplier loops over n result bits, not q exponent-register bits",21,693840,10.325,413,67200,O(n^(5/2) log n),40,Theta(n^3 log n)
"each constant modular multiplier loops over n result bits, not q exponent-register bits",21,695520,10.35,414,67200,O(n^(5/2) log n),40,Theta(n^3 log n)
"each constant modular multiplier loops over n result bits, not q exponent-register bits",21,697200,10.375,415,67200,O(n^(5/2) log n),40,Theta(n^3 log n)
"each constant modular multiplier loops over n result bits, not q exponent-register bits",21,698880,10.4,416,67200,O(n^(5/2) log n),40,Theta(n^3 log n)
"each constant modular multiplier loops over n result bits, not q exponent-register bits",21,700560,10.425,417,67200,O(n^(5/2) log n),40,Theta(n^3 log n)
"each constant modular multiplier loops over n result bits, not q exponent-register bits",21,702240,10.45,418,67200,O(n^(5/2) log n),40,Theta(n^3 log n)
"each constant modular multiplier loops over n result bits, not q exponent-register bits",21,703920,10.475,419,67200,O(n^(5/2) log n),40,Theta(n^3 log n)
"each constant modular multiplier loops over n result bits, not q exponent-register bits",21,705600,10.5,420,67200,O(n^(5/2) log n),40,Theta(n^3 log n)
"each constant modular multiplier loops over n result bits, not q exponent-register bits",21,724962,10.268292682926829,421,70602,O(n^(5/2) log n),41,Theta(n^3 log n)
"each constant modular multiplier loops over n result bits, not q exponent-register bits",21,726684,10.292682926829269,422,70602,O(n^(5/2) log n),41,Theta(n^3 log n)
"each constant modular multiplier loops over n result bits, not q exponent-register bits",21,728406,10.317073170731707,423,70602,O(n^(5/2) log n),41,Theta(n^3 log n)
"each constant modular multiplier loops over n result bits, not q exponent-register bits",21,730128,10.341463414634147,424,70602,O(n^(5/2) log n),41,Theta(n^3 log n)
"each constant modular multiplier loops over n result bits, not q exponent-register bits",21,731850,10.365853658536585,425,70602,O(n^(5/2) log n),41,Theta(n^3 log n)
"each constant modular multiplier loops over n result bits, not q exponent-register bits",21,733572,10.390243902439025,426,70602,O(n^(5/2) log n),41,Theta(n^3 log n)
"each constant modular multiplier loops over n result bits, not q exponent-register bits",21,735294,10.414634146341463,427,70602,O(n^(5/2) log n),41,Theta(n^3 log n)
"each constant modular multiplier loops over n result bits, not q exponent-register bits",21,737016,10.439024390243903,428,70602,O(n^(5/2) log n),41,Theta(n^3 log n)
"each constant modular multiplier loops over n result bits, not q exponent-register bits",21,738738,10.463414634146341,429,70602,O(n^(5/2) log n),41,Theta(n^3 log n)
"each constant modular multiplier loops over n result bits, not q exponent-register bits",21,740460,10.487804878048781,430,70602,O(n^(5/2) log n),41,Theta(n^3 log n)
"each constant modular multiplier loops over n result bits, not q exponent-register bits",21,760284,10.261904761904763,431,74088,O(n^(5/2) log n),42,Theta(n^3 log n)
"each constant modular multiplier loops over n result bits, not q exponent-register bits",21,762048,10.285714285714286,432,74088,O(n^(5/2) log n),42,Theta(n^3 log n)
"each constant modular multiplier loops over n result bits, not q exponent-register bits",21,763812,10.30952380952381,433,74088,O(n^(5/2) log n),42,Theta(n^3 log n)
"each constant modular multiplier loops over n result bits, not q exponent-register bits",21,765576,10.333333333333334,434,74088,O(n^(5/2) log n),42,Theta(n^3 log n)
"each constant modular multiplier loops over n result bits, not q exponent-register bits",21,767340,10.357142857142858,435,74088,O(n^(5/2) log n),42,Theta(n^3 log n)
"each constant modular multiplier loops over n result bits, not q exponent-register bits",21,769104,10.380952380952381,436,74088,O(n^(5/2) log n),42,Theta(n^3 log n)
"each constant modular multiplier loops over n result bits, not q exponent-register bits",21,770868,10.404761904761905,437,74088,O(n^(5/2) log n),42,Theta(n^3 log n)
"each constant modular multiplier loops over n result bits, not q exponent-register bits",21,772632,10.428571428571429,438,74088,O(n^(5/2) log n),42,Theta(n^3 log n)
"each constant modular multiplier loops over n result bits, not q exponent-register bits",21,774396,10.452380952380953,439,74088,O(n^(5/2) log n),42,Theta(n^3 log n)
"each constant modular multiplier loops over n result bits, not q exponent-register bits",21,776160,10.476190476190476,440,74088,O(n^(5/2) log n),42,Theta(n^3 log n)
"each constant modular multiplier loops over n result bits, not q exponent-register bits",21,777924,10.5,441,74088,O(n^(5/2) log n),42,Theta(n^3 log n)
"each constant modular multiplier loops over n result bits, not q exponent-register bits",22,797368,10.78048780487805,442,73964,O(n^(5/2) log n),41,Theta(n^3 log n)
"each constant modular multiplier loops over n result bits, not q exponent-register bits",22,799172,10.804878048780488,443,73964,O(n^(5/2) log n),41,Theta(n^3 log n)
"each constant modular multiplier loops over n result bits, not q exponent-register bits",22,800976,10.829268292682928,444,73964,O(n^(5/2) log n),41,Theta(n^3 log n)
"each constant modular multiplier loops over n result bits, not q exponent-register bits",22,802780,10.853658536585366,445,73964,O(n^(5/2) log n),41,Theta(n^3 log n)
"each constant modular multiplier loops over n result bits, not q exponent-register bits",22,804584,10.878048780487806,446,73964,O(n^(5/2) log n),41,Theta(n^3 log n)
"each constant modular multiplier loops over n result bits, not q exponent-register bits",22,806388,10.902439024390244,447,73964,O(n^(5/2) log n),41,Theta(n^3 log n)
"each constant modular multiplier loops over n result bits, not q exponent-register bits",22,808192,10.926829268292684,448,73964,O(n^(5/2) log n),41,Theta(n^3 log n)
"each constant modular multiplier loops over n result bits, not q exponent-register bits",22,809996,10.951219512195122,449,73964,O(n^(5/2) log n),41,Theta(n^3 log n)
"each constant modular multiplier loops over n result bits, not q exponent-register bits",22,811800,10.975609756097562,450,73964,O(n^(5/2) log n),41,Theta(n^3 log n)
"each constant modular multiplier loops over n result bits, not q exponent-register bits",22,813604,11.0,451,73964,O(n^(5/2) log n),41,Theta(n^3 log n)
"each constant modular multiplier loops over n result bits, not q exponent-register bits",22,835296,10.761904761904763,452,77616,O(n^(5/2) log n),42,Theta(n^3 log n)
"each constant modular multiplier loops over n result bits, not q exponent-register bits",22,837144,10.785714285714286,453,77616,O(n^(5/2) log n),42,Theta(n^3 log n)
"each constant modular multiplier loops over n result bits, not q exponent-register bits",22,838992,10.80952380952381,454,77616,O(n^(5/2) log n),42,Theta(n^3 log n)
"each constant modular multiplier loops over n result bits, not q exponent-register bits",22,840840,10.833333333333334,455,77616,O(n^(5/2) log n),42,Theta(n^3 log n)
"each constant modular multiplier loops over n result bits, not q exponent-register bits",22,842688,10.857142857142858,456,77616,O(n^(5/2) log n),42,Theta(n^3 log n)
"each constant modular multiplier loops over n result bits, not q exponent-register bits",22,844536,10.880952380952381,457,77616,O(n^(5/2) log n),42,Theta(n^3 log n)
"each constant modular multiplier loops over n result bits, not q exponent-register bits",22,846384,10.904761904761905,458,77616,O(n^(5/2) log n),42,Theta(n^3 log n)
"each constant modular multiplier loops over n result bits, not q exponent-register bits",22,848232,10.928571428571429,459,77616,O(n^(5/2) log n),42,Theta(n^3 log n)
"each constant modular multiplier loops over n result bits, not q exponent-register bits",22,850080,10.952380952380953,460,77616,O(n^(5/2) log n),42,Theta(n^3 log n)
"each constant modular multiplier loops over n result bits, not q exponent-register bits",22,851928,10.976190476190476,461,77616,O(n^(5/2) log n),42,Theta(n^3 log n)
"each constant modular multiplier loops over n result bits, not q exponent-register bits",22,853776,11.0,462,77616,O(n^(5/2) log n),42,Theta(n^3 log n)
"each constant modular multiplier loops over n result bits, not q exponent-register bits",22,875996,10.767441860465116,463,81356,O(n^(5/2) log n),43,Theta(n^3 log n)
"each constant modular multiplier loops over n result bits, not q exponent-register bits",22,877888,10.790697674418604,464,81356,O(n^(5/2) log n),43,Theta(n^3 log n)
"each constant modular multiplier loops over n result bits, not q exponent-register bits",22,879780,10.813953488372093,465,81356,O(n^(5/2) log n),43,Theta(n^3 log n)
"each constant modular multiplier loops over n result bits, not q exponent-register bits",22,881672,10.837209302325581,466,81356,O(n^(5/2) log n),43,Theta(n^3 log n)
"each constant modular multiplier loops over n result bits, not q exponent-register bits",22,883564,10.86046511627907,467,81356,O(n^(5/2) log n),43,Theta(n^3 log n)
"each constant modular multiplier loops over n result bits, not q exponent-register bits",22,885456,10.883720930232558,468,81356,O(n^(5/2) log n),43,Theta(n^3 log n)
"each constant modular multiplier loops over n result bits, not q exponent-register bits",22,887348,10.906976744186046,469,81356,O(n^(5/2) log n),43,Theta(n^3 log n)
"each constant modular multiplier loops over n result bits, not q exponent-register bits",22,889240,10.930232558139535,470,81356,O(n^(5/2) log n),43,Theta(n^3 log n)
"each constant modular multiplier loops over n result bits, not q exponent-register bits",22,891132,10.953488372093023,471,81356,O(n^(5/2) log n),43,Theta(n^3 log n)
"each constant modular multiplier loops over n result bits, not q exponent-register bits",22,893024,10.976744186046512,472,81356,O(n^(5/2) log n),43,Theta(n^3 log n)
"each constant modular multiplier loops over n result bits, not q exponent-register bits",22,894916,11.0,473,81356,O(n^(5/2) log n),43,Theta(n^3 log n)
"each constant modular multiplier loops over n result bits, not q exponent-register bits",22,917664,10.772727272727273,474,85184,O(n^(5/2) log n),44,Theta(n^3 log n)
"each constant modular multiplier loops over n result bits, not q exponent-register bits",22,919600,10.795454545454545,475,85184,O(n^(5/2) log n),44,Theta(n^3 log n)
"each constant modular multiplier loops over n result bits, not q exponent-register bits",22,921536,10.818181818181818,476,85184,O(n^(5/2) log n),44,Theta(n^3 log n)
"each constant modular multiplier loops over n result bits, not q exponent-register bits",22,923472,10.840909090909092,477,85184,O(n^(5/2) log n),44,Theta(n^3 log n)
"each constant modular multiplier loops over n result bits, not q exponent-register bits",22,925408,10.863636363636363,478,85184,O(n^(5/2) log n),44,Theta(n^3 log n)
"each constant modular multiplier loops over n result bits, not q exponent-register bits",22,927344,10.886363636363637,479,85184,O(n^(5/2) log n),44,Theta(n^3 log n)
"each constant modular multiplier loops over n result bits, not q exponent-register bits",22,929280,10.909090909090908,480,85184,O(n^(5/2) log n),44,Theta(n^3 log n)
"each constant modular multiplier loops over n result bits, not q exponent-register bits",22,931216,10.931818181818182,481,85184,O(n^(5/2) log n),44,Theta(n^3 log n)
"each constant modular multiplier loops over n result bits, not q exponent-register bits",22,933152,10.954545454545455,482,85184,O(n^(5/2) log n),44,Theta(n^3 log n)
"each constant modular multiplier loops over n result bits, not q exponent-register bits",22,935088,10.977272727272727,483,85184,O(n^(5/2) log n),44,Theta(n^3 log n)
"each constant modular multiplier loops over n result bits, not q exponent-register bits",22,937024,11.0,484,85184,O(n^(5/2) log n),44,Theta(n^3 log n)
"each constant modular multiplier loops over n result bits, not q exponent-register bits",23,959330,11.279069767441861,485,85054,O(n^(5/2) log n),43,Theta(n^3 log n)
"each constant modular multiplier loops over n result bits, not q exponent-register bits",23,961308,11.30232558139535,486,85054,O(n^(5/2) log n),43,Theta(n^3 log n)
"each constant modular multiplier loops over n result bits, not q exponent-register bits",23,963286,11.325581395348838,487,85054,O(n^(5/2) log n),43,Theta(n^3 log n)
"each constant modular multiplier loops over n result bits, not q exponent-register bits",23,965264,11.348837209302326,488,85054,O(n^(5/2) log n),43,Theta(n^3 log n)
"each constant modular multiplier loops over n result bits, not q exponent-register bits",23,967242,11.372093023255815,489,85054,O(n^(5/2) log n),43,Theta(n^3 log n)
"each constant modular multiplier loops over n result bits, not q exponent-register bits",23,969220,11.395348837209303,490,85054,O(n^(5/2) log n),43,Theta(n^3 log n)
"each constant modular multiplier loops over n result bits, not q exponent-register bits",23,971198,11.418604651162791,491,85054,O(n^(5/2) log n),43,Theta(n^3 log n)
"each constant modular multiplier loops over n result bits, not q exponent-register bits",23,973176,11.44186046511628,492,85054,O(n^(5/2) log n),43,Theta(n^3 log n)
"each constant modular multiplier loops over n result bits, not q exponent-register bits",23,975154,11.465116279069768,493,85054,O(n^(5/2) log n),43,Theta(n^3 log n)
"each constant modular multiplier loops over n result bits, not q exponent-register bits",23,977132,11.488372093023257,494,85054,O(n^(5/2) log n),43,Theta(n^3 log n)
"each constant modular multiplier loops over n result bits, not q exponent-register bits",23,1001880,11.25,495,89056,O(n^(5/2) log n),44,Theta(n^3 log n)
"each constant modular multiplier loops over n result bits, not q exponent-register bits",23,1003904,11.272727272727273,496,89056,O(n^(5/2) log n),44,Theta(n^3 log n)
"each constant modular multiplier loops over n result bits, not q exponent-register bits",23,1005928,11.295454545454545,497,89056,O(n^(5/2) log n),44,Theta(n^3 log n)
"each constant modular multiplier loops over n result bits, not q exponent-register bits",23,1007952,11.318181818181818,498,89056,O(n^(5/2) log n),44,Theta(n^3 log n)
"each constant modular multiplier loops over n result bits, not q exponent-register bits",23,1009976,11.340909090909092,499,89056,O(n^(5/2) log n),44,Theta(n^3 log n)
"each constant modular multiplier loops over n result bits, not q exponent-register bits",23,1012000,11.363636363636363,500,89056,O(n^(5/2) log n),44,Theta(n^3 log n)
"each constant modular multiplier loops over n result bits, not q exponent-register bits",23,1014024,11.386363636363637,501,89056,O(n^(5/2) log n),44,Theta(n^3 log n)
"each constant modular multiplier loops over n result bits, not q exponent-register bits",23,1016048,11.409090909090908,502,89056,O(n^(5/2) log n),44,Theta(n^3 log n)
"each constant modular multiplier loops over n result bits, not q exponent-register bits",23,1018072,11.431818181818182,503,89056,O(n^(5/2) log n),44,Theta(n^3 log n)
"each constant modular multiplier loops over n result bits, not q exponent-register bits",23,1020096,11.454545454545455,504,89056,O(n^(5/2) log n),44,Theta(n^3 log n)
"each constant modular multiplier loops over n result bits, not q exponent-register bits",23,1022120,11.477272727272727,505,89056,O(n^(5/2) log n),44,Theta(n^3 log n)
"each constant modular multiplier loops over n result bits, not q exponent-register bits",23,1024144,11.5,506,89056,O(n^(5/2) log n),44,Theta(n^3 log n)
"each constant modular multiplier loops over n result bits, not q exponent-register bits",23,1049490,11.266666666666667,507,93150,O(n^(5/2) log n),45,Theta(n^3 log n)
"each constant modular multiplier loops over n result bits, not q exponent-register bits",23,1051560,11.28888888888889,508,93150,O(n^(5/2) log n),45,Theta(n^3 log n)
"each constant modular multiplier loops over n result bits, not q exponent-register bits",23,1053630,11.311111111111112,509,93150,O(n^(5/2) log n),45,Theta(n^3 log n)
"each constant modular multiplier loops over n result bits, not q exponent-register bits",23,1055700,11.333333333333334,510,93150,O(n^(5/2) log n),45,Theta(n^3 log n)
"each constant modular multiplier loops over n result bits, not q exponent-register bits",23,1057770,11.355555555555556,511,93150,O(n^(5/2) log n),45,Theta(n^3 log n)
"each constant modular multiplier loops over n result bits, not q exponent-register bits",23,1059840,11.377777777777778,512,93150,O(n^(5/2) log n),45,Theta(n^3 log n)
"each constant modular multiplier loops over n result bits, not q exponent-register bits",23,1061910,11.4,513,93150,O(n^(5/2) log n),45,Theta(n^3 log n)
"each constant modular multiplier loops over n result bits, not q exponent-register bits",23,1063980,11.422222222222222,514,93150,O(n^(5/2) log n),45,Theta(n^3 log n)
"each constant modular multiplier loops over n result bits, not q exponent-register bits",23,1066050,11.444444444444445,515,93150,O(n^(5/2) log n),45,Theta(n^3 log n)
"each constant modular multiplier loops over n result bits, not q exponent-register bits",23,1068120,11.466666666666667,516,93150,O(n^(5/2) log n),45,Theta(n^3 log n)
"each constant modular multiplier loops over n result bits, not q exponent-register bits",23,1070190,11.488888888888889,517,93150,O(n^(5/2) log n),45,Theta(n^3 log n)
"each constant modular multiplier loops over n result bits, not q exponent-register bits",23,1096088,11.26086956521739,518,97336,O(n^(5/2) log n),46,Theta(n^3 log n)
"each constant modular multiplier loops over n result bits, not q exponent-register bits",23,1098204,11.282608695652174,519,97336,O(n^(5/2) log n),46,Theta(n^3 log n)
"each constant modular multiplier loops over n result bits, not q exponent-register bits",23,1100320,11.304347826086957,520,97336,O(n^(5/2) log n),46,Theta(n^3 log n)
"each constant modular multiplier loops over n result bits, not q exponent-register bits",23,1102436,11.326086956521738,521,97336,O(n^(5/2) log n),46,Theta(n^3 log n)
"each constant modular multiplier loops over n result bits, not q exponent-register bits",23,1104552,11.347826086956522,522,97336,O(n^(5/2) log n),46,Theta(n^3 log n)
"each constant modular multiplier loops over n result bits, not q exponent-register bits",23,1106668,11.369565217391305,523,97336,O(n^(5/2) log n),46,Theta(n^3 log n)
"each constant modular multiplier loops over n result bits, not q exponent-register bits",23,1108784,11.391304347826088,524,97336,O(n^(5/2) log n),46,Theta(n^3 log n)
"each constant modular multiplier loops over n result bits, not q exponent-register bits",23,1110900,11.41304347826087,525,97336,O(n^(5/2) log n),46,Theta(n^3 log n)
"each constant modular multiplier loops over n result bits, not q exponent-register bits",23,1113016,11.434782608695652,526,97336,O(n^(5/2) log n),46,Theta(n^3 log n)
"each constant modular multiplier loops over n result bits, not q exponent-register bits",23,1115132,11.456521739130435,527,97336,O(n^(5/2) log n),46,Theta(n^3 log n)
"each constant modular multiplier loops over n result bits, not q exponent-register bits",23,1117248,11.478260869565217,528,97336,O(n^(5/2) log n),46,Theta(n^3 log n)
"each constant modular multiplier loops over n result bits, not q exponent-register bits",23,1119364,11.5,529,97336,O(n^(5/2) log n),46,Theta(n^3 log n)
"each constant modular multiplier loops over n result bits, not q exponent-register bits",24,1144800,11.777777777777779,530,97200,O(n^(5/2) log n),45,Theta(n^3 log n)
"each constant modular multiplier loops over n result bits, not q exponent-register bits",24,1146960,11.8,531,97200,O(n^(5/2) log n),45,Theta(n^3 log n)
"each constant modular multiplier loops over n result bits, not q exponent-register bits",24,1149120,11.822222222222223,532,97200,O(n^(5/2) log n),45,Theta(n^3 log n)
"each constant modular multiplier loops over n result bits, not q exponent-register bits",24,1151280,11.844444444444445,533,97200,O(n^(5/2) log n),45,Theta(n^3 log n)
"each constant modular multiplier loops over n result bits, not q exponent-register bits",24,1153440,11.866666666666667,534,97200,O(n^(5/2) log n),45,Theta(n^3 log n)
"each constant modular multiplier loops over n result bits, not q exponent-register bits",24,1155600,11.88888888888889,535,97200,O(n^(5/2) log n),45,Theta(n^3 log n)
"each constant modular multiplier loops over n result bits, not q exponent-register bits",24,1157760,11.911111111111111,536,97200,O(n^(5/2) log n),45,Theta(n^3 log n)
"each constant modular multiplier loops over n result bits, not q exponent-register bits",24,1159920,11.933333333333334,537,97200,O(n^(5/2) log n),45,Theta(n^3 log n)
"each constant modular multiplier loops over n result bits, not q exponent-register bits",24,1162080,11.955555555555556,538,97200,O(n^(5/2) log n),45,Theta(n^3 log n)
"each constant modular multiplier loops over n result bits, not q exponent-register bits",24,1164240,11.977777777777778,539,97200,O(n^(5/2) log n),45,Theta(n^3 log n)
"each constant modular multiplier loops over n result bits, not q exponent-register bits",24,1166400,12.0,540,97200,O(n^(5/2) log n),45,Theta(n^3 log n)
"each constant modular multiplier loops over n result bits, not q exponent-register bits",24,1194528,11.76086956521739,541,101568,O(n^(5/2) log n),46,Theta(n^3 log n)
"each constant modular multiplier loops over n result bits, not q exponent-register bits",24,1196736,11.782608695652174,542,101568,O(n^(5/2) log n),46,Theta(n^3 log n)
"each constant modular multiplier loops over n result bits, not q exponent-register bits",24,1198944,11.804347826086957,543,101568,O(n^(5/2) log n),46,Theta(n^3 log n)
"each constant modular multiplier loops over n result bits, not q exponent-register bits",24,1201152,11.826086956521738,544,101568,O(n^(5/2) log n),46,Theta(n^3 log n)
"each constant modular multiplier loops over n result bits, not q exponent-register bits",24,1203360,11.847826086956522,545,101568,O(n^(5/2) log n),46,Theta(n^3 log n)
"each constant modular multiplier loops over n result bits, not q exponent-register bits",24,1205568,11.869565217391305,546,101568,O(n^(5/2) log n),46,Theta(n^3 log n)
"each constant modular multiplier loops over n result bits, not q exponent-register bits",24,1207776,11.891304347826088,547,101568,O(n^(5/2) log n),46,Theta(n^3 log n)
"each constant modular multiplier loops over n result bits, not q exponent-register bits",24,1209984,11.91304347826087,548,101568,O(n^(5/2) log n),46,Theta(n^3 log n)
"each constant modular multiplier loops over n result bits, not q exponent-register bits",24,1212192,11.934782608695652,549,101568,O(n^(5/2) log n),46,Theta(n^3 log n)
"each constant modular multiplier loops over n result bits, not q exponent-register bits",24,1214400,11.956521739130435,550,101568,O(n^(5/2) log n),46,Theta(n^3 log n)
"each constant modular multiplier loops over n result bits, not q exponent-register bits",24,1216608,11.978260869565217,551,101568,O(n^(5/2) log n),46,Theta(n^3 log n)
"each constant modular multiplier loops over n result bits, not q exponent-register bits",24,1218816,12.0,552,101568,O(n^(5/2) log n),46,Theta(n^3 log n)
"each constant modular multiplier loops over n result bits, not q exponent-register bits",24,1247568,11.76595744680851,553,106032,O(n^(5/2) log n),47,Theta(n^3 log n)
"each constant modular multiplier loops over n result bits, not q exponent-register bits",24,1249824,11.787234042553191,554,106032,O(n^(5/2) log n),47,Theta(n^3 log n)
"each constant modular multiplier loops over n result bits, not q exponent-register bits",24,1252080,11.808510638297872,555,106032,O(n^(5/2) log n),47,Theta(n^3 log n)
"each constant modular multiplier loops over n result bits, not q exponent-register bits",24,1254336,11.829787234042554,556,106032,O(n^(5/2) log n),47,Theta(n^3 log n)
"each constant modular multiplier loops over n result bits, not q exponent-register bits",24,1256592,11.851063829787234,557,106032,O(n^(5/2) log n),47,Theta(n^3 log n)
"each constant modular multiplier loops over n result bits, not q exponent-register bits",24,1258848,11.872340425531915,558,106032,O(n^(5/2) log n),47,Theta(n^3 log n)
"each constant modular multiplier loops over n result bits, not q exponent-register bits",24,1261104,11.893617021276595,559,106032,O(n^(5/2) log n),47,Theta(n^3 log n)
"each constant modular multiplier loops over n result bits, not q exponent-register bits",24,1263360,11.914893617021276,560,106032,O(n^(5/2) log n),47,Theta(n^3 log n)
"each constant modular multiplier loops over n result bits, not q exponent-register bits",24,1265616,11.936170212765957,561,106032,O(n^(5/2) log n),47,Theta(n^3 log n)
"each constant modular multiplier loops over n result bits, not q exponent-register bits",24,1267872,11.957446808510639,562,106032,O(n^(5/2) log n),47,Theta(n^3 log n)
"each constant modular multiplier loops over n result bits, not q exponent-register bits",24,1270128,11.97872340425532,563,106032,O(n^(5/2) log n),47,Theta(n^3 log n)
"each constant modular multiplier loops over n result bits, not q exponent-register bits",24,1272384,12.0,564,106032,O(n^(5/2) log n),47,Theta(n^3 log n)
"each constant modular multiplier loops over n result bits, not q exponent-register bits",24,1301760,11.770833333333334,565,110592,O(n^(5/2) log n),48,Theta(n^3 log n)
"each constant modular multiplier loops over n result bits, not q exponent-register bits",24,1304064,11.791666666666666,566,110592,O(n^(5/2) log n),48,Theta(n^3 log n)
"each constant modular multiplier loops over n result bits, not q exponent-register bits",24,1306368,11.8125,567,110592,O(n^(5/2) log n),48,Theta(n^3 log n)
"each constant modular multiplier loops over n result bits, not q exponent-register bits",24,1308672,11.833333333333334,568,110592,O(n^(5/2) log n),48,Theta(n^3 log n)
"each constant modular multiplier loops over n result bits, not q exponent-register bits",24,1310976,11.854166666666666,569,110592,O(n^(5/2) log n),48,Theta(n^3 log n)
"each constant modular multiplier loops over n result bits, not q exponent-register bits",24,1313280,11.875,570,110592,O(n^(5/2) log n),48,Theta(n^3 log n)
"each constant modular multiplier loops over n result bits, not q exponent-register bits",24,1315584,11.895833333333334,571,110592,O(n^(5/2) log n),48,Theta(n^3 log n)
"each constant modular multiplier loops over n result bits, not q exponent-register bits",24,1317888,11.916666666666666,572,110592,O(n^(5/2) log n),48,Theta(n^3 log n)
"each constant modular multiplier loops over n result bits, not q exponent-register bits",24,1320192,11.9375,573,110592,O(n^(5/2) log n),48,Theta(n^3 log n)
"each constant modular multiplier loops over n result bits, not q exponent-register bits",24,1322496,11.958333333333334,574,110592,O(n^(5/2) log n),48,Theta(n^3 log n)
"each constant modular multiplier loops over n result bits, not q exponent-register bits",24,1324800,11.979166666666666,575,110592,O(n^(5/2) log n),48,Theta(n^3 log n)
"each constant modular multiplier loops over n result bits, not q exponent-register bits",24,1327104,12.0,576,110592,O(n^(5/2) log n),48,Theta(n^3 log n)
"each constant modular multiplier loops over n result bits, not q exponent-register bits",25,1355950,12.27659574468085,577,110450,O(n^(5/2) log n),47,Theta(n^3 log n)
"each constant modular multiplier loops over n result bits, not q exponent-register bits",25,1358300,12.297872340425531,578,110450,O(n^(5/2) log n),47,Theta(n^3 log n)
"each constant modular multiplier loops over n result bits, not q exponent-register bits",25,1360650,12.319148936170214,579,110450,O(n^(5/2) log n),47,Theta(n^3 log n)
"each constant modular multiplier loops over n result bits, not q exponent-register bits",25,1363000,12.340425531914894,580,110450,O(n^(5/2) log n),47,Theta(n^3 log n)
"each constant modular multiplier loops over n result bits, not q exponent-register bits",25,1365350,12.361702127659575,581,110450,O(n^(5/2) log n),47,Theta(n^3 log n)
"each constant modular multiplier loops over n result bits, not q exponent-register bits",25,1367700,12.382978723404255,582,110450,O(n^(5/2) log n),47,Theta(n^3 log n)
"each constant modular multiplier loops over n result bits, not q exponent-register bits",25,1370050,12.404255319148936,583,110450,O(n^(5/2) log n),47,Theta(n^3 log n)
"each constant modular multiplier loops over n result bits, not q exponent-register bits",25,1372400,12.425531914893616,584,110450,O(n^(5/2) log n),47,Theta(n^3 log n)
"each constant modular multiplier loops over n result bits, not q exponent-register bits",25,1374750,12.446808510638299,585,110450,O(n^(5/2) log n),47,Theta(n^3 log n)
"each constant modular multiplier loops over n result bits, not q exponent-register bits",25,1377100,12.46808510638298,586,110450,O(n^(5/2) log n),47,Theta(n^3 log n)
"each constant modular multiplier loops over n result bits, not q exponent-register bits",25,1379450,12.48936170212766,587,110450,O(n^(5/2) log n),47,Theta(n^3 log n)
"each constant modular multiplier loops over n result bits, not q exponent-register bits",25,1411200,12.25,588,115200,O(n^(5/2) log n),48,Theta(n^3 log n)
"each constant modular multiplier loops over n result bits, not q exponent-register bits",25,1413600,12.270833333333334,589,115200,O(n^(5/2) log n),48,Theta(n^3 log n)
"each constant modular multiplier loops over n result bits, not q exponent-register bits",25,1416000,12.291666666666666,590,115200,O(n^(5/2) log n),48,Theta(n^3 log n)
"each constant modular multiplier loops over n result bits, not q exponent-register bits",25,1418400,12.3125,591,115200,O(n^(5/2) log n),48,Theta(n^3 log n)
"each constant modular multiplier loops over n result bits, not q exponent-register bits",25,1420800,12.333333333333334,592,115200,O(n^(5/2) log n),48,Theta(n^3 log n)
"each constant modular multiplier loops over n result bits, not q exponent-register bits",25,1423200,12.354166666666666,593,115200,O(n^(5/2) log n),48,Theta(n^3 log n)
"each constant modular multiplier loops over n result bits, not q exponent-register bits",25,1425600,12.375,594,115200,O(n^(5/2) log n),48,Theta(n^3 log n)
"each constant modular multiplier loops over n result bits, not q exponent-register bits",25,1428000,12.395833333333334,595,115200,O(n^(5/2) log n),48,Theta(n^3 log n)
"each constant modular multiplier loops over n result bits, not q exponent-register bits",25,1430400,12.416666666666666,596,115200,O(n^(5/2) log n),48,Theta(n^3 log n)
"each constant modular multiplier loops over n result bits, not q exponent-register bits",25,1432800,12.4375,597,115200,O(n^(5/2) log n),48,Theta(n^3 log n)
"each constant modular multiplier loops over n result bits, not q exponent-register bits",25,1435200,12.458333333333334,598,115200,O(n^(5/2) log n),48,Theta(n^3 log n)
"each constant modular multiplier loops over n result bits, not q exponent-register bits",25,1437600,12.479166666666666,599,115200,O(n^(5/2) log n),48,Theta(n^3 log n)
"each constant modular multiplier loops over n result bits, not q exponent-register bits",25,1440000,12.5,600,115200,O(n^(5/2) log n),48,Theta(n^3 log n)
"each constant modular multiplier loops over n result bits, not q exponent-register bits",25,1472450,12.26530612244898,601,120050,O(n^(5/2) log n),49,Theta(n^3 log n)
"each constant modular multiplier loops over n result bits, not q exponent-register bits",25,1474900,12.285714285714286,602,120050,O(n^(5/2) log n),49,Theta(n^3 log n)
"each constant modular multiplier loops over n result bits, not q exponent-register bits",25,1477350,12.306122448979592,603,120050,O(n^(5/2) log n),49,Theta(n^3 log n)
"each constant modular multiplier loops over n result bits, not q exponent-register bits",25,1479800,12.326530612244898,604,120050,O(n^(5/2) log n),49,Theta(n^3 log n)
"each constant modular multiplier loops over n result bits, not q exponent-register bits",25,1482250,12.346938775510203,605,120050,O(n^(5/2) log n),49,Theta(n^3 log n)
"each constant modular multiplier loops over n result bits, not q exponent-register bits",25,1484700,12.36734693877551,606,120050,O(n^(5/2) log n),49,Theta(n^3 log n)
"each constant modular multiplier loops over n result bits, not q exponent-register bits",25,1487150,12.387755102040817,607,120050,O(n^(5/2) log n),49,Theta(n^3 log n)
"each constant modular multiplier loops over n result bits, not q exponent-register bits",25,1489600,12.408163265306122,608,120050,O(n^(5/2) log n),49,Theta(n^3 log n)
"each constant modular multiplier loops over n result bits, not q exponent-register bits",25,1492050,12.428571428571429,609,120050,O(n^(5/2) log n),49,Theta(n^3 log n)
"each constant modular multiplier loops over n result bits, not q exponent-register bits",25,1494500,12.448979591836734,610,120050,O(n^(5/2) log n),49,Theta(n^3 log n)
"each constant modular multiplier loops over n result bits, not q exponent-register bits",25,1496950,12.46938775510204,611,120050,O(n^(5/2) log n),49,Theta(n^3 log n)
"each constant modular multiplier loops over n result bits, not q exponent-register bits",25,1499400,12.489795918367347,612,120050,O(n^(5/2) log n),49,Theta(n^3 log n)
"each constant modular multiplier loops over n result bits, not q exponent-register bits",25,1532500,12.26,613,125000,O(n^(5/2) log n),50,Theta(n^3 log n)
"each constant modular multiplier loops over n result bits, not q exponent-register bits",25,1535000,12.28,614,125000,O(n^(5/2) log n),50,Theta(n^3 log n)
"each constant modular multiplier loops over n result bits, not q exponent-register bits",25,1537500,12.3,615,125000,O(n^(5/2) log n),50,Theta(n^3 log n)
"each constant modular multiplier loops over n result bits, not q exponent-register bits",25,1540000,12.32,616,125000,O(n^(5/2) log n),50,Theta(n^3 log n)
"each constant modular multiplier loops over n result bits, not q exponent-register bits",25,1542500,12.34,617,125000,O(n^(5/2) log n),50,Theta(n^3 log n)
"each constant modular multiplier loops over n result bits, not q exponent-register bits",25,1545000,12.36,618,125000,O(n^(5/2) log n),50,Theta(n^3 log n)
"each constant modular multiplier loops over n result bits, not q exponent-register bits",25,1547500,12.38,619,125000,O(n^(5/2) log n),50,Theta(n^3 log n)
"each constant modular multiplier loops over n result bits, not q exponent-register bits",25,1550000,12.4,620,125000,O(n^(5/2) log n),50,Theta(n^3 log n)
"each constant modular multiplier loops over n result bits, not q exponent-register bits",25,1552500,12.42,621,125000,O(n^(5/2) log n),50,Theta(n^3 log n)
"each constant modular multiplier loops over n result bits, not q exponent-register bits",25,1555000,12.44,622,125000,O(n^(5/2) log n),50,Theta(n^3 log n)
"each constant modular multiplier loops over n result bits, not q exponent-register bits",25,1557500,12.46,623,125000,O(n^(5/2) log n),50,Theta(n^3 log n)
"each constant modular multiplier loops over n result bits, not q exponent-register bits",25,1560000,12.48,624,125000,O(n^(5/2) log n),50,Theta(n^3 log n)
"each constant modular multiplier loops over n result bits, not q exponent-register bits",25,1562500,12.5,625,125000,O(n^(5/2) log n),50,Theta(n^3 log n)
"each constant modular multiplier loops over n result bits, not q exponent-register bits",26,1595048,12.775510204081632,626,124852,O(n^(5/2) log n),49,Theta(n^3 log n)
"each constant modular multiplier loops over n result bits, not q exponent-register bits",26,1597596,12.795918367346939,627,124852,O(n^(5/2) log n),49,Theta(n^3 log n)
"each constant modular multiplier loops over n result bits, not q exponent-register bits",26,1600144,12.816326530612244,628,124852,O(n^(5/2) log n),49,Theta(n^3 log n)
"each constant modular multiplier loops over n result bits, not q exponent-register bits",26,1602692,12.83673469387755,629,124852,O(n^(5/2) log n),49,Theta(n^3 log n)
"each constant modular multiplier loops over n result bits, not q exponent-register bits",26,1605240,12.857142857142858,630,124852,O(n^(5/2) log n),49,Theta(n^3 log n)
"each constant modular multiplier loops over n result bits, not q exponent-register bits",26,1607788,12.877551020408163,631,124852,O(n^(5/2) log n),49,Theta(n^3 log n)
"each constant modular multiplier loops over n result bits, not q exponent-register bits",26,1610336,12.89795918367347,632,124852,O(n^(5/2) log n),49,Theta(n^3 log n)
"each constant modular multiplier loops over n result bits, not q exponent-register bits",26,1612884,12.918367346938776,633,124852,O(n^(5/2) log n),49,Theta(n^3 log n)
"each constant modular multiplier loops over n result bits, not q exponent-register bits",26,1615432,12.938775510204081,634,124852,O(n^(5/2) log n),49,Theta(n^3 log n)
"each constant modular multiplier loops over n result bits, not q exponent-register bits",26,1617980,12.959183673469388,635,124852,O(n^(5/2) log n),49,Theta(n^3 log n)
"each constant modular multiplier loops over n result bits, not q exponent-register bits",26,1620528,12.979591836734693,636,124852,O(n^(5/2) log n),49,Theta(n^3 log n)
"each constant modular multiplier loops over n result bits, not q exponent-register bits",26,1623076,13.0,637,124852,O(n^(5/2) log n),49,Theta(n^3 log n)
"each constant modular multiplier loops over n result bits, not q exponent-register bits",26,1658800,12.76,638,130000,O(n^(5/2) log n),50,Theta(n^3 log n)
"each constant modular multiplier loops over n result bits, not q exponent-register bits",26,1661400,12.78,639,130000,O(n^(5/2) log n),50,Theta(n^3 log n)
"each constant modular multiplier loops over n result bits, not q exponent-register bits",26,1664000,12.8,640,130000,O(n^(5/2) log n),50,Theta(n^3 log n)
"each constant modular multiplier loops over n result bits, not q exponent-register bits",26,1666600,12.82,641,130000,O(n^(5/2) log n),50,Theta(n^3 log n)
"each constant modular multiplier loops over n result bits, not q exponent-register bits",26,1669200,12.84,642,130000,O(n^(5/2) log n),50,Theta(n^3 log n)
"each constant modular multiplier loops over n result bits, not q exponent-register bits",26,1671800,12.86,643,130000,O(n^(5/2) log n),50,Theta(n^3 log n)
"each constant modular multiplier loops over n result bits, not q exponent-register bits",26,1674400,12.88,644,130000,O(n^(5/2) log n),50,Theta(n^3 log n)
"each constant modular multiplier loops over n result bits, not q exponent-register bits",26,1677000,12.9,645,130000,O(n^(5/2) log n),50,Theta(n^3 log n)
"each constant modular multiplier loops over n result bits, not q exponent-register bits",26,1679600,12.92,646,130000,O(n^(5/2) log n),50,Theta(n^3 log n)
"each constant modular multiplier loops over n result bits, not q exponent-register bits",26,1682200,12.94,647,130000,O(n^(5/2) log n),50,Theta(n^3 log n)
"each constant modular multiplier loops over n result bits, not q exponent-register bits",26,1684800,12.96,648,130000,O(n^(5/2) log n),50,Theta(n^3 log n)
"each constant modular multiplier loops over n result bits, not q exponent-register bits",26,1687400,12.98,649,130000,O(n^(5/2) log n),50,Theta(n^3 log n)
"each constant modular multiplier loops over n result bits, not q exponent-register bits",26,1690000,13.0,650,130000,O(n^(5/2) log n),50,Theta(n^3 log n)
"each constant modular multiplier loops over n result bits, not q exponent-register bits",26,1726452,12.764705882352942,651,135252,O(n^(5/2) log n),51,Theta(n^3 log n)
"each constant modular multiplier loops over n result bits, not q exponent-register bits",26,1729104,12.784313725490197,652,135252,O(n^(5/2) log n),51,Theta(n^3 log n)
"each constant modular multiplier loops over n result bits, not q exponent-register bits",26,1731756,12.803921568627452,653,135252,O(n^(5/2) log n),51,Theta(n^3 log n)
"each constant modular multiplier loops over n result bits, not q exponent-register bits",26,1734408,12.823529411764707,654,135252,O(n^(5/2) log n),51,Theta(n^3 log n)
"each constant modular multiplier loops over n result bits, not q exponent-register bits",26,1737060,12.843137254901961,655,135252,O(n^(5/2) log n),51,Theta(n^3 log n)
"each constant modular multiplier loops over n result bits, not q exponent-register bits",26,1739712,12.862745098039216,656,135252,O(n^(5/2) log n),51,Theta(n^3 log n)
"each constant modular multiplier loops over n result bits, not q exponent-register bits",26,1742364,12.882352941176471,657,135252,O(n^(5/2) log n),51,Theta(n^3 log n)
"each constant modular multiplier loops over n result bits, not q exponent-register bits",26,1745016,12.901960784313726,658,135252,O(n^(5/2) log n),51,Theta(n^3 log n)
"each constant modular multiplier loops over n result bits, not q exponent-register bits",26,1747668,12.92156862745098,659,135252,O(n^(5/2) log n),51,Theta(n^3 log n)
"each constant modular multiplier loops over n result bits, not q exponent-register bits",26,1750320,12.941176470588236,660,135252,O(n^(5/2) log n),51,Theta(n^3 log n)
"each constant modular multiplier loops over n result bits, not q exponent-register bits",26,1752972,12.96078431372549,661,135252,O(n^(5/2) log n),51,Theta(n^3 log n)
"each constant modular multiplier loops over n result bits, not q exponent-register bits",26,1755624,12.980392156862745,662,135252,O(n^(5/2) log n),51,Theta(n^3 log n)
"each constant modular multiplier loops over n result bits, not q exponent-register bits",26,1758276,13.0,663,135252,O(n^(5/2) log n),51,Theta(n^3 log n)
"each constant modular multiplier loops over n result bits, not q exponent-register bits",26,1795456,12.76923076923077,664,140608,O(n^(5/2) log n),52,Theta(n^3 log n)
"each constant modular multiplier loops over n result bits, not q exponent-register bits",26,1798160,12.788461538461538,665,140608,O(n^(5/2) log n),52,Theta(n^3 log n)
"each constant modular multiplier loops over n result bits, not q exponent-register bits",26,1800864,12.807692307692308,666,140608,O(n^(5/2) log n),52,Theta(n^3 log n)
"each constant modular multiplier loops over n result bits, not q exponent-register bits",26,1803568,12.826923076923077,667,140608,O(n^(5/2) log n),52,Theta(n^3 log n)
"each constant modular multiplier loops over n result bits, not q exponent-register bits",26,1806272,12.846153846153847,668,140608,O(n^(5/2) log n),52,Theta(n^3 log n)
"each constant modular multiplier loops over n result bits, not q exponent-register bits",26,1808976,12.865384615384615,669,140608,O(n^(5/2) log n),52,Theta(n^3 log n)
"each constant modular multiplier loops over n result bits, not q exponent-register bits",26,1811680,12.884615384615385,670,140608,O(n^(5/2) log n),52,Theta(n^3 log n)
"each constant modular multiplier loops over n result bits, not q exponent-register bits",26,1814384,12.903846153846153,671,140608,O(n^(5/2) log n),52,Theta(n^3 log n)
"each constant modular multiplier loops over n result bits, not q exponent-register bits",26,1817088,12.923076923076923,672,140608,O(n^(5/2) log n),52,Theta(n^3 log n)
"each constant modular multiplier loops over n result bits, not q exponent-register bits",26,1819792,12.942307692307692,673,140608,O(n^(5/2) log n),52,Theta(n^3 log n)
"each constant modular multiplier loops over n result bits, not q exponent-register bits",26,1822496,12.961538461538462,674,140608,O(n^(5/2) log n),52,Theta(n^3 log n)
"each constant modular multiplier loops over n result bits, not q exponent-register bits",26,1825200,12.98076923076923,675,140608,O(n^(5/2) log n),52,Theta(n^3 log n)
"each constant modular multiplier loops over n result bits, not q exponent-register bits",26,1827904,13.0,676,140608,O(n^(5/2) log n),52,Theta(n^3 log n)
"each constant modular multiplier loops over n result bits, not q exponent-register bits",27,1864458,13.27450980392157,677,140454,O(n^(5/2) log n),51,Theta(n^3 log n)
"each constant modular multiplier loops over n result bits, not q exponent-register bits",27,1867212,13.294117647058824,678,140454,O(n^(5/2) log n),51,Theta(n^3 log n)
"each constant modular multiplier loops over n result bits, not q exponent-register bits",27,1869966,13.313725490196079,679,140454,O(n^(5/2) log n),51,Theta(n^3 log n)
"each constant modular multiplier loops over n result bits, not q exponent-register bits",27,1872720,13.333333333333334,680,140454,O(n^(5/2) log n),51,Theta(n^3 log n)
"each constant modular multiplier loops over n result bits, not q exponent-register bits",27,1875474,13.352941176470589,681,140454,O(n^(5/2) log n),51,Theta(n^3 log n)
"each constant modular multiplier loops over n result bits, not q exponent-register bits",27,1878228,13.372549019607844,682,140454,O(n^(5/2) log n),51,Theta(n^3 log n)
"each constant modular multiplier loops over n result bits, not q exponent-register bits",27,1880982,13.392156862745098,683,140454,O(n^(5/2) log n),51,Theta(n^3 log n)
"each constant modular multiplier loops over n result bits, not q exponent-register bits",27,1883736,13.411764705882353,684,140454,O(n^(5/2) log n),51,Theta(n^3 log n)
"each constant modular multiplier loops over n result bits, not q exponent-register bits",27,1886490,13.431372549019608,685,140454,O(n^(5/2) log n),51,Theta(n^3 log n)
"each constant modular multiplier loops over n result bits, not q exponent-register bits",27,1889244,13.450980392156863,686,140454,O(n^(5/2) log n),51,Theta(n^3 log n)
"each constant modular multiplier loops over n result bits, not q exponent-register bits",27,1891998,13.470588235294118,687,140454,O(n^(5/2) log n),51,Theta(n^3 log n)
"each constant modular multiplier loops over n result bits, not q exponent-register bits",27,1894752,13.490196078431373,688,140454,O(n^(5/2) log n),51,Theta(n^3 log n)
"each constant modular multiplier loops over n result bits, not q exponent-register bits",27,1934712,13.25,689,146016,O(n^(5/2) log n),52,Theta(n^3 log n)
"each constant modular multiplier loops over n result bits, not q exponent-register bits",27,1937520,13.26923076923077,690,146016,O(n^(5/2) log n),52,Theta(n^3 log n)
"each constant modular multiplier loops over n result bits, not q exponent-register bits",27,1940328,13.288461538461538,691,146016,O(n^(5/2) log n),52,Theta(n^3 log n)
"each constant modular multiplier loops over n result bits, not q exponent-register bits",27,1943136,13.307692307692308,692,146016,O(n^(5/2) log n),52,Theta(n^3 log n)
"each constant modular multiplier loops over n result bits, not q exponent-register bits",27,1945944,13.326923076923077,693,146016,O(n^(5/2) log n),52,Theta(n^3 log n)
"each constant modular multiplier loops over n result bits, not q exponent-register bits",27,1948752,13.346153846153847,694,146016,O(n^(5/2) log n),52,Theta(n^3 log n)
"each constant modular multiplier loops over n result bits, not q exponent-register bits",27,1951560,13.365384615384615,695,146016,O(n^(5/2) log n),52,Theta(n^3 log n)
"each constant modular multiplier loops over n result bits, not q exponent-register bits",27,1954368,13.384615384615385,696,146016,O(n^(5/2) log n),52,Theta(n^3 log n)
"each constant modular multiplier loops over n result bits, not q exponent-register bits",27,1957176,13.403846153846153,697,146016,O(n^(5/2) log n),52,Theta(n^3 log n)
"each constant modular multiplier loops over n result bits, not q exponent-register bits",27,1959984,13.423076923076923,698,146016,O(n^(5/2) log n),52,Theta(n^3 log n)
"each constant modular multiplier loops over n result bits, not q exponent-register bits",27,1962792,13.442307692307692,699,146016,O(n^(5/2) log n),52,Theta(n^3 log n)
"each constant modular multiplier loops over n result bits, not q exponent-register bits",27,1965600,13.461538461538462,700,146016,O(n^(5/2) log n),52,Theta(n^3 log n)
"each constant modular multiplier loops over n result bits, not q exponent-register bits",27,1968408,13.48076923076923,701,146016,O(n^(5/2) log n),52,Theta(n^3 log n)
"each constant modular multiplier loops over n result bits, not q exponent-register bits",27,1971216,13.5,702,146016,O(n^(5/2) log n),52,Theta(n^3 log n)
"each constant modular multiplier loops over n result bits, not q exponent-register bits",27,2011986,13.264150943396226,703,151686,O(n^(5/2) log n),53,Theta(n^3 log n)
"each constant modular multiplier loops over n result bits, not q exponent-register bits",27,2014848,13.283018867924529,704,151686,O(n^(5/2) log n),53,Theta(n^3 log n)
"each constant modular multiplier loops over n result bits, not q exponent-register bits",27,2017710,13.30188679245283,705,151686,O(n^(5/2) log n),53,Theta(n^3 log n)
"each constant modular multiplier loops over n result bits, not q exponent-register bits",27,2020572,13.320754716981131,706,151686,O(n^(5/2) log n),53,Theta(n^3 log n)
"each constant modular multiplier loops over n result bits, not q exponent-register bits",27,2023434,13.339622641509434,707,151686,O(n^(5/2) log n),53,Theta(n^3 log n)
"each constant modular multiplier loops over n result bits, not q exponent-register bits",27,2026296,13.358490566037736,708,151686,O(n^(5/2) log n),53,Theta(n^3 log n)
"each constant modular multiplier loops over n result bits, not q exponent-register bits",27,2029158,13.377358490566039,709,151686,O(n^(5/2) log n),53,Theta(n^3 log n)
"each constant modular multiplier loops over n result bits, not q exponent-register bits",27,2032020,13.39622641509434,710,151686,O(n^(5/2) log n),53,Theta(n^3 log n)
"each constant modular multiplier loops over n result bits, not q exponent-register bits",27,2034882,13.415094339622641,711,151686,O(n^(5/2) log n),53,Theta(n^3 log n)
"each constant modular multiplier loops over n result bits, not q exponent-register bits",27,2037744,13.433962264150944,712,151686,O(n^(5/2) log n),53,Theta(n^3 log n)
"each constant modular multiplier loops over n result bits, not q exponent-register bits",27,2040606,13.452830188679245,713,151686,O(n^(5/2) log n),53,Theta(n^3 log n)
"each constant modular multiplier loops over n result bits, not q exponent-register bits",27,2043468,13.471698113207546,714,151686,O(n^(5/2) log n),53,Theta(n^3 log n)
"each constant modular multiplier loops over n result bits, not q exponent-register bits",27,2046330,13.49056603773585,715,151686,O(n^(5/2) log n),53,Theta(n^3 log n)
"each constant modular multiplier loops over n result bits, not q exponent-register bits",27,2087856,13.25925925925926,716,157464,O(n^(5/2) log n),54,Theta(n^3 log n)
"each constant modular multiplier loops over n result bits, not q exponent-register bits",27,2090772,13.277777777777779,717,157464,O(n^(5/2) log n),54,Theta(n^3 log n)
"each constant modular multiplier loops over n result bits, not q exponent-register bits",27,2093688,13.296296296296296,718,157464,O(n^(5/2) log n),54,Theta(n^3 log n)
"each constant modular multiplier loops over n result bits, not q exponent-register bits",27,2096604,13.314814814814815,719,157464,O(n^(5/2) log n),54,Theta(n^3 log n)
"each constant modular multiplier loops over n result bits, not q exponent-register bits",27,2099520,13.333333333333334,720,157464,O(n^(5/2) log n),54,Theta(n^3 log n)
"each constant modular multiplier loops over n result bits, not q exponent-register bits",27,2102436,13.351851851851851,721,157464,O(n^(5/2) log n),54,Theta(n^3 log n)
"each constant modular multiplier loops over n result bits, not q exponent-register bits",27,2105352,13.37037037037037,722,157464,O(n^(5/2) log n),54,Theta(n^3 log n)
"each constant modular multiplier loops over n result bits, not q exponent-register bits",27,2108268,13.38888888888889,723,157464,O(n^(5/2) log n),54,Theta(n^3 log n)
"each constant modular multiplier loops over n result bits, not q exponent-register bits",27,2111184,13.407407407407407,724,157464,O(n^(5/2) log n),54,Theta(n^3 log n)
"each constant modular multiplier loops over n result bits, not q exponent-register bits",27,2114100,13.425925925925926,725,157464,O(n^(5/2) log n),54,Theta(n^3 log n)
"each constant modular multiplier loops over n result bits, not q exponent-register bits",27,2117016,13.444444444444445,726,157464,O(n^(5/2) log n),54,Theta(n^3 log n)
"each constant modular multiplier loops over n result bits, not q exponent-register bits",27,2119932,13.462962962962964,727,157464,O(n^(5/2) log n),54,Theta(n^3 log n)
"each constant modular multiplier loops over n result bits, not q exponent-register bits",27,2122848,13.481481481481481,728,157464,O(n^(5/2) log n),54,Theta(n^3 log n)
"each constant modular multiplier loops over n result bits, not q exponent-register bits",27,2125764,13.5,729,157464,O(n^(5/2) log n),54,Theta(n^3 log n)
"each constant modular multiplier loops over n result bits, not q exponent-register bits",28,2166640,13.773584905660377,730,157304,O(n^(5/2) log n),53,Theta(n^3 log n)
"each constant modular multiplier loops over n result bits, not q exponent-register bits",28,2169608,13.79245283018868,731,157304,O(n^(5/2) log n),53,Theta(n^3 log n)
"each constant modular multiplier loops over n result bits, not q exponent-register bits",28,2172576,13.81132075471698,732,157304,O(n^(5/2) log n),53,Theta(n^3 log n)
"each constant modular multiplier loops over n result bits, not q exponent-register bits",28,2175544,13.830188679245284,733,157304,O(n^(5/2) log n),53,Theta(n^3 log n)
"each constant modular multiplier loops over n result bits, not q exponent-register bits",28,2178512,13.849056603773585,734,157304,O(n^(5/2) log n),53,Theta(n^3 log n)
"each constant modular multiplier loops over n result bits, not q exponent-register bits",28,2181480,13.867924528301886,735,157304,O(n^(5/2) log n),53,Theta(n^3 log n)
"each constant modular multiplier loops over n result bits, not q exponent-register bits",28,2184448,13.88679245283019,736,157304,O(n^(5/2) log n),53,Theta(n^3 log n)
"each constant modular multiplier loops over n result bits, not q exponent-register bits",28,2187416,13.90566037735849,737,157304,O(n^(5/2) log n),53,Theta(n^3 log n)
"each constant modular multiplier loops over n result bits, not q exponent-register bits",28,2190384,13.924528301886792,738,157304,O(n^(5/2) log n),53,Theta(n^3 log n)
"each constant modular multiplier loops over n result bits, not q exponent-register bits",28,2193352,13.943396226415095,739,157304,O(n^(5/2) log n),53,Theta(n^3 log n)
"each constant modular multiplier loops over n result bits, not q exponent-register bits",28,2196320,13.962264150943396,740,157304,O(n^(5/2) log n),53,Theta(n^3 log n)
"each constant modular multiplier loops over n result bits, not q exponent-register bits",28,2199288,13.981132075471699,741,157304,O(n^(5/2) log n),53,Theta(n^3 log n)
"each constant modular multiplier loops over n result bits, not q exponent-register bits",28,2202256,14.0,742,157304,O(n^(5/2) log n),53,Theta(n^3 log n)
"each constant modular multiplier loops over n result bits, not q exponent-register bits",28,2246832,13.75925925925926,743,163296,O(n^(5/2) log n),54,Theta(n^3 log n)
"each constant modular multiplier loops over n result bits, not q exponent-register bits",28,2249856,13.777777777777779,744,163296,O(n^(5/2) log n),54,Theta(n^3 log n)
"each constant modular multiplier loops over n result bits, not q exponent-register bits",28,2252880,13.796296296296296,745,163296,O(n^(5/2) log n),54,Theta(n^3 log n)
"each constant modular multiplier loops over n result bits, not q exponent-register bits",28,2255904,13.814814814814815,746,163296,O(n^(5/2) log n),54,Theta(n^3 log n)
"each constant modular multiplier loops over n result bits, not q exponent-register bits",28,2258928,13.833333333333334,747,163296,O(n^(5/2) log n),54,Theta(n^3 log n)
"each constant modular multiplier loops over n result bits, not q exponent-register bits",28,2261952,13.851851851851851,748,163296,O(n^(5/2) log n),54,Theta(n^3 log n)
"each constant modular multiplier loops over n result bits, not q exponent-register bits",28,2264976,13.87037037037037,749,163296,O(n^(5/2) log n),54,Theta(n^3 log n)
"each constant modular multiplier loops over n result bits, not q exponent-register bits",28,2268000,13.88888888888889,750,163296,O(n^(5/2) log n),54,Theta(n^3 log n)
"each constant modular multiplier loops over n result bits, not q exponent-register bits",28,2271024,13.907407407407407,751,163296,O(n^(5/2) log n),54,Theta(n^3 log n)
"each constant modular multiplier loops over n result bits, not q exponent-register bits",28,2274048,13.925925925925926,752,163296,O(n^(5/2) log n),54,Theta(n^3 log n)
"each constant modular multiplier loops over n result bits, not q exponent-register bits",28,2277072,13.944444444444445,753,163296,O(n^(5/2) log n),54,Theta(n^3 log n)
"each constant modular multiplier loops over n result bits, not q exponent-register bits",28,2280096,13.962962962962964,754,163296,O(n^(5/2) log n),54,Theta(n^3 log n)
"each constant modular multiplier loops over n result bits, not q exponent-register bits",28,2283120,13.981481481481481,755,163296,O(n^(5/2) log n),54,Theta(n^3 log n)
"each constant modular multiplier loops over n result bits, not q exponent-register bits",28,2286144,14.0,756,163296,O(n^(5/2) log n),54,Theta(n^3 log n)
"each constant modular multiplier loops over n result bits, not q exponent-register bits",28,2331560,13.763636363636364,757,169400,O(n^(5/2) log n),55,Theta(n^3 log n)
"each constant modular multiplier loops over n result bits, not q exponent-register bits",28,2334640,13.781818181818181,758,169400,O(n^(5/2) log n),55,Theta(n^3 log n)
"each constant modular multiplier loops over n result bits, not q exponent-register bits",28,2337720,13.8,759,169400,O(n^(5/2) log n),55,Theta(n^3 log n)
"each constant modular multiplier loops over n result bits, not q exponent-register bits",28,2340800,13.818181818181818,760,169400,O(n^(5/2) log n),55,Theta(n^3 log n)
"each constant modular multiplier loops over n result bits, not q exponent-register bits",28,2343880,13.836363636363636,761,169400,O(n^(5/2) log n),55,Theta(n^3 log n)
"each constant modular multiplier loops over n result bits, not q exponent-register bits",28,2346960,13.854545454545455,762,169400,O(n^(5/2) log n),55,Theta(n^3 log n)
"each constant modular multiplier loops over n result bits, not q exponent-register bits",28,2350040,13.872727272727273,763,169400,O(n^(5/2) log n),55,Theta(n^3 log n)
"each constant modular multiplier loops over n result bits, not q exponent-register bits",28,2353120,13.89090909090909,764,169400,O(n^(5/2) log n),55,Theta(n^3 log n)
"each constant modular multiplier loops over n result bits, not q exponent-register bits",28,2356200,13.909090909090908,765,169400,O(n^(5/2) log n),55,Theta(n^3 log n)
"each constant modular multiplier loops over n result bits, not q exponent-register bits",28,2359280,13.927272727272728,766,169400,O(n^(5/2) log n),55,Theta(n^3 log n)
"each constant modular multiplier loops over n result bits, not q exponent-register bits",28,2362360,13.945454545454545,767,169400,O(n^(5/2) log n),55,Theta(n^3 log n)
"each constant modular multiplier loops over n result bits, not q exponent-register bits",28,2365440,13.963636363636363,768,169400,O(n^(5/2) log n),55,Theta(n^3 log n)
"each constant modular multiplier loops over n result bits, not q exponent-register bits",28,2368520,13.981818181818182,769,169400,O(n^(5/2) log n),55,Theta(n^3 log n)
"each constant modular multiplier loops over n result bits, not q exponent-register bits",28,2371600,14.0,770,169400,O(n^(5/2) log n),55,Theta(n^3 log n)
"each constant modular multiplier loops over n result bits, not q exponent-register bits",28,2417856,13.767857142857142,771,175616,O(n^(5/2) log n),56,Theta(n^3 log n)
"each constant modular multiplier loops over n result bits, not q exponent-register bits",28,2420992,13.785714285714286,772,175616,O(n^(5/2) log n),56,Theta(n^3 log n)
"each constant modular multiplier loops over n result bits, not q exponent-register bits",28,2424128,13.803571428571429,773,175616,O(n^(5/2) log n),56,Theta(n^3 log n)
"each constant modular multiplier loops over n result bits, not q exponent-register bits",28,2427264,13.821428571428571,774,175616,O(n^(5/2) log n),56,Theta(n^3 log n)
"each constant modular multiplier loops over n result bits, not q exponent-register bits",28,2430400,13.839285714285714,775,175616,O(n^(5/2) log n),56,Theta(n^3 log n)
"each constant modular multiplier loops over n result bits, not q exponent-register bits",28,2433536,13.857142857142858,776,175616,O(n^(5/2) log n),56,Theta(n^3 log n)
"each constant modular multiplier loops over n result bits, not q exponent-register bits",28,2436672,13.875,777,175616,O(n^(5/2) log n),56,Theta(n^3 log n)
"each constant modular multiplier loops over n result bits, not q exponent-register bits",28,2439808,13.892857142857142,778,175616,O(n^(5/2) log n),56,Theta(n^3 log n)
"each constant modular multiplier loops over n result bits, not q exponent-register bits",28,2442944,13.910714285714286,779,175616,O(n^(5/2) log n),56,Theta(n^3 log n)
"each constant modular multiplier loops over n result bits, not q exponent-register bits",28,2446080,13.928571428571429,780,175616,O(n^(5/2) log n),56,Theta(n^3 log n)
"each constant modular multiplier loops over n result bits, not q exponent-register bits",28,2449216,13.946428571428571,781,175616,O(n^(5/2) log n),56,Theta(n^3 log n)
"each constant modular multiplier loops over n result bits, not q exponent-register bits",28,2452352,13.964285714285714,782,175616,O(n^(5/2) log n),56,Theta(n^3 log n)
"each constant modular multiplier loops over n result bits, not q exponent-register bits",28,2455488,13.982142857142858,783,175616,O(n^(5/2) log n),56,Theta(n^3 log n)
"each constant modular multiplier loops over n result bits, not q exponent-register bits",28,2458624,14.0,784,175616,O(n^(5/2) log n),56,Theta(n^3 log n)
"each constant modular multiplier loops over n result bits, not q exponent-register bits",29,2504150,14.272727272727273,785,175450,O(n^(5/2) log n),55,Theta(n^3 log n)
"each constant modular multiplier loops over n result bits, not q exponent-register bits",29,2507340,14.290909090909091,786,175450,O(n^(5/2) log n),55,Theta(n^3 log n)
"each constant modular multiplier loops over n result bits, not q exponent-register bits",29,2510530,14.309090909090909,787,175450,O(n^(5/2) log n),55,Theta(n^3 log n)
"each constant modular multiplier loops over n result bits, not q exponent-register bits",29,2513720,14.327272727272728,788,175450,O(n^(5/2) log n),55,Theta(n^3 log n)
"each constant modular multiplier loops over n result bits, not q exponent-register bits",29,2516910,14.345454545454546,789,175450,O(n^(5/2) log n),55,Theta(n^3 log n)
"each constant modular multiplier loops over n result bits, not q exponent-register bits",29,2520100,14.363636363636363,790,175450,O(n^(5/2) log n),55,Theta(n^3 log n)
"each constant modular multiplier loops over n result bits, not q exponent-register bits",29,2523290,14.381818181818181,791,175450,O(n^(5/2) log n),55,Theta(n^3 log n)
"each constant modular multiplier loops over n result bits, not q exponent-register bits",29,2526480,14.4,792,175450,O(n^(5/2) log n),55,Theta(n^3 log n)
"each constant modular multiplier loops over n result bits, not q exponent-register bits",29,2529670,14.418181818181818,793,175450,O(n^(5/2) log n),55,Theta(n^3 log n)
"each constant modular multiplier loops over n result bits, not q exponent-register bits",29,2532860,14.436363636363636,794,175450,O(n^(5/2) log n),55,Theta(n^3 log n)
"each constant modular multiplier loops over n result bits, not q exponent-register bits",29,2536050,14.454545454545455,795,175450,O(n^(5/2) log n),55,Theta(n^3 log n)
"each constant modular multiplier loops over n result bits, not q exponent-register bits",29,2539240,14.472727272727273,796,175450,O(n^(5/2) log n),55,Theta(n^3 log n)
"each constant modular multiplier loops over n result bits, not q exponent-register bits",29,2542430,14.49090909090909,797,175450,O(n^(5/2) log n),55,Theta(n^3 log n)
"each constant modular multiplier loops over n result bits, not q exponent-register bits",29,2591904,14.25,798,181888,O(n^(5/2) log n),56,Theta(n^3 log n)
"each constant modular multiplier loops over n result bits, not q exponent-register bits",29,2595152,14.267857142857142,799,181888,O(n^(5/2) log n),56,Theta(n^3 log n)
"each constant modular multiplier loops over n result bits, not q exponent-register bits",29,2598400,14.285714285714286,800,181888,O(n^(5/2) log n),56,Theta(n^3 log n)
"each constant modular multiplier loops over n result bits, not q exponent-register bits",29,2601648,14.303571428571429,801,181888,O(n^(5/2) log n),56,Theta(n^3 log n)
"each constant modular multiplier loops over n result bits, not q exponent-register bits",29,2604896,14.321428571428571,802,181888,O(n^(5/2) log n),56,Theta(n^3 log n)
"each constant modular multiplier loops over n result bits, not q exponent-register bits",29,2608144,14.339285714285714,803,181888,O(n^(5/2) log n),56,Theta(n^3 log n)
"each constant modular multiplier loops over n result bits, not q exponent-register bits",29,2611392,14.357142857142858,804,181888,O(n^(5/2) log n),56,Theta(n^3 log n)
"each constant modular multiplier loops over n result bits, not q exponent-register bits",29,2614640,14.375,805,181888,O(n^(5/2) log n),56,Theta(n^3 log n)
"each constant modular multiplier loops over n result bits, not q exponent-register bits",29,2617888,14.392857142857142,806,181888,O(n^(5/2) log n),56,Theta(n^3 log n)
"each constant modular multiplier loops over n result bits, not q exponent-register bits",29,2621136,14.410714285714286,807,181888,O(n^(5/2) log n),56,Theta(n^3 log n)
"each constant modular multiplier loops over n result bits, not q exponent-register bits",29,2624384,14.428571428571429,808,181888,O(n^(5/2) log n),56,Theta(n^3 log n)
"each constant modular multiplier loops over n result bits, not q exponent-register bits",29,2627632,14.446428571428571,809,181888,O(n^(5/2) log n),56,Theta(n^3 log n)
"each constant modular multiplier loops over n result bits, not q exponent-register bits",29,2630880,14.464285714285714,810,181888,O(n^(5/2) log n),56,Theta(n^3 log n)
"each constant modular multiplier loops over n result bits, not q exponent-register bits",29,2634128,14.482142857142858,811,181888,O(n^(5/2) log n),56,Theta(n^3 log n)
"each constant modular multiplier loops over n result bits, not q exponent-register bits",29,2637376,14.5,812,181888,O(n^(5/2) log n),56,Theta(n^3 log n)
"each constant modular multiplier loops over n result bits, not q exponent-register bits",29,2687778,14.263157894736842,813,188442,O(n^(5/2) log n),57,Theta(n^3 log n)
"each constant modular multiplier loops over n result bits, not q exponent-register bits",29,2691084,14.280701754385966,814,188442,O(n^(5/2) log n),57,Theta(n^3 log n)
"each constant modular multiplier loops over n result bits, not q exponent-register bits",29,2694390,14.298245614035087,815,188442,O(n^(5/2) log n),57,Theta(n^3 log n)
"each constant modular multiplier loops over n result bits, not q exponent-register bits",29,2697696,14.31578947368421,816,188442,O(n^(5/2) log n),57,Theta(n^3 log n)
"each constant modular multiplier loops over n result bits, not q exponent-register bits",29,2701002,14.333333333333334,817,188442,O(n^(5/2) log n),57,Theta(n^3 log n)
"each constant modular multiplier loops over n result bits, not q exponent-register bits",29,2704308,14.350877192982455,818,188442,O(n^(5/2) log n),57,Theta(n^3 log n)
"each constant modular multiplier loops over n result bits, not q exponent-register bits",29,2707614,14.368421052631579,819,188442,O(n^(5/2) log n),57,Theta(n^3 log n)
"each constant modular multiplier loops over n result bits, not q exponent-register bits",29,2710920,14.385964912280702,820,188442,O(n^(5/2) log n),57,Theta(n^3 log n)
"each constant modular multiplier loops over n result bits, not q exponent-register bits",29,2714226,14.403508771929825,821,188442,O(n^(5/2) log n),57,Theta(n^3 log n)
"each constant modular multiplier loops over n result bits, not q exponent-register bits",29,2717532,14.421052631578947,822,188442,O(n^(5/2) log n),57,Theta(n^3 log n)
"each constant modular multiplier loops over n result bits, not q exponent-register bits",29,2720838,14.43859649122807,823,188442,O(n^(5/2) log n),57,Theta(n^3 log n)
"each constant modular multiplier loops over n result bits, not q exponent-register bits",29,2724144,14.456140350877194,824,188442,O(n^(5/2) log n),57,Theta(n^3 log n)
"each constant modular multiplier loops over n result bits, not q exponent-register bits",29,2727450,14.473684210526315,825,188442,O(n^(5/2) log n),57,Theta(n^3 log n)
"each constant modular multiplier loops over n result bits, not q exponent-register bits",29,2730756,14.491228070175438,826,188442,O(n^(5/2) log n),57,Theta(n^3 log n)
"each constant modular multiplier loops over n result bits, not q exponent-register bits",29,2782028,14.258620689655173,827,195112,O(n^(5/2) log n),58,Theta(n^3 log n)
"each constant modular multiplier loops over n result bits, not q exponent-register bits",29,2785392,14.275862068965518,828,195112,O(n^(5/2) log n),58,Theta(n^3 log n)
"each constant modular multiplier loops over n result bits, not q exponent-register bits",29,2788756,14.293103448275861,829,195112,O(n^(5/2) log n),58,Theta(n^3 log n)
"each constant modular multiplier loops over n result bits, not q exponent-register bits",29,2792120,14.310344827586206,830,195112,O(n^(5/2) log n),58,Theta(n^3 log n)
"each constant modular multiplier loops over n result bits, not q exponent-register bits",29,2795484,14.327586206896552,831,195112,O(n^(5/2) log n),58,Theta(n^3 log n)
"each constant modular multiplier loops over n result bits, not q exponent-register bits",29,2798848,14.344827586206897,832,195112,O(n^(5/2) log n),58,Theta(n^3 log n)
"each constant modular multiplier loops over n result bits, not q exponent-register bits",29,2802212,14.362068965517242,833,195112,O(n^(5/2) log n),58,Theta(n^3 log n)
"each constant modular multiplier loops over n result bits, not q exponent-register bits",29,2805576,14.379310344827585,834,195112,O(n^(5/2) log n),58,Theta(n^3 log n)
"each constant modular multiplier loops over n result bits, not q exponent-register bits",29,2808940,14.39655172413793,835,195112,O(n^(5/2) log n),58,Theta(n^3 log n)
"each constant modular multiplier loops over n result bits, not q exponent-register bits",29,2812304,14.413793103448276,836,195112,O(n^(5/2) log n),58,Theta(n^3 log n)
"each constant modular multiplier loops over n result bits, not q exponent-register bits",29,2815668,14.431034482758621,837,195112,O(n^(5/2) log n),58,Theta(n^3 log n)
"each constant modular multiplier loops over n result bits, not q exponent-register bits",29,2819032,14.448275862068966,838,195112,O(n^(5/2) log n),58,Theta(n^3 log n)
"each constant modular multiplier loops over n result bits, not q exponent-register bits",29,2822396,14.46551724137931,839,195112,O(n^(5/2) log n),58,Theta(n^3 log n)
"each constant modular multiplier loops over n result bits, not q exponent-register bits",29,2825760,14.482758620689655,840,195112,O(n^(5/2) log n),58,Theta(n^3 log n)
"each constant modular multiplier loops over n result bits, not q exponent-register bits",29,2829124,14.5,841,195112,O(n^(5/2) log n),58,Theta(n^3 log n)
"each constant modular multiplier loops over n result bits, not q exponent-register bits",30,2879640,14.771929824561404,842,194940,O(n^(5/2) log n),57,Theta(n^3 log n)
"each constant modular multiplier loops over n result bits, not q exponent-register bits",30,2883060,14.789473684210526,843,194940,O(n^(5/2) log n),57,Theta(n^3 log n)
"each constant modular multiplier loops over n result bits, not q exponent-register bits",30,2886480,14.807017543859649,844,194940,O(n^(5/2) log n),57,Theta(n^3 log n)
"each constant modular multiplier loops over n result bits, not q exponent-register bits",30,2889900,14.824561403508772,845,194940,O(n^(5/2) log n),57,Theta(n^3 log n)
"each constant modular multiplier loops over n result bits, not q exponent-register bits",30,2893320,14.842105263157896,846,194940,O(n^(5/2) log n),57,Theta(n^3 log n)
"each constant modular multiplier loops over n result bits, not q exponent-register bits",30,2896740,14.859649122807017,847,194940,O(n^(5/2) log n),57,Theta(n^3 log n)
"each constant modular multiplier loops over n result bits, not q exponent-register bits",30,2900160,14.87719298245614,848,194940,O(n^(5/2) log n),57,Theta(n^3 log n)
"each constant modular multiplier loops over n result bits, not q exponent-register bits",30,2903580,14.894736842105264,849,194940,O(n^(5/2) log n),57,Theta(n^3 log n)
"each constant modular multiplier loops over n result bits, not q exponent-register bits",30,2907000,14.912280701754385,850,194940,O(n^(5/2) log n),57,Theta(n^3 log n)
"each constant modular multiplier loops over n result bits, not q exponent-register bits",30,2910420,14.929824561403509,851,194940,O(n^(5/2) log n),57,Theta(n^3 log n)
"each constant modular multiplier loops over n result bits, not q exponent-register bits",30,2913840,14.947368421052632,852,194940,O(n^(5/2) log n),57,Theta(n^3 log n)
"each constant modular multiplier loops over n result bits, not q exponent-register bits",30,2917260,14.964912280701755,853,194940,O(n^(5/2) log n),57,Theta(n^3 log n)
"each constant modular multiplier loops over n result bits, not q exponent-register bits",30,2920680,14.982456140350877,854,194940,O(n^(5/2) log n),57,Theta(n^3 log n)
"each constant modular multiplier loops over n result bits, not q exponent-register bits",30,2924100,15.0,855,194940,O(n^(5/2) log n),57,Theta(n^3 log n)
"each constant modular multiplier loops over n result bits, not q exponent-register bits",30,2978880,14.758620689655173,856,201840,O(n^(5/2) log n),58,Theta(n^3 log n)
"each constant modular multiplier loops over n result bits, not q exponent-register bits",30,2982360,14.775862068965518,857,201840,O(n^(5/2) log n),58,Theta(n^3 log n)
"each constant modular multiplier loops over n result bits, not q exponent-register bits",30,2985840,14.793103448275861,858,201840,O(n^(5/2) log n),58,Theta(n^3 log n)
"each constant modular multiplier loops over n result bits, not q exponent-register bits",30,2989320,14.810344827586206,859,201840,O(n^(5/2) log n),58,Theta(n^3 log n)
"each constant modular multiplier loops over n result bits, not q exponent-register bits",30,2992800,14.827586206896552,860,201840,O(n^(5/2) log n),58,Theta(n^3 log n)
"each constant modular multiplier loops over n result bits, not q exponent-register bits",30,2996280,14.844827586206897,861,201840,O(n^(5/2) log n),58,Theta(n^3 log n)
"each constant modular multiplier loops over n result bits, not q exponent-register bits",30,2999760,14.862068965517242,862,201840,O(n^(5/2) log n),58,Theta(n^3 log n)
"each constant modular multiplier loops over n result bits, not q exponent-register bits",30,3003240,14.879310344827585,863,201840,O(n^(5/2) log n),58,Theta(n^3 log n)
"each constant modular multiplier loops over n result bits, not q exponent-register bits",30,3006720,14.89655172413793,864,201840,O(n^(5/2) log n),58,Theta(n^3 log n)
"each constant modular multiplier loops over n result bits, not q exponent-register bits",30,3010200,14.913793103448276,865,201840,O(n^(5/2) log n),58,Theta(n^3 log n)
"each constant modular multiplier loops over n result bits, not q exponent-register bits",30,3013680,14.931034482758621,866,201840,O(n^(5/2) log n),58,Theta(n^3 log n)
"each constant modular multiplier loops over n result bits, not q exponent-register bits",30,3017160,14.948275862068966,867,201840,O(n^(5/2) log n),58,Theta(n^3 log n)
"each constant modular multiplier loops over n result bits, not q exponent-register bits",30,3020640,14.96551724137931,868,201840,O(n^(5/2) log n),58,Theta(n^3 log n)
"each constant modular multiplier loops over n result bits, not q exponent-register bits",30,3024120,14.982758620689655,869,201840,O(n^(5/2) log n),58,Theta(n^3 log n)
"each constant modular multiplier loops over n result bits, not q exponent-register bits",30,3027600,15.0,870,201840,O(n^(5/2) log n),58,Theta(n^3 log n)
"each constant modular multiplier loops over n result bits, not q exponent-register bits",30,3083340,14.76271186440678,871,208860,O(n^(5/2) log n),59,Theta(n^3 log n)
"each constant modular multiplier loops over n result bits, not q exponent-register bits",30,3086880,14.779661016949152,872,208860,O(n^(5/2) log n),59,Theta(n^3 log n)
"each constant modular multiplier loops over n result bits, not q exponent-register bits",30,3090420,14.796610169491526,873,208860,O(n^(5/2) log n),59,Theta(n^3 log n)
"each constant modular multiplier loops over n result bits, not q exponent-register bits",30,3093960,14.813559322033898,874,208860,O(n^(5/2) log n),59,Theta(n^3 log n)
"each constant modular multiplier loops over n result bits, not q exponent-register bits",30,3097500,14.830508474576272,875,208860,O(n^(5/2) log n),59,Theta(n^3 log n)
"each constant modular multiplier loops over n result bits, not q exponent-register bits",30,3101040,14.847457627118644,876,208860,O(n^(5/2) log n),59,Theta(n^3 log n)
"each constant modular multiplier loops over n result bits, not q exponent-register bits",30,3104580,14.864406779661017,877,208860,O(n^(5/2) log n),59,Theta(n^3 log n)
"each constant modular multiplier loops over n result bits, not q exponent-register bits",30,3108120,14.88135593220339,878,208860,O(n^(5/2) log n),59,Theta(n^3 log n)
"each constant modular multiplier loops over n result bits, not q exponent-register bits",30,3111660,14.898305084745763,879,208860,O(n^(5/2) log n),59,Theta(n^3 log n)
"each constant modular multiplier loops over n result bits, not q exponent-register bits",30,3115200,14.915254237288135,880,208860,O(n^(5/2) log n),59,Theta(n^3 log n)
"each constant modular multiplier loops over n result bits, not q exponent-register bits",30,3118740,14.932203389830509,881,208860,O(n^(5/2) log n),59,Theta(n^3 log n)
"each constant modular multiplier loops over n result bits, not q exponent-register bits",30,3122280,14.94915254237288,882,208860,O(n^(5/2) log n),59,Theta(n^3 log n)
"each constant modular multiplier loops over n result bits, not q exponent-register bits",30,3125820,14.966101694915254,883,208860,O(n^(5/2) log n),59,Theta(n^3 log n)
"each constant modular multiplier loops over n result bits, not q exponent-register bits",30,3129360,14.983050847457626,884,208860,O(n^(5/2) log n),59,Theta(n^3 log n)
"each constant modular multiplier loops over n result bits, not q exponent-register bits",30,3132900,15.0,885,208860,O(n^(5/2) log n),59,Theta(n^3 log n)
"each constant modular multiplier loops over n result bits, not q exponent-register bits",30,3189600,14.766666666666667,886,216000,O(n^(5/2) log n),60,Theta(n^3 log n)
"each constant modular multiplier loops over n result bits, not q exponent-register bits",30,3193200,14.783333333333333,887,216000,O(n^(5/2) log n),60,Theta(n^3 log n)
"each constant modular multiplier loops over n result bits, not q exponent-register bits",30,3196800,14.8,888,216000,O(n^(5/2) log n),60,Theta(n^3 log n)
"each constant modular multiplier loops over n result bits, not q exponent-register bits",30,3200400,14.816666666666666,889,216000,O(n^(5/2) log n),60,Theta(n^3 log n)
"each constant modular multiplier loops over n result bits, not q exponent-register bits",30,3204000,14.833333333333334,890,216000,O(n^(5/2) log n),60,Theta(n^3 log n)
"each constant modular multiplier loops over n result bits, not q exponent-register bits",30,3207600,14.85,891,216000,O(n^(5/2) log n),60,Theta(n^3 log n)
"each constant modular multiplier loops over n result bits, not q exponent-register bits",30,3211200,14.866666666666667,892,216000,O(n^(5/2) log n),60,Theta(n^3 log n)
"each constant modular multiplier loops over n result bits, not q exponent-register bits",30,3214800,14.883333333333333,893,216000,O(n^(5/2) log n),60,Theta(n^3 log n)
"each constant modular multiplier loops over n result bits, not q exponent-register bits",30,3218400,14.9,894,216000,O(n^(5/2) log n),60,Theta(n^3 log n)
"each constant modular multiplier loops over n result bits, not q exponent-register bits",30,3222000,14.916666666666666,895,216000,O(n^(5/2) log n),60,Theta(n^3 log n)
"each constant modular multiplier loops over n result bits, not q exponent-register bits",30,3225600,14.933333333333334,896,216000,O(n^(5/2) log n),60,Theta(n^3 log n)
"each constant modular multiplier loops over n result bits, not q exponent-register bits",30,3229200,14.95,897,216000,O(n^(5/2) log n),60,Theta(n^3 log n)
"each constant modular multiplier loops over n result bits, not q exponent-register bits",30,3232800,14.966666666666667,898,216000,O(n^(5/2) log n),60,Theta(n^3 log n)
"each constant modular multiplier loops over n result bits, not q exponent-register bits",30,3236400,14.983333333333333,899,216000,O(n^(5/2) log n),60,Theta(n^3 log n)
"each constant modular multiplier loops over n result bits, not q exponent-register bits",30,3240000,15.0,900,216000,O(n^(5/2) log n),60,Theta(n^3 log n)
"each constant modular multiplier loops over n result bits, not q exponent-register bits",31,3295858,15.271186440677965,901,215822,O(n^(5/2) log n),59,Theta(n^3 log n)
"each constant modular multiplier loops over n result bits, not q exponent-register bits",31,3299516,15.288135593220339,902,215822,O(n^(5/2) log n),59,Theta(n^3 log n)
"each constant modular multiplier loops over n result bits, not q exponent-register bits",31,3303174,15.305084745762711,903,215822,O(n^(5/2) log n),59,Theta(n^3 log n)
"each constant modular multiplier loops over n result bits, not q exponent-register bits",31,3306832,15.322033898305085,904,215822,O(n^(5/2) log n),59,Theta(n^3 log n)
"each constant modular multiplier loops over n result bits, not q exponent-register bits",31,3310490,15.338983050847459,905,215822,O(n^(5/2) log n),59,Theta(n^3 log n)
"each constant modular multiplier loops over n result bits, not q exponent-register bits",31,3314148,15.35593220338983,906,215822,O(n^(5/2) log n),59,Theta(n^3 log n)
"each constant modular multiplier loops over n result bits, not q exponent-register bits",31,3317806,15.372881355932204,907,215822,O(n^(5/2) log n),59,Theta(n^3 log n)
"each constant modular multiplier loops over n result bits, not q exponent-register bits",31,3321464,15.389830508474576,908,215822,O(n^(5/2) log n),59,Theta(n^3 log n)
"each constant modular multiplier loops over n result bits, not q exponent-register bits",31,3325122,15.40677966101695,909,215822,O(n^(5/2) log n),59,Theta(n^3 log n)
"each constant modular multiplier loops over n result bits, not q exponent-register bits",31,3328780,15.423728813559322,910,215822,O(n^(5/2) log n),59,Theta(n^3 log n)
"each constant modular multiplier loops over n result bits, not q exponent-register bits",31,3332438,15.440677966101696,911,215822,O(n^(5/2) log n),59,Theta(n^3 log n)
"each constant modular multiplier loops over n result bits, not q exponent-register bits",31,3336096,15.457627118644067,912,215822,O(n^(5/2) log n),59,Theta(n^3 log n)
"each constant modular multiplier loops over n result bits, not q exponent-register bits",31,3339754,15.474576271186441,913,215822,O(n^(5/2) log n),59,Theta(n^3 log n)
"each constant modular multiplier loops over n result bits, not q exponent-register bits",31,3343412,15.491525423728813,914,215822,O(n^(5/2) log n),59,Theta(n^3 log n)
"each constant modular multiplier loops over n result bits, not q exponent-register bits",31,3403800,15.25,915,223200,O(n^(5/2) log n),60,Theta(n^3 log n)
"each constant modular multiplier loops over n result bits, not q exponent-register bits",31,3407520,15.266666666666667,916,223200,O(n^(5/2) log n),60,Theta(n^3 log n)
"each constant modular multiplier loops over n result bits, not q exponent-register bits",31,3411240,15.283333333333333,917,223200,O(n^(5/2) log n),60,Theta(n^3 log n)
"each constant modular multiplier loops over n result bits, not q exponent-register bits",31,3414960,15.3,918,223200,O(n^(5/2) log n),60,Theta(n^3 log n)
"each constant modular multiplier loops over n result bits, not q exponent-register bits",31,3418680,15.316666666666666,919,223200,O(n^(5/2) log n),60,Theta(n^3 log n)
"each constant modular multiplier loops over n result bits, not q exponent-register bits",31,3422400,15.333333333333334,920,223200,O(n^(5/2) log n),60,Theta(n^3 log n)
"each constant modular multiplier loops over n result bits, not q exponent-register bits",31,3426120,15.35,921,223200,O(n^(5/2) log n),60,Theta(n^3 log n)
"each constant modular multiplier loops over n result bits, not q exponent-register bits",31,3429840,15.366666666666667,922,223200,O(n^(5/2) log n),60,Theta(n^3 log n)
"each constant modular multiplier loops over n result bits, not q exponent-register bits",31,3433560,15.383333333333333,923,223200,O(n^(5/2) log n),60,Theta(n^3 log n)
"each constant modular multiplier loops over n result bits, not q exponent-register bits",31,3437280,15.4,924,223200,O(n^(5/2) log n),60,Theta(n^3 log n)
"each constant modular multiplier loops over n result bits, not q exponent-register bits",31,3441000,15.416666666666666,925,223200,O(n^(5/2) log n),60,Theta(n^3 log n)
"each constant modular multiplier loops over n result bits, not q exponent-register bits",31,3444720,15.433333333333334,926,223200,O(n^(5/2) log n),60,Theta(n^3 log n)
"each constant modular multiplier loops over n result bits, not q exponent-register bits",31,3448440,15.45,927,223200,O(n^(5/2) log n),60,Theta(n^3 log n)
"each constant modular multiplier loops over n result bits, not q exponent-register bits",31,3452160,15.466666666666667,928,223200,O(n^(5/2) log n),60,Theta(n^3 log n)
"each constant modular multiplier loops over n result bits, not q exponent-register bits",31,3455880,15.483333333333333,929,223200,O(n^(5/2) log n),60,Theta(n^3 log n)
"each constant modular multiplier loops over n result bits, not q exponent-register bits",31,3459600,15.5,930,223200,O(n^(5/2) log n),60,Theta(n^3 log n)
"each constant modular multiplier loops over n result bits, not q exponent-register bits",31,3521042,15.262295081967213,931,230702,O(n^(5/2) log n),61,Theta(n^3 log n)
"each constant modular multiplier loops over n result bits, not q exponent-register bits",31,3524824,15.278688524590164,932,230702,O(n^(5/2) log n),61,Theta(n^3 log n)
"each constant modular multiplier loops over n result bits, not q exponent-register bits",31,3528606,15.295081967213115,933,230702,O(n^(5/2) log n),61,Theta(n^3 log n)
"each constant modular multiplier loops over n result bits, not q exponent-register bits",31,3532388,15.311475409836065,934,230702,O(n^(5/2) log n),61,Theta(n^3 log n)
"each constant modular multiplier loops over n result bits, not q exponent-register bits",31,3536170,15.327868852459016,935,230702,O(n^(5/2) log n),61,Theta(n^3 log n)
"each constant modular multiplier loops over n result bits, not q exponent-register bits",31,3539952,15.344262295081966,936,230702,O(n^(5/2) log n),61,Theta(n^3 log n)
"each constant modular multiplier loops over n result bits, not q exponent-register bits",31,3543734,15.360655737704919,937,230702,O(n^(5/2) log n),61,Theta(n^3 log n)
"each constant modular multiplier loops over n result bits, not q exponent-register bits",31,3547516,15.37704918032787,938,230702,O(n^(5/2) log n),61,Theta(n^3 log n)
"each constant modular multiplier loops over n result bits, not q exponent-register bits",31,3551298,15.39344262295082,939,230702,O(n^(5/2) log n),61,Theta(n^3 log n)
"each constant modular multiplier loops over n result bits, not q exponent-register bits",31,3555080,15.40983606557377,940,230702,O(n^(5/2) log n),61,Theta(n^3 log n)
"each constant modular multiplier loops over n result bits, not q exponent-register bits",31,3558862,15.426229508196721,941,230702,O(n^(5/2) log n),61,Theta(n^3 log n)
"each constant modular multiplier loops over n result bits, not q exponent-register bits",31,3562644,15.442622950819672,942,230702,O(n^(5/2) log n),61,Theta(n^3 log n)
"each constant modular multiplier loops over n result bits, not q exponent-register bits",31,3566426,15.459016393442623,943,230702,O(n^(5/2) log n),61,Theta(n^3 log n)
"each constant modular multiplier loops over n result bits, not q exponent-register bits",31,3570208,15.475409836065573,944,230702,O(n^(5/2) log n),61,Theta(n^3 log n)
"each constant modular multiplier loops over n result bits, not q exponent-register bits",31,3573990,15.491803278688524,945,230702,O(n^(5/2) log n),61,Theta(n^3 log n)
"each constant modular multiplier loops over n result bits, not q exponent-register bits",31,3636424,15.258064516129032,946,238328,O(n^(5/2) log n),62,Theta(n^3 log n)
"each constant modular multiplier loops over n result bits, not q exponent-register bits",31,3640268,15.274193548387096,947,238328,O(n^(5/2) log n),62,Theta(n^3 log n)
"each constant modular multiplier loops over n result bits, not q exponent-register bits",31,3644112,15.290322580645162,948,238328,O(n^(5/2) log n),62,Theta(n^3 log n)
"each constant modular multiplier loops over n result bits, not q exponent-register bits",31,3647956,15.306451612903226,949,238328,O(n^(5/2) log n),62,Theta(n^3 log n)
"each constant modular multiplier loops over n result bits, not q exponent-register bits",31,3651800,15.32258064516129,950,238328,O(n^(5/2) log n),62,Theta(n^3 log n)
"each constant modular multiplier loops over n result bits, not q exponent-register bits",31,3655644,15.338709677419354,951,238328,O(n^(5/2) log n),62,Theta(n^3 log n)
"each constant modular multiplier loops over n result bits, not q exponent-register bits",31,3659488,15.35483870967742,952,238328,O(n^(5/2) log n),62,Theta(n^3 log n)
"each constant modular multiplier loops over n result bits, not q exponent-register bits",31,3663332,15.370967741935484,953,238328,O(n^(5/2) log n),62,Theta(n^3 log n)
"each constant modular multiplier loops over n result bits, not q exponent-register bits",31,3667176,15.387096774193548,954,238328,O(n^(5/2) log n),62,Theta(n^3 log n)
"each constant modular multiplier loops over n result bits, not q exponent-register bits",31,3671020,15.403225806451612,955,238328,O(n^(5/2) log n),62,Theta(n^3 log n)
"each constant modular multiplier loops over n result bits, not q exponent-register bits",31,3674864,15.419354838709678,956,238328,O(n^(5/2) log n),62,Theta(n^3 log n)
"each constant modular multiplier loops over n result bits, not q exponent-register bits",31,3678708,15.435483870967742,957,238328,O(n^(5/2) log n),62,Theta(n^3 log n)
"each constant modular multiplier loops over n result bits, not q exponent-register bits",31,3682552,15.451612903225806,958,238328,O(n^(5/2) log n),62,Theta(n^3 log n)
"each constant modular multiplier loops over n result bits, not q exponent-register bits",31,3686396,15.46774193548387,959,238328,O(n^(5/2) log n),62,Theta(n^3 log n)
"each constant modular multiplier loops over n result bits, not q exponent-register bits",31,3690240,15.483870967741936,960,238328,O(n^(5/2) log n),62,Theta(n^3 log n)
"each constant modular multiplier loops over n result bits, not q exponent-register bits",31,3694084,15.5,961,238328,O(n^(5/2) log n),62,Theta(n^3 log n)
"each constant modular multiplier loops over n result bits, not q exponent-register bits",32,3755648,15.770491803278688,962,238144,O(n^(5/2) log n),61,Theta(n^3 log n)
"each constant modular multiplier loops over n result bits, not q exponent-register bits",32,3759552,15.78688524590164,963,238144,O(n^(5/2) log n),61,Theta(n^3 log n)
"each constant modular multiplier loops over n result bits, not q exponent-register bits",32,3763456,15.80327868852459,964,238144,O(n^(5/2) log n),61,Theta(n^3 log n)
"each constant modular multiplier loops over n result bits, not q exponent-register bits",32,3767360,15.819672131147541,965,238144,O(n^(5/2) log n),61,Theta(n^3 log n)
"each constant modular multiplier loops over n result bits, not q exponent-register bits",32,3771264,15.836065573770492,966,238144,O(n^(5/2) log n),61,Theta(n^3 log n)
"each constant modular multiplier loops over n result bits, not q exponent-register bits",32,3775168,15.852459016393443,967,238144,O(n^(5/2) log n),61,Theta(n^3 log n)
"each constant modular multiplier loops over n result bits, not q exponent-register bits",32,3779072,15.868852459016393,968,238144,O(n^(5/2) log n),61,Theta(n^3 log n)
"each constant modular multiplier loops over n result bits, not q exponent-register bits",32,3782976,15.885245901639344,969,238144,O(n^(5/2) log n),61,Theta(n^3 log n)
"each constant modular multiplier loops over n result bits, not q exponent-register bits",32,3786880,15.901639344262295,970,238144,O(n^(5/2) log n),61,Theta(n^3 log n)
"each constant modular multiplier loops over n result bits, not q exponent-register bits",32,3790784,15.918032786885245,971,238144,O(n^(5/2) log n),61,Theta(n^3 log n)
"each constant modular multiplier loops over n result bits, not q exponent-register bits",32,3794688,15.934426229508198,972,238144,O(n^(5/2) log n),61,Theta(n^3 log n)
"each constant modular multiplier loops over n result bits, not q exponent-register bits",32,3798592,15.950819672131148,973,238144,O(n^(5/2) log n),61,Theta(n^3 log n)
"each constant modular multiplier loops over n result bits, not q exponent-register bits",32,3802496,15.967213114754099,974,238144,O(n^(5/2) log n),61,Theta(n^3 log n)
"each constant modular multiplier loops over n result bits, not q exponent-register bits",32,3806400,15.98360655737705,975,238144,O(n^(5/2) log n),61,Theta(n^3 log n)
"each constant modular multiplier loops over n result bits, not q exponent-register bits",32,3810304,16.0,976,238144,O(n^(5/2) log n),61,Theta(n^3 log n)
"each constant modular multiplier loops over n result bits, not q exponent-register bits",32,3876736,15.758064516129032,977,246016,O(n^(5/2) log n),62,Theta(n^3 log n)
"each constant modular multiplier loops over n result bits, not q exponent-register bits",32,3880704,15.774193548387096,978,246016,O(n^(5/2) log n),62,Theta(n^3 log n)
"each constant modular multiplier loops over n result bits, not q exponent-register bits",32,3884672,15.790322580645162,979,246016,O(n^(5/2) log n),62,Theta(n^3 log n)
"each constant modular multiplier loops over n result bits, not q exponent-register bits",32,3888640,15.806451612903226,980,246016,O(n^(5/2) log n),62,Theta(n^3 log n)
"each constant modular multiplier loops over n result bits, not q exponent-register bits",32,3892608,15.82258064516129,981,246016,O(n^(5/2) log n),62,Theta(n^3 log n)
"each constant modular multiplier loops over n result bits, not q exponent-register bits",32,3896576,15.838709677419354,982,246016,O(n^(5/2) log n),62,Theta(n^3 log n)
"each constant modular multiplier loops over n result bits, not q exponent-register bits",32,3900544,15.85483870967742,983,246016,O(n^(5/2) log n),62,Theta(n^3 log n)
"each constant modular multiplier loops over n result bits, not q exponent-register bits",32,3904512,15.870967741935484,984,246016,O(n^(5/2) log n),62,Theta(n^3 log n)
"each constant modular multiplier loops over n result bits, not q exponent-register bits",32,3908480,15.887096774193548,985,246016,O(n^(5/2) log n),62,Theta(n^3 log n)
"each constant modular multiplier loops over n result bits, not q exponent-register bits",32,3912448,15.903225806451612,986,246016,O(n^(5/2) log n),62,Theta(n^3 log n)
"each constant modular multiplier loops over n result bits, not q exponent-register bits",32,3916416,15.919354838709678,987,246016,O(n^(5/2) log n),62,Theta(n^3 log n)
"each constant modular multiplier loops over n result bits, not q exponent-register bits",32,3920384,15.935483870967742,988,246016,O(n^(5/2) log n),62,Theta(n^3 log n)
"each constant modular multiplier loops over n result bits, not q exponent-register bits",32,3924352,15.951612903225806,989,246016,O(n^(5/2) log n),62,Theta(n^3 log n)
"each constant modular multiplier loops over n result bits, not q exponent-register bits",32,3928320,15.96774193548387,990,246016,O(n^(5/2) log n),62,Theta(n^3 log n)
"each constant modular multiplier loops over n result bits, not q exponent-register bits",32,3932288,15.983870967741936,991,246016,O(n^(5/2) log n),62,Theta(n^3 log n)
"each constant modular multiplier loops over n result bits, not q exponent-register bits",32,3936256,16.0,992,246016,O(n^(5/2) log n),62,Theta(n^3 log n)
"each constant modular multiplier loops over n result bits, not q exponent-register bits",32,4003776,15.761904761904763,993,254016,O(n^(5/2) log n),63,Theta(n^3 log n)
"each constant modular multiplier loops over n result bits, not q exponent-register bits",32,4007808,15.777777777777779,994,254016,O(n^(5/2) log n),63,Theta(n^3 log n)
"each constant modular multiplier loops over n result bits, not q exponent-register bits",32,4011840,15.793650793650794,995,254016,O(n^(5/2) log n),63,Theta(n^3 log n)
"each constant modular multiplier loops over n result bits, not q exponent-register bits",32,4015872,15.80952380952381,996,254016,O(n^(5/2) log n),63,Theta(n^3 log n)
"each constant modular multiplier loops over n result bits, not q exponent-register bits",32,4019904,15.825396825396826,997,254016,O(n^(5/2) log n),63,Theta(n^3 log n)
"each constant modular multiplier loops over n result bits, not q exponent-register bits",32,4023936,15.841269841269842,998,254016,O(n^(5/2) log n),63,Theta(n^3 log n)
"each constant modular multiplier loops over n result bits, not q exponent-register bits",32,4027968,15.857142857142858,999,254016,O(n^(5/2) log n),63,Theta(n^3 log n)
"each constant modular multiplier loops over n result bits, not q exponent-register bits",32,4032000,15.873015873015873,1000,254016,O(n^(5/2) log n),63,Theta(n^3 log n)
"each constant modular multiplier loops over n result bits, not q exponent-register bits",32,4036032,15.88888888888889,1001,254016,O(n^(5/2) log n),63,Theta(n^3 log n)
"each constant modular multiplier loops over n result bits, not q exponent-register bits",32,4040064,15.904761904761905,1002,254016,O(n^(5/2) log n),63,Theta(n^3 log n)
"each constant modular multiplier loops over n result bits, not q exponent-register bits",32,4044096,15.920634920634921,1003,254016,O(n^(5/2) log n),63,Theta(n^3 log n)
"each constant modular multiplier loops over n result bits, not q exponent-register bits",32,4048128,15.936507936507937,1004,254016,O(n^(5/2) log n),63,Theta(n^3 log n)
"each constant modular multiplier loops over n result bits, not q exponent-register bits",32,4052160,15.952380952380953,1005,254016,O(n^(5/2) log n),63,Theta(n^3 log n)
"each constant modular multiplier loops over n result bits, not q exponent-register bits",32,4056192,15.968253968253968,1006,254016,O(n^(5/2) log n),63,Theta(n^3 log n)
"each constant modular multiplier loops over n result bits, not q exponent-register bits",32,4060224,15.984126984126984,1007,254016,O(n^(5/2) log n),63,Theta(n^3 log n)
"each constant modular multiplier loops over n result bits, not q exponent-register bits",32,4064256,16.0,1008,254016,O(n^(5/2) log n),63,Theta(n^3 log n)
"each constant modular multiplier loops over n result bits, not q exponent-register bits",32,4132864,15.765625,1009,262144,O(n^(5/2) log n),64,Theta(n^3 log n)
"each constant modular multiplier loops over n result bits, not q exponent-register bits",32,4136960,15.78125,1010,262144,O(n^(5/2) log n),64,Theta(n^3 log n)
"each constant modular multiplier loops over n result bits, not q exponent-register bits",32,4141056,15.796875,1011,262144,O(n^(5/2) log n),64,Theta(n^3 log n)
"each constant modular multiplier loops over n result bits, not q exponent-register bits",32,4145152,15.8125,1012,262144,O(n^(5/2) log n),64,Theta(n^3 log n)
"each constant modular multiplier loops over n result bits, not q exponent-register bits",32,4149248,15.828125,1013,262144,O(n^(5/2) log n),64,Theta(n^3 log n)
"each constant modular multiplier loops over n result bits, not q exponent-register bits",32,4153344,15.84375,1014,262144,O(n^(5/2) log n),64,Theta(n^3 log n)
"each constant modular multiplier loops over n result bits, not q exponent-register bits",32,4157440,15.859375,1015,262144,O(n^(5/2) log n),64,Theta(n^3 log n)
"each constant modular multiplier loops over n result bits, not q exponent-register bits",32,4161536,15.875,1016,262144,O(n^(5/2) log n),64,Theta(n^3 log n)
"each constant modular multiplier loops over n result bits, not q exponent-register bits",32,4165632,15.890625,1017,262144,O(n^(5/2) log n),64,Theta(n^3 log n)
"each constant modular multiplier loops over n result bits, not q exponent-register bits",32,4169728,15.90625,1018,262144,O(n^(5/2) log n),64,Theta(n^3 log n)
"each constant modular multiplier loops over n result bits, not q exponent-register bits",32,4173824,15.921875,1019,262144,O(n^(5/2) log n),64,Theta(n^3 log n)
"each constant modular multiplier loops over n result bits, not q exponent-register bits",32,4177920,15.9375,1020,262144,O(n^(5/2) log n),64,Theta(n^3 log n)
"each constant modular multiplier loops over n result bits, not q exponent-register bits",32,4182016,15.953125,1021,262144,O(n^(5/2) log n),64,Theta(n^3 log n)
"each constant modular multiplier loops over n result bits, not q exponent-register bits",32,4186112,15.96875,1022,262144,O(n^(5/2) log n),64,Theta(n^3 log n)
"each constant modular multiplier loops over n result bits, not q exponent-register bits",32,4190208,15.984375,1023,262144,O(n^(5/2) log n),64,Theta(n^3 log n)
"each constant modular multiplier loops over n result bits, not q exponent-register bits",32,4194304,16.0,1024,262144,O(n^(5/2) log n),64,Theta(n^3 log n)
