bit_length,case_index,N,posthoc_p,posthoc_q,dimension,roots,bases,max_power,outcome,relation_count,factor_relation_count,l0_relation_count,all_witness_outcome,all_witness_relation_count,all_witness_factor_relation_count,all_witness_l0_relation_count,factor_missed_by_least_witness_policy,smallest_power,factor_pair,all_witness_factor_pair,posthoc_factor_match,no_wrap_certified,runtime_seconds,known_factors_used_by_scan,group_orders_used
12,0,2119,13,163,4,"[2, 3, 5, 7]","[4, 9, 25, 49]",64,classical_factor,2,1,1,classical_factor,2,1,1,False,15,"[13, 163]","[13, 163]",True,False,0.00010112498421221972,False,False
12,1,2171,13,167,4,"[2, 3, 5, 7]","[4, 9, 25, 49]",64,L0_only,1,0,1,L0_only,1,0,1,False,27,,,True,False,6.541699985973537e-05,False,False
12,2,2249,13,173,4,"[2, 3, 5, 7]","[4, 9, 25, 49]",64,classical_factor,2,2,0,classical_factor,2,2,0,False,33,"[13, 173]","[13, 173]",True,False,6.766599835827947e-05,False,False
12,3,2327,13,179,4,"[2, 3, 5, 7]","[4, 9, 25, 49]",64,no_relation,0,0,0,no_relation,0,0,0,False,,,,True,False,4.962499951943755e-05,False,False
12,4,2353,13,181,4,"[2, 3, 5, 7]","[4, 9, 25, 49]",64,no_relation,0,0,0,no_relation,0,0,0,False,,,,True,False,4.7667010221630335e-05,False,False
12,5,2483,13,191,4,"[2, 3, 5, 7]","[4, 9, 25, 49]",64,no_relation,0,0,0,no_relation,0,0,0,False,,,,True,False,4.704098682850599e-05,False,False
12,6,2509,13,193,4,"[2, 3, 5, 7]","[4, 9, 25, 49]",64,no_relation,0,0,0,no_relation,0,0,0,False,,,,True,False,4.4750020606443286e-05,False,False
12,7,2561,13,197,4,"[2, 3, 5, 7]","[4, 9, 25, 49]",64,no_relation,0,0,0,no_relation,0,0,0,False,,,,True,False,4.7457986511290073e-05,False,False
12,8,2587,13,199,4,"[2, 3, 5, 7]","[4, 9, 25, 49]",64,no_relation,0,0,0,no_relation,0,0,0,False,,,,True,False,4.675000673159957e-05,False,False
12,9,2743,13,211,4,"[2, 3, 5, 7]","[4, 9, 25, 49]",64,L0_only,1,0,1,L0_only,1,0,1,False,27,,,True,False,5.541602149605751e-05,False,False
12,10,2899,13,223,4,"[2, 3, 5, 7]","[4, 9, 25, 49]",64,L0_only,1,0,1,L0_only,1,0,1,False,59,,,True,False,5.4415984777733684e-05,False,False
12,11,2951,13,227,4,"[2, 3, 5, 7]","[4, 9, 25, 49]",64,classical_factor,2,1,1,classical_factor,2,1,1,False,41,"[13, 227]","[13, 227]",True,False,6.254101754166186e-05,False,False
12,12,2977,13,229,4,"[2, 3, 5, 7]","[4, 9, 25, 49]",64,no_relation,0,0,0,no_relation,0,0,0,False,,,,True,False,4.729101783595979e-05,False,False
12,13,3029,13,233,4,"[2, 3, 5, 7]","[4, 9, 25, 49]",64,no_relation,0,0,0,no_relation,0,0,0,False,,,,True,False,4.64579788967967e-05,False,False
12,14,3107,13,239,4,"[2, 3, 5, 7]","[4, 9, 25, 49]",64,no_relation,0,0,0,no_relation,0,0,0,False,,,,True,False,4.687500768341124e-05,False,False
12,15,3133,13,241,4,"[2, 3, 5, 7]","[4, 9, 25, 49]",64,L0_only,1,0,1,L0_only,1,0,1,False,62,,,True,False,5.3750001825392246e-05,False,False
12,16,3263,13,251,4,"[2, 3, 5, 7]","[4, 9, 25, 49]",64,classical_factor,1,1,0,classical_factor,1,1,0,False,33,"[13, 251]","[13, 251]",True,False,5.470900214277208e-05,False,False
12,17,3341,13,257,4,"[2, 3, 5, 7]","[4, 9, 25, 49]",64,no_relation,0,0,0,no_relation,0,0,0,False,,,,True,False,4.779102164320648e-05,False,False
12,18,3419,13,263,4,"[2, 3, 5, 7]","[4, 9, 25, 49]",64,no_relation,0,0,0,no_relation,0,0,0,False,,,,True,False,4.683298175223172e-05,False,False
12,19,3497,13,269,4,"[2, 3, 5, 7]","[4, 9, 25, 49]",64,no_relation,0,0,0,no_relation,0,0,0,False,,,,True,False,4.6959001338109374e-05,False,False
12,20,3523,13,271,4,"[2, 3, 5, 7]","[4, 9, 25, 49]",64,no_relation,0,0,0,no_relation,0,0,0,False,,,,True,False,4.6542001655325294e-05,False,False
12,21,3601,13,277,4,"[2, 3, 5, 7]","[4, 9, 25, 49]",64,no_relation,0,0,0,no_relation,0,0,0,False,,,,True,False,4.6083005145192146e-05,False,False
12,22,3653,13,281,4,"[2, 3, 5, 7]","[4, 9, 25, 49]",64,no_relation,0,0,0,no_relation,0,0,0,False,,,,True,False,4.5958004193380475e-05,False,False
12,23,3679,13,283,4,"[2, 3, 5, 7]","[4, 9, 25, 49]",64,no_relation,0,0,0,no_relation,0,0,0,False,,,,True,False,4.6958011807873845e-05,False,False
12,24,3809,13,293,4,"[2, 3, 5, 7]","[4, 9, 25, 49]",64,L0_only,1,0,1,L0_only,1,0,1,False,27,,,True,False,5.43750065844506e-05,False,False
12,25,3991,13,307,4,"[2, 3, 5, 7]","[4, 9, 25, 49]",64,no_relation,0,0,0,no_relation,0,0,0,False,,,,True,False,4.650000482797623e-05,False,False
12,26,4043,13,311,4,"[2, 3, 5, 7]","[4, 9, 25, 49]",64,no_relation,0,0,0,no_relation,0,0,0,False,,,,True,False,4.66250057797879e-05,False,False
12,27,4069,13,313,4,"[2, 3, 5, 7]","[4, 9, 25, 49]",64,no_relation,0,0,0,no_relation,0,0,0,False,,,,True,False,4.587500006891787e-05,False,False
12,28,2159,17,127,4,"[2, 3, 5, 7]","[4, 9, 25, 49]",64,L0_only,1,0,1,L0_only,1,0,1,False,15,,,True,False,5.370899452827871e-05,False,False
12,29,2227,17,131,4,"[2, 3, 5, 7]","[4, 9, 25, 49]",64,L0_only,1,0,1,L0_only,1,0,1,False,53,,,True,False,5.4791016736999154e-05,False,False
12,30,2329,17,137,4,"[2, 3, 5, 7]","[4, 9, 25, 49]",64,no_relation,0,0,0,no_relation,0,0,0,False,,,,True,False,4.737498238682747e-05,False,False
12,31,2363,17,139,4,"[2, 3, 5, 7]","[4, 9, 25, 49]",64,classical_factor,2,1,1,classical_factor,2,1,1,False,7,"[17, 139]","[17, 139]",True,False,6.120800389908254e-05,False,False
12,32,2533,17,149,4,"[2, 3, 5, 7]","[4, 9, 25, 49]",64,no_relation,0,0,0,no_relation,0,0,0,False,,,,True,False,4.804099444299936e-05,False,False
12,33,2567,17,151,4,"[2, 3, 5, 7]","[4, 9, 25, 49]",64,L0_only,1,0,1,L0_only,1,0,1,False,10,,,True,False,5.687499651685357e-05,False,False
12,34,2669,17,157,4,"[2, 3, 5, 7]","[4, 9, 25, 49]",64,no_relation,0,0,0,no_relation,0,0,0,False,,,,True,False,4.716601688414812e-05,False,False
12,35,2771,17,163,4,"[2, 3, 5, 7]","[4, 9, 25, 49]",64,classical_factor,2,1,1,classical_factor,2,1,1,False,10,"[17, 163]","[17, 163]",True,False,6.17500045336783e-05,False,False
12,36,2839,17,167,4,"[2, 3, 5, 7]","[4, 9, 25, 49]",64,classical_factor,1,1,0,classical_factor,1,1,0,False,43,"[17, 167]","[17, 167]",True,False,5.529201007448137e-05,False,False
12,37,2941,17,173,4,"[2, 3, 5, 7]","[4, 9, 25, 49]",64,classical_factor,1,1,0,classical_factor,1,1,0,False,3,"[17, 173]","[17, 173]",True,False,5.479200626723468e-05,False,False
12,38,3043,17,179,4,"[2, 3, 5, 7]","[4, 9, 25, 49]",64,no_relation,0,0,0,no_relation,0,0,0,False,,,,True,False,4.745801561512053e-05,False,False
12,39,3077,17,181,4,"[2, 3, 5, 7]","[4, 9, 25, 49]",64,no_relation,0,0,0,no_relation,0,0,0,False,,,,True,False,4.704098682850599e-05,False,False
12,40,3247,17,191,4,"[2, 3, 5, 7]","[4, 9, 25, 49]",64,no_relation,0,0,0,no_relation,0,0,0,False,,,,True,False,4.729200736619532e-05,False,False
12,41,3281,17,193,4,"[2, 3, 5, 7]","[4, 9, 25, 49]",64,no_relation,0,0,0,no_relation,0,0,0,False,,,,True,False,4.6250002924352884e-05,False,False
12,42,3349,17,197,4,"[2, 3, 5, 7]","[4, 9, 25, 49]",64,no_relation,0,0,0,no_relation,0,0,0,False,,,,True,False,4.674997762776911e-05,False,False
12,43,3383,17,199,4,"[2, 3, 5, 7]","[4, 9, 25, 49]",64,classical_factor,1,1,0,classical_factor,1,1,0,False,43,"[17, 199]","[17, 199]",True,False,5.400000372901559e-05,False,False
12,44,3587,17,211,4,"[2, 3, 5, 7]","[4, 9, 25, 49]",64,L0_only,2,0,2,L0_only,2,0,2,False,22,,,True,False,6.079100421629846e-05,False,False
12,45,3791,17,223,4,"[2, 3, 5, 7]","[4, 9, 25, 49]",64,classical_factor,1,1,0,classical_factor,1,1,0,False,5,"[17, 223]","[17, 223]",True,False,5.4333009757101536e-05,False,False
12,46,3859,17,227,4,"[2, 3, 5, 7]","[4, 9, 25, 49]",64,classical_factor,1,1,0,classical_factor,1,1,0,False,59,"[17, 227]","[17, 227]",True,False,5.387500277720392e-05,False,False
12,47,3893,17,229,4,"[2, 3, 5, 7]","[4, 9, 25, 49]",64,no_relation,0,0,0,no_relation,0,0,0,False,,,,True,False,4.68340003862977e-05,False,False
12,48,3961,17,233,4,"[2, 3, 5, 7]","[4, 9, 25, 49]",64,L0_only,1,0,1,L0_only,1,0,1,False,45,,,True,False,5.329199484549463e-05,False,False
12,49,4063,17,239,4,"[2, 3, 5, 7]","[4, 9, 25, 49]",64,L0_only,1,0,1,L0_only,1,0,1,False,62,,,True,False,5.412500468082726e-05,False,False
12,50,2071,19,109,4,"[2, 3, 5, 7]","[4, 9, 25, 49]",64,no_relation,0,0,0,no_relation,0,0,0,False,,,,True,False,4.6833010856062174e-05,False,False
12,51,2147,19,113,4,"[2, 3, 5, 7]","[4, 9, 25, 49]",64,classical_factor,1,1,0,classical_factor,1,1,0,False,24,"[19, 113]","[19, 113]",True,False,5.458301166072488e-05,False,False
12,52,2413,19,127,4,"[2, 3, 5, 7]","[4, 9, 25, 49]",64,no_relation,0,0,0,no_relation,0,0,0,False,,,,True,False,5.670898826792836e-05,False,False
12,53,2489,19,131,4,"[2, 3, 5, 7]","[4, 9, 25, 49]",64,no_relation,0,0,0,no_relation,0,0,0,False,,,,True,False,4.679101402871311e-05,False,False
12,54,2603,19,137,4,"[2, 3, 5, 7]","[4, 9, 25, 49]",64,L0_only,2,0,2,L0_only,2,0,2,False,6,,,True,False,5.941701238043606e-05,False,False
12,55,2641,19,139,4,"[2, 3, 5, 7]","[4, 9, 25, 49]",64,L0_only,1,0,1,L0_only,1,0,1,False,43,,,True,False,5.387500277720392e-05,False,False
12,56,2831,19,149,4,"[2, 3, 5, 7]","[4, 9, 25, 49]",64,classical_factor,1,1,0,classical_factor,1,1,0,False,13,"[19, 149]","[19, 149]",True,False,6.187500548548996e-05,False,False
12,57,2869,19,151,4,"[2, 3, 5, 7]","[4, 9, 25, 49]",64,no_relation,0,0,0,no_relation,0,0,0,False,,,,True,False,5.3499999921768904e-05,False,False
12,58,2983,19,157,4,"[2, 3, 5, 7]","[4, 9, 25, 49]",64,no_relation,0,0,0,no_relation,0,0,0,False,,,,True,False,4.604097921401262e-05,False,False
12,59,3097,19,163,4,"[2, 3, 5, 7]","[4, 9, 25, 49]",64,no_relation,0,0,0,no_relation,0,0,0,False,,,,True,False,4.6415982069447637e-05,False,False
12,60,3173,19,167,4,"[2, 3, 5, 7]","[4, 9, 25, 49]",64,classical_factor,1,1,0,classical_factor,1,1,0,False,40,"[19, 167]","[19, 167]",True,False,5.408300785347819e-05,False,False
12,61,3287,19,173,4,"[2, 3, 5, 7]","[4, 9, 25, 49]",64,no_relation,0,0,0,no_relation,0,0,0,False,,,,True,False,4.629199975170195e-05,False,False
12,62,3401,19,179,4,"[2, 3, 5, 7]","[4, 9, 25, 49]",64,no_relation,0,0,0,no_relation,0,0,0,False,,,,True,False,4.587500006891787e-05,False,False
12,63,3439,19,181,4,"[2, 3, 5, 7]","[4, 9, 25, 49]",64,classical_factor,1,1,0,classical_factor,1,1,0,False,15,"[19, 181]","[19, 181]",True,False,5.3292023949325085e-05,False,False
12,64,3629,19,191,4,"[2, 3, 5, 7]","[4, 9, 25, 49]",64,no_relation,0,0,0,no_relation,0,0,0,False,,,,True,False,5.58749889023602e-05,False,False
12,65,3667,19,193,4,"[2, 3, 5, 7]","[4, 9, 25, 49]",64,no_relation,0,0,0,no_relation,0,0,0,False,,,,True,False,4.6250002924352884e-05,False,False
12,66,3743,19,197,4,"[2, 3, 5, 7]","[4, 9, 25, 49]",64,classical_factor,1,1,0,classical_factor,1,1,0,False,60,"[19, 197]","[19, 197]",True,False,5.466700531542301e-05,False,False
12,67,3781,19,199,4,"[2, 3, 5, 7]","[4, 9, 25, 49]",64,classical_factor,1,1,0,classical_factor,1,1,0,False,7,"[19, 199]","[19, 199]",True,False,5.3957977797836065e-05,False,False
12,68,4009,19,211,4,"[2, 3, 5, 7]","[4, 9, 25, 49]",64,no_relation,0,0,0,no_relation,0,0,0,False,,,,True,False,4.6833010856062174e-05,False,False
12,69,2231,23,97,4,"[2, 3, 5, 7]","[4, 9, 25, 49]",64,L0_only,1,0,1,L0_only,1,0,1,False,19,,,True,False,5.483397399075329e-05,False,False
12,70,2323,23,101,4,"[2, 3, 5, 7]","[4, 9, 25, 49]",64,classical_factor,4,2,2,classical_factor,4,2,2,False,19,"[23, 101]","[23, 101]",True,False,7.845801883377135e-05,False,False
12,71,2369,23,103,4,"[2, 3, 5, 7]","[4, 9, 25, 49]",64,no_relation,0,0,0,no_relation,0,0,0,False,,,,True,False,4.741700831800699e-05,False,False
12,72,2461,23,107,4,"[2, 3, 5, 7]","[4, 9, 25, 49]",64,L0_only,2,0,2,L0_only,2,0,2,False,9,,,True,False,6.033299723640084e-05,False,False
12,73,2507,23,109,4,"[2, 3, 5, 7]","[4, 9, 25, 49]",64,classical_factor,3,2,1,classical_factor,3,2,1,False,19,"[23, 109]","[23, 109]",True,False,6.833299994468689e-05,False,False
12,74,2599,23,113,4,"[2, 3, 5, 7]","[4, 9, 25, 49]",64,classical_factor,1,1,0,classical_factor,1,1,0,False,27,"[23, 113]","[23, 113]",True,False,5.458301166072488e-05,False,False
12,75,2921,23,127,4,"[2, 3, 5, 7]","[4, 9, 25, 49]",64,L0_only,1,0,1,L0_only,1,0,1,False,24,,,True,False,5.9542013332247734e-05,False,False
12,76,3013,23,131,4,"[2, 3, 5, 7]","[4, 9, 25, 49]",64,classical_factor,2,2,0,classical_factor,2,2,0,False,27,"[23, 131]","[23, 131]",True,False,6.162500358186662e-05,False,False
12,77,3151,23,137,4,"[2, 3, 5, 7]","[4, 9, 25, 49]",64,no_relation,0,0,0,no_relation,0,0,0,False,,,,True,False,4.72499814350158e-05,False,False
12,78,3197,23,139,4,"[2, 3, 5, 7]","[4, 9, 25, 49]",64,L0_only,2,0,2,L0_only,2,0,2,False,17,,,True,False,5.9792015235871077e-05,False,False
12,79,3427,23,149,4,"[2, 3, 5, 7]","[4, 9, 25, 49]",64,L0_only,1,0,1,L0_only,1,0,1,False,28,,,True,False,5.354199674911797e-05,False,False
12,80,3473,23,151,4,"[2, 3, 5, 7]","[4, 9, 25, 49]",64,no_relation,0,0,0,no_relation,0,0,0,False,,,,True,False,4.7124980483204126e-05,False,False
12,81,3611,23,157,4,"[2, 3, 5, 7]","[4, 9, 25, 49]",64,L0_only,1,0,1,L0_only,1,0,1,False,37,,,True,False,5.32910053152591e-05,False,False
12,82,3749,23,163,4,"[2, 3, 5, 7]","[4, 9, 25, 49]",64,no_relation,0,0,0,no_relation,0,0,0,False,,,,True,False,4.679101402871311e-05,False,False
12,83,3841,23,167,4,"[2, 3, 5, 7]","[4, 9, 25, 49]",64,no_relation,0,0,0,no_relation,0,0,0,False,,,,True,False,4.687500768341124e-05,False,False
12,84,3979,23,173,4,"[2, 3, 5, 7]","[4, 9, 25, 49]",64,classical_factor,2,1,1,classical_factor,2,1,1,False,39,"[23, 173]","[23, 173]",True,False,6.333400961011648e-05,False,False
12,85,2059,29,71,4,"[2, 3, 5, 7]","[4, 9, 25, 49]",64,no_relation,0,0,0,no_relation,0,0,0,False,,,,True,False,4.649997572414577e-05,False,False
12,86,2117,29,73,4,"[2, 3, 5, 7]","[4, 9, 25, 49]",64,classical_factor,1,1,0,classical_factor,1,1,0,False,33,"[29, 73]","[29, 73]",True,False,5.412500468082726e-05,False,False
12,87,2291,29,79,4,"[2, 3, 5, 7]","[4, 9, 25, 49]",64,classical_factor,1,1,0,classical_factor,1,1,0,False,10,"[29, 79]","[29, 79]",True,False,5.345902172848582e-05,False,False
12,88,2407,29,83,4,"[2, 3, 5, 7]","[4, 9, 25, 49]",64,classical_factor,1,1,0,classical_factor,1,1,0,False,45,"[29, 83]","[29, 83]",True,False,5.4042000556364655e-05,False,False
12,89,2581,29,89,4,"[2, 3, 5, 7]","[4, 9, 25, 49]",64,no_relation,0,0,0,no_relation,0,0,0,False,,,,True,False,4.6792003558948636e-05,False,False
12,90,2813,29,97,4,"[2, 3, 5, 7]","[4, 9, 25, 49]",64,classical_factor,2,2,0,classical_factor,2,2,0,False,19,"[29, 97]","[29, 97]",True,False,6.145800580270588e-05,False,False
12,91,2929,29,101,4,"[2, 3, 5, 7]","[4, 9, 25, 49]",64,L0_only,1,0,1,L0_only,1,0,1,False,19,,,True,False,5.308300023898482e-05,False,False
12,92,2987,29,103,4,"[2, 3, 5, 7]","[4, 9, 25, 49]",64,no_relation,0,0,0,no_relation,0,0,0,False,,,,True,False,4.645899753086269e-05,False,False
12,93,3103,29,107,4,"[2, 3, 5, 7]","[4, 9, 25, 49]",64,no_relation,0,0,0,no_relation,0,0,0,False,,,,True,False,4.7124980483204126e-05,False,False
12,94,3161,29,109,4,"[2, 3, 5, 7]","[4, 9, 25, 49]",64,classical_factor,2,2,0,classical_factor,2,2,0,False,10,"[29, 109]","[29, 109]",True,False,6.008302443660796e-05,False,False
12,95,3277,29,113,4,"[2, 3, 5, 7]","[4, 9, 25, 49]",64,L0_only,1,0,1,classical_factor,2,1,1,True,8,,"[29, 113]",True,False,5.649999366141856e-05,False,False
12,96,3683,29,127,4,"[2, 3, 5, 7]","[4, 9, 25, 49]",64,L0_only,1,0,1,L0_only,1,0,1,False,24,,,True,False,5.316699389368296e-05,False,False
12,97,3799,29,131,4,"[2, 3, 5, 7]","[4, 9, 25, 49]",64,no_relation,0,0,0,no_relation,0,0,0,False,,,,True,False,4.729200736619532e-05,False,False
12,98,3973,29,137,4,"[2, 3, 5, 7]","[4, 9, 25, 49]",64,no_relation,0,0,0,no_relation,0,0,0,False,,,,True,False,4.629199975170195e-05,False,False
12,99,4031,29,139,4,"[2, 3, 5, 7]","[4, 9, 25, 49]",64,classical_factor,1,1,0,classical_factor,1,1,0,False,10,"[29, 139]","[29, 139]",True,False,5.3292023949325085e-05,False,False
16,0,32947,47,701,4,"[2, 3, 5, 7]","[4, 9, 25, 49]",64,no_relation,0,0,0,no_relation,0,0,0,False,,,,True,False,4.9583992222324014e-05,False,False
16,1,33323,47,709,4,"[2, 3, 5, 7]","[4, 9, 25, 49]",64,no_relation,0,0,0,no_relation,0,0,0,False,,,,True,False,4.675000673159957e-05,False,False
16,2,33793,47,719,4,"[2, 3, 5, 7]","[4, 9, 25, 49]",64,no_relation,0,0,0,no_relation,0,0,0,False,,,,True,False,4.645800800062716e-05,False,False
16,3,34169,47,727,4,"[2, 3, 5, 7]","[4, 9, 25, 49]",64,no_relation,0,0,0,no_relation,0,0,0,False,,,,True,False,5.2207993576303124e-05,False,False
16,4,34451,47,733,4,"[2, 3, 5, 7]","[4, 9, 25, 49]",64,no_relation,0,0,0,no_relation,0,0,0,False,,,,True,False,4.641700070351362e-05,False,False
16,5,34733,47,739,4,"[2, 3, 5, 7]","[4, 9, 25, 49]",64,no_relation,0,0,0,no_relation,0,0,0,False,,,,True,False,4.57499991171062e-05,False,False
16,6,34921,47,743,4,"[2, 3, 5, 7]","[4, 9, 25, 49]",64,no_relation,0,0,0,no_relation,0,0,0,False,,,,True,False,4.562499816529453e-05,False,False
16,7,35297,47,751,4,"[2, 3, 5, 7]","[4, 9, 25, 49]",64,no_relation,0,0,0,no_relation,0,0,0,False,,,,True,False,4.562499816529453e-05,False,False
16,8,35579,47,757,4,"[2, 3, 5, 7]","[4, 9, 25, 49]",64,no_relation,0,0,0,no_relation,0,0,0,False,,,,True,False,4.479201743379235e-05,False,False
16,9,35767,47,761,4,"[2, 3, 5, 7]","[4, 9, 25, 49]",64,no_relation,0,0,0,no_relation,0,0,0,False,,,,True,False,4.5666994992643595e-05,False,False
16,10,36143,47,769,4,"[2, 3, 5, 7]","[4, 9, 25, 49]",64,no_relation,0,0,0,no_relation,0,0,0,False,,,,True,False,4.629101022146642e-05,False,False
16,11,36331,47,773,4,"[2, 3, 5, 7]","[4, 9, 25, 49]",64,no_relation,0,0,0,no_relation,0,0,0,False,,,,True,False,4.5958993723616004e-05,False,False
16,12,36989,47,787,4,"[2, 3, 5, 7]","[4, 9, 25, 49]",64,no_relation,0,0,0,no_relation,0,0,0,False,,,,True,False,4.579100641421974e-05,False,False
16,13,37459,47,797,4,"[2, 3, 5, 7]","[4, 9, 25, 49]",64,no_relation,0,0,0,no_relation,0,0,0,False,,,,True,False,4.57499991171062e-05,False,False
16,14,38023,47,809,4,"[2, 3, 5, 7]","[4, 9, 25, 49]",64,no_relation,0,0,0,no_relation,0,0,0,False,,,,True,False,4.5666994992643595e-05,False,False
16,15,38117,47,811,4,"[2, 3, 5, 7]","[4, 9, 25, 49]",64,classical_factor,1,1,0,classical_factor,1,1,0,False,35,"[47, 811]","[47, 811]",True,False,5.537501419894397e-05,False,False
16,16,38587,47,821,4,"[2, 3, 5, 7]","[4, 9, 25, 49]",64,no_relation,0,0,0,no_relation,0,0,0,False,,,,True,False,4.675000673159957e-05,False,False
16,17,38681,47,823,4,"[2, 3, 5, 7]","[4, 9, 25, 49]",64,classical_factor,1,1,0,classical_factor,1,1,0,False,25,"[47, 823]","[47, 823]",True,False,5.416700150817633e-05,False,False
16,18,38869,47,827,4,"[2, 3, 5, 7]","[4, 9, 25, 49]",64,no_relation,0,0,0,no_relation,0,0,0,False,,,,True,False,4.579100641421974e-05,False,False
16,19,38963,47,829,4,"[2, 3, 5, 7]","[4, 9, 25, 49]",64,no_relation,0,0,0,no_relation,0,0,0,False,,,,True,False,4.520799848251045e-05,False,False
16,20,39433,47,839,4,"[2, 3, 5, 7]","[4, 9, 25, 49]",64,no_relation,0,0,0,no_relation,0,0,0,False,,,,True,False,4.641601117327809e-05,False,False
16,21,40091,47,853,4,"[2, 3, 5, 7]","[4, 9, 25, 49]",64,no_relation,0,0,0,no_relation,0,0,0,False,,,,True,False,4.5541994040831923e-05,False,False
16,22,40279,47,857,4,"[2, 3, 5, 7]","[4, 9, 25, 49]",64,no_relation,0,0,0,no_relation,0,0,0,False,,,,True,False,4.5833003241568804e-05,False,False
16,23,40373,47,859,4,"[2, 3, 5, 7]","[4, 9, 25, 49]",64,no_relation,0,0,0,no_relation,0,0,0,False,,,,True,False,4.562499816529453e-05,False,False
16,24,40561,47,863,4,"[2, 3, 5, 7]","[4, 9, 25, 49]",64,no_relation,0,0,0,no_relation,0,0,0,False,,,,True,False,4.5666005462408066e-05,False,False
16,25,41219,47,877,4,"[2, 3, 5, 7]","[4, 9, 25, 49]",64,no_relation,0,0,0,no_relation,0,0,0,False,,,,True,False,4.533299943432212e-05,False,False
16,26,41407,47,881,4,"[2, 3, 5, 7]","[4, 9, 25, 49]",64,no_relation,0,0,0,no_relation,0,0,0,False,,,,True,False,4.558300133794546e-05,False,False
16,27,41501,47,883,4,"[2, 3, 5, 7]","[4, 9, 25, 49]",64,no_relation,0,0,0,no_relation,0,0,0,False,,,,True,False,4.641700070351362e-05,False,False
16,28,41689,47,887,4,"[2, 3, 5, 7]","[4, 9, 25, 49]",64,no_relation,0,0,0,no_relation,0,0,0,False,,,,True,False,4.570800228975713e-05,False,False
16,29,42629,47,907,4,"[2, 3, 5, 7]","[4, 9, 25, 49]",64,no_relation,0,0,0,no_relation,0,0,0,False,,,,True,False,4.562499816529453e-05,False,False
16,30,42817,47,911,4,"[2, 3, 5, 7]","[4, 9, 25, 49]",64,no_relation,0,0,0,no_relation,0,0,0,False,,,,True,False,4.57499991171062e-05,False,False
16,31,43193,47,919,4,"[2, 3, 5, 7]","[4, 9, 25, 49]",64,no_relation,0,0,0,no_relation,0,0,0,False,,,,True,False,4.5374996261671185e-05,False,False
16,32,43663,47,929,4,"[2, 3, 5, 7]","[4, 9, 25, 49]",64,no_relation,0,0,0,no_relation,0,0,0,False,,,,True,False,4.591699689626694e-05,False,False
16,33,44039,47,937,4,"[2, 3, 5, 7]","[4, 9, 25, 49]",64,no_relation,0,0,0,no_relation,0,0,0,False,,,,True,False,4.500002251006663e-05,False,False
16,34,44227,47,941,4,"[2, 3, 5, 7]","[4, 9, 25, 49]",64,no_relation,0,0,0,no_relation,0,0,0,False,,,,True,False,4.6083005145192146e-05,False,False
16,35,44509,47,947,4,"[2, 3, 5, 7]","[4, 9, 25, 49]",64,no_relation,0,0,0,no_relation,0,0,0,False,,,,True,False,4.549999721348286e-05,False,False
16,36,44791,47,953,4,"[2, 3, 5, 7]","[4, 9, 25, 49]",64,no_relation,0,0,0,no_relation,0,0,0,False,,,,True,False,4.541699308902025e-05,False,False
16,37,45449,47,967,4,"[2, 3, 5, 7]","[4, 9, 25, 49]",64,no_relation,0,0,0,no_relation,0,0,0,False,,,,True,False,4.562499816529453e-05,False,False
16,38,45637,47,971,4,"[2, 3, 5, 7]","[4, 9, 25, 49]",64,no_relation,0,0,0,no_relation,0,0,0,False,,,,True,False,4.562499816529453e-05,False,False
16,39,45919,47,977,4,"[2, 3, 5, 7]","[4, 9, 25, 49]",64,no_relation,0,0,0,no_relation,0,0,0,False,,,,True,False,4.6250002924352884e-05,False,False
16,40,32807,53,619,4,"[2, 3, 5, 7]","[4, 9, 25, 49]",64,no_relation,0,0,0,no_relation,0,0,0,False,,,,True,False,4.5791995944455266e-05,False,False
16,41,33443,53,631,4,"[2, 3, 5, 7]","[4, 9, 25, 49]",64,no_relation,0,0,0,no_relation,0,0,0,False,,,,True,False,4.7999987145885825e-05,False,False
16,42,33973,53,641,4,"[2, 3, 5, 7]","[4, 9, 25, 49]",64,no_relation,0,0,0,no_relation,0,0,0,False,,,,True,False,4.541699308902025e-05,False,False
16,43,34079,53,643,4,"[2, 3, 5, 7]","[4, 9, 25, 49]",64,L0_only,1,0,1,L0_only,1,0,1,False,59,,,True,False,5.358300404623151e-05,False,False
16,44,34291,53,647,4,"[2, 3, 5, 7]","[4, 9, 25, 49]",64,no_relation,0,0,0,no_relation,0,0,0,False,,,,True,False,4.5042019337415695e-05,False,False
16,45,34609,53,653,4,"[2, 3, 5, 7]","[4, 9, 25, 49]",64,no_relation,0,0,0,no_relation,0,0,0,False,,,,True,False,4.541699308902025e-05,False,False
16,46,34927,53,659,4,"[2, 3, 5, 7]","[4, 9, 25, 49]",64,L0_only,1,0,1,L0_only,1,0,1,False,23,,,True,False,5.2749994210898876e-05,False,False
16,47,35033,53,661,4,"[2, 3, 5, 7]","[4, 9, 25, 49]",64,no_relation,0,0,0,no_relation,0,0,0,False,,,,True,False,4.600000102072954e-05,False,False
16,48,35669,53,673,4,"[2, 3, 5, 7]","[4, 9, 25, 49]",64,no_relation,0,0,0,no_relation,0,0,0,False,,,,True,False,4.5249995309859514e-05,False,False
16,49,35881,53,677,4,"[2, 3, 5, 7]","[4, 9, 25, 49]",64,no_relation,0,0,0,no_relation,0,0,0,False,,,,True,False,4.600000102072954e-05,False,False
16,50,36199,53,683,4,"[2, 3, 5, 7]","[4, 9, 25, 49]",64,no_relation,0,0,0,no_relation,0,0,0,False,,,,True,False,4.5374996261671185e-05,False,False
16,51,36623,53,691,4,"[2, 3, 5, 7]","[4, 9, 25, 49]",64,no_relation,0,0,0,no_relation,0,0,0,False,,,,True,False,4.549999721348286e-05,False,False
16,52,37153,53,701,4,"[2, 3, 5, 7]","[4, 9, 25, 49]",64,no_relation,0,0,0,no_relation,0,0,0,False,,,,True,False,4.529199213720858e-05,False,False
16,53,37577,53,709,4,"[2, 3, 5, 7]","[4, 9, 25, 49]",64,no_relation,0,0,0,no_relation,0,0,0,False,,,,True,False,4.5249995309859514e-05,False,False
16,54,38107,53,719,4,"[2, 3, 5, 7]","[4, 9, 25, 49]",64,no_relation,0,0,0,no_relation,0,0,0,False,,,,True,False,4.5666005462408066e-05,False,False
16,55,38531,53,727,4,"[2, 3, 5, 7]","[4, 9, 25, 49]",64,no_relation,0,0,0,no_relation,0,0,0,False,,,,True,False,4.566597635857761e-05,False,False
16,56,38849,53,733,4,"[2, 3, 5, 7]","[4, 9, 25, 49]",64,no_relation,0,0,0,no_relation,0,0,0,False,,,,True,False,4.5459019020199776e-05,False,False
16,57,39167,53,739,4,"[2, 3, 5, 7]","[4, 9, 25, 49]",64,no_relation,0,0,0,no_relation,0,0,0,False,,,,True,False,7.087498670443892e-05,False,False
16,58,39379,53,743,4,"[2, 3, 5, 7]","[4, 9, 25, 49]",64,no_relation,0,0,0,no_relation,0,0,0,False,,,,True,False,5.400000372901559e-05,False,False
16,59,39803,53,751,4,"[2, 3, 5, 7]","[4, 9, 25, 49]",64,no_relation,0,0,0,no_relation,0,0,0,False,,,,True,False,6.033299723640084e-05,False,False
16,60,40121,53,757,4,"[2, 3, 5, 7]","[4, 9, 25, 49]",64,no_relation,0,0,0,no_relation,0,0,0,False,,,,True,False,4.7250010538846254e-05,False,False
16,61,40333,53,761,4,"[2, 3, 5, 7]","[4, 9, 25, 49]",64,no_relation,0,0,0,no_relation,0,0,0,False,,,,True,False,4.6083994675427675e-05,False,False
16,62,40757,53,769,4,"[2, 3, 5, 7]","[4, 9, 25, 49]",64,no_relation,0,0,0,no_relation,0,0,0,False,,,,True,False,4.562499816529453e-05,False,False
16,63,40969,53,773,4,"[2, 3, 5, 7]","[4, 9, 25, 49]",64,no_relation,0,0,0,no_relation,0,0,0,False,,,,True,False,4.620800609700382e-05,False,False
16,64,41711,53,787,4,"[2, 3, 5, 7]","[4, 9, 25, 49]",64,no_relation,0,0,0,no_relation,0,0,0,False,,,,True,False,4.5666994992643595e-05,False,False
16,65,42241,53,797,4,"[2, 3, 5, 7]","[4, 9, 25, 49]",64,no_relation,0,0,0,no_relation,0,0,0,False,,,,True,False,4.5249995309859514e-05,False,False
16,66,42877,53,809,4,"[2, 3, 5, 7]","[4, 9, 25, 49]",64,no_relation,0,0,0,no_relation,0,0,0,False,,,,True,False,4.6083005145192146e-05,False,False
16,67,42983,53,811,4,"[2, 3, 5, 7]","[4, 9, 25, 49]",64,no_relation,0,0,0,no_relation,0,0,0,False,,,,True,False,4.641601117327809e-05,False,False
16,68,43513,53,821,4,"[2, 3, 5, 7]","[4, 9, 25, 49]",64,no_relation,0,0,0,no_relation,0,0,0,False,,,,True,False,4.658300895243883e-05,False,False
16,69,43619,53,823,4,"[2, 3, 5, 7]","[4, 9, 25, 49]",64,no_relation,0,0,0,no_relation,0,0,0,False,,,,True,False,4.5666994992643595e-05,False,False
16,70,43831,53,827,4,"[2, 3, 5, 7]","[4, 9, 25, 49]",64,no_relation,0,0,0,no_relation,0,0,0,False,,,,True,False,5.166701157577336e-05,False,False
16,71,43937,53,829,4,"[2, 3, 5, 7]","[4, 9, 25, 49]",64,no_relation,0,0,0,no_relation,0,0,0,False,,,,True,False,4.633297794498503e-05,False,False
16,72,44467,53,839,4,"[2, 3, 5, 7]","[4, 9, 25, 49]",64,no_relation,0,0,0,no_relation,0,0,0,False,,,,True,False,4.68340003862977e-05,False,False
16,73,45209,53,853,4,"[2, 3, 5, 7]","[4, 9, 25, 49]",64,no_relation,0,0,0,no_relation,0,0,0,False,,,,True,False,4.633300704881549e-05,False,False
16,74,45421,53,857,4,"[2, 3, 5, 7]","[4, 9, 25, 49]",64,no_relation,0,0,0,no_relation,0,0,0,False,,,,True,False,4.612500197254121e-05,False,False
16,75,45527,53,859,4,"[2, 3, 5, 7]","[4, 9, 25, 49]",64,no_relation,0,0,0,no_relation,0,0,0,False,,,,True,False,4.579100641421974e-05,False,False
16,76,45739,53,863,4,"[2, 3, 5, 7]","[4, 9, 25, 49]",64,no_relation,0,0,0,no_relation,0,0,0,False,,,,True,False,4.658300895243883e-05,False,False
16,77,46481,53,877,4,"[2, 3, 5, 7]","[4, 9, 25, 49]",64,no_relation,0,0,0,no_relation,0,0,0,False,,,,True,False,4.616600926965475e-05,False,False
16,78,46693,53,881,4,"[2, 3, 5, 7]","[4, 9, 25, 49]",64,no_relation,0,0,0,no_relation,0,0,0,False,,,,True,False,4.57499991171062e-05,False,False
16,79,46799,53,883,4,"[2, 3, 5, 7]","[4, 9, 25, 49]",64,no_relation,0,0,0,no_relation,0,0,0,False,,,,True,False,4.570800228975713e-05,False,False
16,80,32863,59,557,4,"[2, 3, 5, 7]","[4, 9, 25, 49]",64,no_relation,0,0,0,no_relation,0,0,0,False,,,,True,False,4.554097540676594e-05,False,False
16,81,33217,59,563,4,"[2, 3, 5, 7]","[4, 9, 25, 49]",64,no_relation,0,0,0,no_relation,0,0,0,False,,,,True,False,4.583399277180433e-05,False,False
16,82,33571,59,569,4,"[2, 3, 5, 7]","[4, 9, 25, 49]",64,no_relation,0,0,0,no_relation,0,0,0,False,,,,True,False,4.541600355878472e-05,False,False
16,83,33689,59,571,4,"[2, 3, 5, 7]","[4, 9, 25, 49]",64,no_relation,0,0,0,no_relation,0,0,0,False,,,,True,False,4.5958004193380475e-05,False,False
16,84,34043,59,577,4,"[2, 3, 5, 7]","[4, 9, 25, 49]",64,no_relation,0,0,0,no_relation,0,0,0,False,,,,True,False,4.591600736603141e-05,False,False
16,85,34633,59,587,4,"[2, 3, 5, 7]","[4, 9, 25, 49]",64,no_relation,0,0,0,no_relation,0,0,0,False,,,,True,False,4.6083994675427675e-05,False,False
16,86,34987,59,593,4,"[2, 3, 5, 7]","[4, 9, 25, 49]",64,no_relation,0,0,0,no_relation,0,0,0,False,,,,True,False,4.67080099042505e-05,False,False
16,87,35341,59,599,4,"[2, 3, 5, 7]","[4, 9, 25, 49]",64,no_relation,0,0,0,no_relation,0,0,0,False,,,,True,False,4.7084002289921045e-05,False,False
16,88,35459,59,601,4,"[2, 3, 5, 7]","[4, 9, 25, 49]",64,no_relation,0,0,0,no_relation,0,0,0,False,,,,True,False,4.520799848251045e-05,False,False
16,89,35813,59,607,4,"[2, 3, 5, 7]","[4, 9, 25, 49]",64,no_relation,0,0,0,no_relation,0,0,0,False,,,,True,False,4.6375003876164556e-05,False,False
16,90,36167,59,613,4,"[2, 3, 5, 7]","[4, 9, 25, 49]",64,no_relation,0,0,0,no_relation,0,0,0,False,,,,True,False,4.541699308902025e-05,False,False
16,91,36403,59,617,4,"[2, 3, 5, 7]","[4, 9, 25, 49]",64,no_relation,0,0,0,no_relation,0,0,0,False,,,,True,False,4.570800228975713e-05,False,False
16,92,36521,59,619,4,"[2, 3, 5, 7]","[4, 9, 25, 49]",64,no_relation,0,0,0,no_relation,0,0,0,False,,,,True,False,4.5374996261671185e-05,False,False
16,93,37229,59,631,4,"[2, 3, 5, 7]","[4, 9, 25, 49]",64,no_relation,0,0,0,no_relation,0,0,0,False,,,,True,False,4.545800038613379e-05,False,False
16,94,37819,59,641,4,"[2, 3, 5, 7]","[4, 9, 25, 49]",64,no_relation,0,0,0,no_relation,0,0,0,False,,,,True,False,4.600000102072954e-05,False,False
16,95,37937,59,643,4,"[2, 3, 5, 7]","[4, 9, 25, 49]",64,no_relation,0,0,0,no_relation,0,0,0,False,,,,True,False,4.5374996261671185e-05,False,False
16,96,38173,59,647,4,"[2, 3, 5, 7]","[4, 9, 25, 49]",64,no_relation,0,0,0,no_relation,0,0,0,False,,,,True,False,4.533299943432212e-05,False,False
16,97,38527,59,653,4,"[2, 3, 5, 7]","[4, 9, 25, 49]",64,no_relation,0,0,0,no_relation,0,0,0,False,,,,True,False,4.5791995944455266e-05,False,False
16,98,38881,59,659,4,"[2, 3, 5, 7]","[4, 9, 25, 49]",64,no_relation,0,0,0,no_relation,0,0,0,False,,,,True,False,4.499999340623617e-05,False,False
16,99,38999,59,661,4,"[2, 3, 5, 7]","[4, 9, 25, 49]",64,no_relation,0,0,0,no_relation,0,0,0,False,,,,True,False,4.587500006891787e-05,False,False
20,0,525059,191,2749,5,"[2, 3, 5, 7, 11]","[4, 9, 25, 49, 121]",64,no_relation,0,0,0,no_relation,0,0,0,False,,,,True,False,6.162500358186662e-05,False,False
20,1,525823,191,2753,5,"[2, 3, 5, 7, 11]","[4, 9, 25, 49, 121]",64,no_relation,0,0,0,no_relation,0,0,0,False,,,,True,False,5.8667006669566035e-05,False,False
20,2,528497,191,2767,5,"[2, 3, 5, 7, 11]","[4, 9, 25, 49, 121]",64,no_relation,0,0,0,no_relation,0,0,0,False,,,,True,False,5.76250022277236e-05,False,False
20,3,530407,191,2777,5,"[2, 3, 5, 7, 11]","[4, 9, 25, 49, 121]",64,no_relation,0,0,0,no_relation,0,0,0,False,,,,True,False,5.741699715144932e-05,False,False
20,4,532699,191,2789,5,"[2, 3, 5, 7, 11]","[4, 9, 25, 49, 121]",64,no_relation,0,0,0,no_relation,0,0,0,False,,,,True,False,5.67499955650419e-05,False,False
20,5,533081,191,2791,5,"[2, 3, 5, 7, 11]","[4, 9, 25, 49, 121]",64,no_relation,0,0,0,no_relation,0,0,0,False,,,,True,False,5.687499651685357e-05,False,False
20,6,534227,191,2797,5,"[2, 3, 5, 7, 11]","[4, 9, 25, 49, 121]",64,no_relation,0,0,0,no_relation,0,0,0,False,,,,True,False,5.7375000324100256e-05,False,False
20,7,534991,191,2801,5,"[2, 3, 5, 7, 11]","[4, 9, 25, 49, 121]",64,no_relation,0,0,0,no_relation,0,0,0,False,,,,True,False,5.7124998420476913e-05,False,False
20,8,535373,191,2803,5,"[2, 3, 5, 7, 11]","[4, 9, 25, 49, 121]",64,no_relation,0,0,0,no_relation,0,0,0,False,,,,True,False,5.8958015870302916e-05,False,False
20,9,538429,191,2819,5,"[2, 3, 5, 7, 11]","[4, 9, 25, 49, 121]",64,no_relation,0,0,0,no_relation,0,0,0,False,,,,True,False,5.699999746866524e-05,False,False
20,10,541103,191,2833,5,"[2, 3, 5, 7, 11]","[4, 9, 25, 49, 121]",64,no_relation,0,0,0,no_relation,0,0,0,False,,,,True,False,5.670898826792836e-05,False,False
20,11,541867,191,2837,5,"[2, 3, 5, 7, 11]","[4, 9, 25, 49, 121]",64,no_relation,0,0,0,no_relation,0,0,0,False,,,,True,False,5.704199429601431e-05,False,False
20,12,543013,191,2843,5,"[2, 3, 5, 7, 11]","[4, 9, 25, 49, 121]",64,no_relation,0,0,0,no_relation,0,0,0,False,,,,True,False,5.691699334420264e-05,False,False
20,13,544541,191,2851,5,"[2, 3, 5, 7, 11]","[4, 9, 25, 49, 121]",64,no_relation,0,0,0,no_relation,0,0,0,False,,,,True,False,5.7999975979328156e-05,False,False
20,14,545687,191,2857,5,"[2, 3, 5, 7, 11]","[4, 9, 25, 49, 121]",64,no_relation,0,0,0,no_relation,0,0,0,False,,,,True,False,5.6832999689504504e-05,False,False
20,15,546451,191,2861,5,"[2, 3, 5, 7, 11]","[4, 9, 25, 49, 121]",64,no_relation,0,0,0,no_relation,0,0,0,False,,,,True,False,5.691699334420264e-05,False,False
20,16,549889,191,2879,5,"[2, 3, 5, 7, 11]","[4, 9, 25, 49, 121]",64,no_relation,0,0,0,no_relation,0,0,0,False,,,,True,False,5.687499651685357e-05,False,False
20,17,551417,191,2887,5,"[2, 3, 5, 7, 11]","[4, 9, 25, 49, 121]",64,no_relation,0,0,0,no_relation,0,0,0,False,,,,True,False,5.7124998420476913e-05,False,False
20,18,553327,191,2897,5,"[2, 3, 5, 7, 11]","[4, 9, 25, 49, 121]",64,no_relation,0,0,0,no_relation,0,0,0,False,,,,True,False,5.583401070907712e-05,False,False
20,19,554473,191,2903,5,"[2, 3, 5, 7, 11]","[4, 9, 25, 49, 121]",64,no_relation,0,0,0,no_relation,0,0,0,False,,,,True,False,5.741699715144932e-05,False,False
20,20,555619,191,2909,5,"[2, 3, 5, 7, 11]","[4, 9, 25, 49, 121]",64,no_relation,0,0,0,no_relation,0,0,0,False,,,,True,False,5.670898826792836e-05,False,False
20,21,557147,191,2917,5,"[2, 3, 5, 7, 11]","[4, 9, 25, 49, 121]",64,no_relation,0,0,0,no_relation,0,0,0,False,,,,True,False,5.662499461323023e-05,False,False
20,22,559057,191,2927,5,"[2, 3, 5, 7, 11]","[4, 9, 25, 49, 121]",64,no_relation,0,0,0,no_relation,0,0,0,False,,,,True,False,5.6625023717060685e-05,False,False
20,23,561349,191,2939,5,"[2, 3, 5, 7, 11]","[4, 9, 25, 49, 121]",64,no_relation,0,0,0,no_relation,0,0,0,False,,,,True,False,5.670799873769283e-05,False,False
20,24,564023,191,2953,5,"[2, 3, 5, 7, 11]","[4, 9, 25, 49, 121]",64,no_relation,0,0,0,no_relation,0,0,0,False,,,,True,False,5.6958990171551704e-05,False,False
20,25,564787,191,2957,5,"[2, 3, 5, 7, 11]","[4, 9, 25, 49, 121]",64,no_relation,0,0,0,no_relation,0,0,0,False,,,,True,False,5.720899207517505e-05,False,False
20,26,565933,191,2963,5,"[2, 3, 5, 7, 11]","[4, 9, 25, 49, 121]",64,no_relation,0,0,0,no_relation,0,0,0,False,,,,True,False,5.649999366141856e-05,False,False
20,27,567079,191,2969,5,"[2, 3, 5, 7, 11]","[4, 9, 25, 49, 121]",64,no_relation,0,0,0,no_relation,0,0,0,False,,,,True,False,5.629201768897474e-05,False,False
20,28,567461,191,2971,5,"[2, 3, 5, 7, 11]","[4, 9, 25, 49, 121]",64,no_relation,0,0,0,no_relation,0,0,0,False,,,,True,False,6.037499406374991e-05,False,False
20,29,572809,191,2999,5,"[2, 3, 5, 7, 11]","[4, 9, 25, 49, 121]",64,no_relation,0,0,0,no_relation,0,0,0,False,,,,True,False,5.708300159312785e-05,False,False
20,30,573191,191,3001,5,"[2, 3, 5, 7, 11]","[4, 9, 25, 49, 121]",64,no_relation,0,0,0,no_relation,0,0,0,False,,,,True,False,5.662499461323023e-05,False,False
20,31,575101,191,3011,5,"[2, 3, 5, 7, 11]","[4, 9, 25, 49, 121]",64,no_relation,0,0,0,no_relation,0,0,0,False,,,,True,False,5.670799873769283e-05,False,False
20,32,576629,191,3019,5,"[2, 3, 5, 7, 11]","[4, 9, 25, 49, 121]",64,no_relation,0,0,0,no_relation,0,0,0,False,,,,True,False,5.658299778588116e-05,False,False
20,33,577393,191,3023,5,"[2, 3, 5, 7, 11]","[4, 9, 25, 49, 121]",64,no_relation,0,0,0,no_relation,0,0,0,False,,,,True,False,5.729199619963765e-05,False,False
20,34,580067,191,3037,5,"[2, 3, 5, 7, 11]","[4, 9, 25, 49, 121]",64,no_relation,0,0,0,no_relation,0,0,0,False,,,,True,False,5.67499955650419e-05,False,False
20,35,580831,191,3041,5,"[2, 3, 5, 7, 11]","[4, 9, 25, 49, 121]",64,no_relation,0,0,0,no_relation,0,0,0,False,,,,True,False,5.808298010379076e-05,False,False
20,36,582359,191,3049,5,"[2, 3, 5, 7, 11]","[4, 9, 25, 49, 121]",64,no_relation,0,0,0,no_relation,0,0,0,False,,,,True,False,5.641698953695595e-05,False,False
20,37,584651,191,3061,5,"[2, 3, 5, 7, 11]","[4, 9, 25, 49, 121]",64,no_relation,0,0,0,no_relation,0,0,0,False,,,,True,False,5.641698953695595e-05,False,False
20,38,585797,191,3067,5,"[2, 3, 5, 7, 11]","[4, 9, 25, 49, 121]",64,no_relation,0,0,0,no_relation,0,0,0,False,,,,True,False,5.683401832357049e-05,False,False
20,39,588089,191,3079,5,"[2, 3, 5, 7, 11]","[4, 9, 25, 49, 121]",64,no_relation,0,0,0,no_relation,0,0,0,False,,,,True,False,5.729202530346811e-05,False,False
20,40,524767,193,2719,5,"[2, 3, 5, 7, 11]","[4, 9, 25, 49, 121]",64,no_relation,0,0,0,no_relation,0,0,0,False,,,,True,False,5.741699715144932e-05,False,False
20,41,526697,193,2729,5,"[2, 3, 5, 7, 11]","[4, 9, 25, 49, 121]",64,no_relation,0,0,0,no_relation,0,0,0,False,,,,True,False,5.8250006986781955e-05,False,False
20,42,527083,193,2731,5,"[2, 3, 5, 7, 11]","[4, 9, 25, 49, 121]",64,L0_only,1,0,1,L0_only,1,0,1,False,44,,,True,False,6.799999391660094e-05,False,False
20,43,529013,193,2741,5,"[2, 3, 5, 7, 11]","[4, 9, 25, 49, 121]",64,no_relation,0,0,0,no_relation,0,0,0,False,,,,True,False,5.954198422841728e-05,False,False
20,44,530557,193,2749,5,"[2, 3, 5, 7, 11]","[4, 9, 25, 49, 121]",64,no_relation,0,0,0,no_relation,0,0,0,False,,,,True,False,5.808300920762122e-05,False,False
20,45,531329,193,2753,5,"[2, 3, 5, 7, 11]","[4, 9, 25, 49, 121]",64,no_relation,0,0,0,no_relation,0,0,0,False,,,,True,False,5.775000317953527e-05,False,False
20,46,534031,193,2767,5,"[2, 3, 5, 7, 11]","[4, 9, 25, 49, 121]",64,no_relation,0,0,0,no_relation,0,0,0,False,,,,True,False,5.67499955650419e-05,False,False
20,47,535961,193,2777,5,"[2, 3, 5, 7, 11]","[4, 9, 25, 49, 121]",64,no_relation,0,0,0,no_relation,0,0,0,False,,,,True,False,5.6541990488767624e-05,False,False
20,48,538277,193,2789,5,"[2, 3, 5, 7, 11]","[4, 9, 25, 49, 121]",64,no_relation,0,0,0,no_relation,0,0,0,False,,,,True,False,5.679202149622142e-05,False,False
20,49,538663,193,2791,5,"[2, 3, 5, 7, 11]","[4, 9, 25, 49, 121]",64,no_relation,0,0,0,no_relation,0,0,0,False,,,,True,False,5.7249999372288585e-05,False,False
20,50,539821,193,2797,5,"[2, 3, 5, 7, 11]","[4, 9, 25, 49, 121]",64,no_relation,0,0,0,no_relation,0,0,0,False,,,,True,False,5.758300540037453e-05,False,False
20,51,540593,193,2801,5,"[2, 3, 5, 7, 11]","[4, 9, 25, 49, 121]",64,no_relation,0,0,0,no_relation,0,0,0,False,,,,True,False,5.7042023399844766e-05,False,False
20,52,540979,193,2803,5,"[2, 3, 5, 7, 11]","[4, 9, 25, 49, 121]",64,no_relation,0,0,0,no_relation,0,0,0,False,,,,True,False,5.7124998420476913e-05,False,False
20,53,544067,193,2819,5,"[2, 3, 5, 7, 11]","[4, 9, 25, 49, 121]",64,no_relation,0,0,0,no_relation,0,0,0,False,,,,True,False,5.7249999372288585e-05,False,False
20,54,546769,193,2833,5,"[2, 3, 5, 7, 11]","[4, 9, 25, 49, 121]",64,no_relation,0,0,0,no_relation,0,0,0,False,,,,True,False,5.6958000641316175e-05,False,False
20,55,547541,193,2837,5,"[2, 3, 5, 7, 11]","[4, 9, 25, 49, 121]",64,no_relation,0,0,0,no_relation,0,0,0,False,,,,True,False,5.6666001910343766e-05,False,False
20,56,548699,193,2843,5,"[2, 3, 5, 7, 11]","[4, 9, 25, 49, 121]",64,no_relation,0,0,0,no_relation,0,0,0,False,,,,True,False,5.741699715144932e-05,False,False
20,57,550243,193,2851,5,"[2, 3, 5, 7, 11]","[4, 9, 25, 49, 121]",64,no_relation,0,0,0,no_relation,0,0,0,False,,,,True,False,5.712502752430737e-05,False,False
20,58,551401,193,2857,5,"[2, 3, 5, 7, 11]","[4, 9, 25, 49, 121]",64,no_relation,0,0,0,no_relation,0,0,0,False,,,,True,False,5.67499955650419e-05,False,False
20,59,552173,193,2861,5,"[2, 3, 5, 7, 11]","[4, 9, 25, 49, 121]",64,no_relation,0,0,0,no_relation,0,0,0,False,,,,True,False,5.649999366141856e-05,False,False
20,60,555647,193,2879,5,"[2, 3, 5, 7, 11]","[4, 9, 25, 49, 121]",64,no_relation,0,0,0,no_relation,0,0,0,False,,,,True,False,5.704199429601431e-05,False,False
20,61,557191,193,2887,5,"[2, 3, 5, 7, 11]","[4, 9, 25, 49, 121]",64,no_relation,0,0,0,no_relation,0,0,0,False,,,,True,False,6.133300485089421e-05,False,False
20,62,559121,193,2897,5,"[2, 3, 5, 7, 11]","[4, 9, 25, 49, 121]",64,no_relation,0,0,0,no_relation,0,0,0,False,,,,True,False,5.641698953695595e-05,False,False
20,63,560279,193,2903,5,"[2, 3, 5, 7, 11]","[4, 9, 25, 49, 121]",64,no_relation,0,0,0,no_relation,0,0,0,False,,,,True,False,5.679202149622142e-05,False,False
20,64,561437,193,2909,5,"[2, 3, 5, 7, 11]","[4, 9, 25, 49, 121]",64,no_relation,0,0,0,no_relation,0,0,0,False,,,,True,False,5.687499651685357e-05,False,False
20,65,562981,193,2917,5,"[2, 3, 5, 7, 11]","[4, 9, 25, 49, 121]",64,no_relation,0,0,0,no_relation,0,0,0,False,,,,True,False,5.6958990171551704e-05,False,False
20,66,564911,193,2927,5,"[2, 3, 5, 7, 11]","[4, 9, 25, 49, 121]",64,no_relation,0,0,0,no_relation,0,0,0,False,,,,True,False,5.6666991440579295e-05,False,False
20,67,567227,193,2939,5,"[2, 3, 5, 7, 11]","[4, 9, 25, 49, 121]",64,no_relation,0,0,0,no_relation,0,0,0,False,,,,True,False,5.67499955650419e-05,False,False
20,68,569929,193,2953,5,"[2, 3, 5, 7, 11]","[4, 9, 25, 49, 121]",64,no_relation,0,0,0,no_relation,0,0,0,False,,,,True,False,5.699999746866524e-05,False,False
20,69,570701,193,2957,5,"[2, 3, 5, 7, 11]","[4, 9, 25, 49, 121]",64,no_relation,0,0,0,no_relation,0,0,0,False,,,,True,False,5.699999746866524e-05,False,False
20,70,571859,193,2963,5,"[2, 3, 5, 7, 11]","[4, 9, 25, 49, 121]",64,no_relation,0,0,0,no_relation,0,0,0,False,,,,True,False,5.67499955650419e-05,False,False
20,71,573017,193,2969,5,"[2, 3, 5, 7, 11]","[4, 9, 25, 49, 121]",64,no_relation,0,0,0,no_relation,0,0,0,False,,,,True,False,5.691699334420264e-05,False,False
20,72,573403,193,2971,5,"[2, 3, 5, 7, 11]","[4, 9, 25, 49, 121]",64,no_relation,0,0,0,no_relation,0,0,0,False,,,,True,False,5.7541998103260994e-05,False,False
20,73,578807,193,2999,5,"[2, 3, 5, 7, 11]","[4, 9, 25, 49, 121]",64,no_relation,0,0,0,no_relation,0,0,0,False,,,,True,False,5.658302688971162e-05,False,False
20,74,579193,193,3001,5,"[2, 3, 5, 7, 11]","[4, 9, 25, 49, 121]",64,no_relation,0,0,0,no_relation,0,0,0,False,,,,True,False,5.7249999372288585e-05,False,False
20,75,581123,193,3011,5,"[2, 3, 5, 7, 11]","[4, 9, 25, 49, 121]",64,no_relation,0,0,0,no_relation,0,0,0,False,,,,True,False,5.6791992392390966e-05,False,False
20,76,582667,193,3019,5,"[2, 3, 5, 7, 11]","[4, 9, 25, 49, 121]",64,no_relation,0,0,0,no_relation,0,0,0,False,,,,True,False,5.7249999372288585e-05,False,False
20,77,583439,193,3023,5,"[2, 3, 5, 7, 11]","[4, 9, 25, 49, 121]",64,no_relation,0,0,0,no_relation,0,0,0,False,,,,True,False,5.729199619963765e-05,False,False
20,78,586141,193,3037,5,"[2, 3, 5, 7, 11]","[4, 9, 25, 49, 121]",64,no_relation,0,0,0,no_relation,0,0,0,False,,,,True,False,5.699999746866524e-05,False,False
20,79,586913,193,3041,5,"[2, 3, 5, 7, 11]","[4, 9, 25, 49, 121]",64,no_relation,0,0,0,no_relation,0,0,0,False,,,,True,False,5.6750024668872356e-05,False,False
20,80,524611,197,2663,5,"[2, 3, 5, 7, 11]","[4, 9, 25, 49, 121]",64,no_relation,0,0,0,no_relation,0,0,0,False,,,,True,False,5.670799873769283e-05,False,False
20,81,526187,197,2671,5,"[2, 3, 5, 7, 11]","[4, 9, 25, 49, 121]",64,no_relation,0,0,0,no_relation,0,0,0,False,,,,True,False,5.662499461323023e-05,False,False
20,82,527369,197,2677,5,"[2, 3, 5, 7, 11]","[4, 9, 25, 49, 121]",64,no_relation,0,0,0,no_relation,0,0,0,False,,,,True,False,5.76250022277236e-05,False,False
20,83,528551,197,2683,5,"[2, 3, 5, 7, 11]","[4, 9, 25, 49, 121]",64,no_relation,0,0,0,no_relation,0,0,0,False,,,,True,False,5.691600381396711e-05,False,False
20,84,529339,197,2687,5,"[2, 3, 5, 7, 11]","[4, 9, 25, 49, 121]",64,no_relation,0,0,0,no_relation,0,0,0,False,,,,True,False,5.666702054440975e-05,False,False
20,85,529733,197,2689,5,"[2, 3, 5, 7, 11]","[4, 9, 25, 49, 121]",64,no_relation,0,0,0,no_relation,0,0,0,False,,,,True,False,5.7375000324100256e-05,False,False
20,86,530521,197,2693,5,"[2, 3, 5, 7, 11]","[4, 9, 25, 49, 121]",64,no_relation,0,0,0,no_relation,0,0,0,False,,,,True,False,5.7541008573025465e-05,False,False
20,87,531703,197,2699,5,"[2, 3, 5, 7, 11]","[4, 9, 25, 49, 121]",64,no_relation,0,0,0,no_relation,0,0,0,False,,,,True,False,5.720899207517505e-05,False,False
20,88,533279,197,2707,5,"[2, 3, 5, 7, 11]","[4, 9, 25, 49, 121]",64,no_relation,0,0,0,no_relation,0,0,0,False,,,,True,False,5.67499955650419e-05,False,False
20,89,534067,197,2711,5,"[2, 3, 5, 7, 11]","[4, 9, 25, 49, 121]",64,no_relation,0,0,0,no_relation,0,0,0,False,,,,True,False,5.683398921974003e-05,False,False
20,90,534461,197,2713,5,"[2, 3, 5, 7, 11]","[4, 9, 25, 49, 121]",64,no_relation,0,0,0,no_relation,0,0,0,False,,,,True,False,5.6791992392390966e-05,False,False
20,91,535643,197,2719,5,"[2, 3, 5, 7, 11]","[4, 9, 25, 49, 121]",64,no_relation,0,0,0,no_relation,0,0,0,False,,,,True,False,5.7124998420476913e-05,False,False
20,92,537613,197,2729,5,"[2, 3, 5, 7, 11]","[4, 9, 25, 49, 121]",64,no_relation,0,0,0,no_relation,0,0,0,False,,,,True,False,5.750000127591193e-05,False,False
20,93,538007,197,2731,5,"[2, 3, 5, 7, 11]","[4, 9, 25, 49, 121]",64,no_relation,0,0,0,no_relation,0,0,0,False,,,,True,False,5.7541998103260994e-05,False,False
20,94,539977,197,2741,5,"[2, 3, 5, 7, 11]","[4, 9, 25, 49, 121]",64,no_relation,0,0,0,no_relation,0,0,0,False,,,,True,False,5.704199429601431e-05,False,False
20,95,541553,197,2749,5,"[2, 3, 5, 7, 11]","[4, 9, 25, 49, 121]",64,no_relation,0,0,0,no_relation,0,0,0,False,,,,True,False,5.699999746866524e-05,False,False
20,96,542341,197,2753,5,"[2, 3, 5, 7, 11]","[4, 9, 25, 49, 121]",64,no_relation,0,0,0,no_relation,0,0,0,False,,,,True,False,5.704199429601431e-05,False,False
20,97,545099,197,2767,5,"[2, 3, 5, 7, 11]","[4, 9, 25, 49, 121]",64,no_relation,0,0,0,no_relation,0,0,0,False,,,,True,False,5.658398731611669e-05,False,False
20,98,547069,197,2777,5,"[2, 3, 5, 7, 11]","[4, 9, 25, 49, 121]",64,no_relation,0,0,0,no_relation,0,0,0,False,,,,True,False,5.616698763333261e-05,False,False
20,99,549433,197,2789,5,"[2, 3, 5, 7, 11]","[4, 9, 25, 49, 121]",64,no_relation,0,0,0,no_relation,0,0,0,False,,,,True,False,5.704199429601431e-05,False,False
24,0,8396123,727,11549,5,"[2, 3, 5, 7, 11]","[4, 9, 25, 49, 121]",64,no_relation,0,0,0,no_relation,0,0,0,False,,,,True,False,5.95840101595968e-05,False,False
24,1,8397577,727,11551,5,"[2, 3, 5, 7, 11]","[4, 9, 25, 49, 121]",64,no_relation,0,0,0,no_relation,0,0,0,False,,,,True,False,5.8250006986781955e-05,False,False
24,2,8417933,727,11579,5,"[2, 3, 5, 7, 11]","[4, 9, 25, 49, 121]",64,no_relation,0,0,0,no_relation,0,0,0,False,,,,True,False,5.6666991440579295e-05,False,False
24,3,8423749,727,11587,5,"[2, 3, 5, 7, 11]","[4, 9, 25, 49, 121]",64,no_relation,0,0,0,no_relation,0,0,0,False,,,,True,False,5.670799873769283e-05,False,False
24,4,8428111,727,11593,5,"[2, 3, 5, 7, 11]","[4, 9, 25, 49, 121]",64,no_relation,0,0,0,no_relation,0,0,0,False,,,,True,False,5.7541998103260994e-05,False,False
24,5,8431019,727,11597,5,"[2, 3, 5, 7, 11]","[4, 9, 25, 49, 121]",64,no_relation,0,0,0,no_relation,0,0,0,False,,,,True,False,5.7249999372288585e-05,False,False
24,6,8445559,727,11617,5,"[2, 3, 5, 7, 11]","[4, 9, 25, 49, 121]",64,no_relation,0,0,0,no_relation,0,0,0,False,,,,True,False,5.670799873769283e-05,False,False
24,7,8448467,727,11621,5,"[2, 3, 5, 7, 11]","[4, 9, 25, 49, 121]",64,no_relation,0,0,0,no_relation,0,0,0,False,,,,True,False,5.687499651685357e-05,False,False
24,8,8457191,727,11633,5,"[2, 3, 5, 7, 11]","[4, 9, 25, 49, 121]",64,no_relation,0,0,0,no_relation,0,0,0,False,,,,True,False,5.6666991440579295e-05,False,False
24,9,8474639,727,11657,5,"[2, 3, 5, 7, 11]","[4, 9, 25, 49, 121]",64,no_relation,0,0,0,no_relation,0,0,0,False,,,,True,False,5.7165976613759995e-05,False,False
24,10,8489179,727,11677,5,"[2, 3, 5, 7, 11]","[4, 9, 25, 49, 121]",64,no_relation,0,0,0,no_relation,0,0,0,False,,,,True,False,5.783297820016742e-05,False,False
24,11,8492087,727,11681,5,"[2, 3, 5, 7, 11]","[4, 9, 25, 49, 121]",64,no_relation,0,0,0,no_relation,0,0,0,False,,,,True,False,5.7541998103260994e-05,False,False
24,12,8497903,727,11689,5,"[2, 3, 5, 7, 11]","[4, 9, 25, 49, 121]",64,no_relation,0,0,0,no_relation,0,0,0,False,,,,True,False,5.67499955650419e-05,False,False
24,13,8505173,727,11699,5,"[2, 3, 5, 7, 11]","[4, 9, 25, 49, 121]",64,no_relation,0,0,0,no_relation,0,0,0,False,,,,True,False,5.741702625527978e-05,False,False
24,14,8506627,727,11701,5,"[2, 3, 5, 7, 11]","[4, 9, 25, 49, 121]",64,no_relation,0,0,0,no_relation,0,0,0,False,,,,True,False,5.708300159312785e-05,False,False
24,15,8518259,727,11717,5,"[2, 3, 5, 7, 11]","[4, 9, 25, 49, 121]",64,no_relation,0,0,0,no_relation,0,0,0,False,,,,True,False,5.733399302698672e-05,False,False
24,16,8519713,727,11719,5,"[2, 3, 5, 7, 11]","[4, 9, 25, 49, 121]",64,no_relation,0,0,0,no_relation,0,0,0,False,,,,True,False,5.733300349675119e-05,False,False
24,17,8528437,727,11731,5,"[2, 3, 5, 7, 11]","[4, 9, 25, 49, 121]",64,no_relation,0,0,0,no_relation,0,0,0,False,,,,True,False,5.699999746866524e-05,False,False
24,18,8537161,727,11743,5,"[2, 3, 5, 7, 11]","[4, 9, 25, 49, 121]",64,no_relation,0,0,0,no_relation,0,0,0,False,,,,True,False,5.708300159312785e-05,False,False
24,19,8561879,727,11777,5,"[2, 3, 5, 7, 11]","[4, 9, 25, 49, 121]",64,no_relation,0,0,0,no_relation,0,0,0,False,,,,True,False,5.7083991123363376e-05,False,False
24,20,8563333,727,11779,5,"[2, 3, 5, 7, 11]","[4, 9, 25, 49, 121]",64,no_relation,0,0,0,no_relation,0,0,0,False,,,,True,False,5.733300349675119e-05,False,False
24,21,8566241,727,11783,5,"[2, 3, 5, 7, 11]","[4, 9, 25, 49, 121]",64,no_relation,0,0,0,no_relation,0,0,0,False,,,,True,False,5.741699715144932e-05,False,False
24,22,8570603,727,11789,5,"[2, 3, 5, 7, 11]","[4, 9, 25, 49, 121]",64,no_relation,0,0,0,no_relation,0,0,0,False,,,,True,False,5.691600381396711e-05,False,False
24,23,8579327,727,11801,5,"[2, 3, 5, 7, 11]","[4, 9, 25, 49, 121]",64,no_relation,0,0,0,no_relation,0,0,0,False,,,,True,False,6.012499216012657e-05,False,False
24,24,8583689,727,11807,5,"[2, 3, 5, 7, 11]","[4, 9, 25, 49, 121]",64,no_relation,0,0,0,no_relation,0,0,0,False,,,,True,False,5.699999746866524e-05,False,False
24,25,8588051,727,11813,5,"[2, 3, 5, 7, 11]","[4, 9, 25, 49, 121]",64,no_relation,0,0,0,no_relation,0,0,0,False,,,,True,False,5.670898826792836e-05,False,False
24,26,8593867,727,11821,5,"[2, 3, 5, 7, 11]","[4, 9, 25, 49, 121]",64,no_relation,0,0,0,no_relation,0,0,0,False,,,,True,False,5.7124998420476913e-05,False,False
24,27,8598229,727,11827,5,"[2, 3, 5, 7, 11]","[4, 9, 25, 49, 121]",64,no_relation,0,0,0,no_relation,0,0,0,False,,,,True,False,5.716600571759045e-05,False,False
24,28,8601137,727,11831,5,"[2, 3, 5, 7, 11]","[4, 9, 25, 49, 121]",64,no_relation,0,0,0,no_relation,0,0,0,False,,,,True,False,5.745899397879839e-05,False,False
24,29,8602591,727,11833,5,"[2, 3, 5, 7, 11]","[4, 9, 25, 49, 121]",64,no_relation,0,0,0,no_relation,0,0,0,False,,,,True,False,5.73749712202698e-05,False,False
24,30,8606953,727,11839,5,"[2, 3, 5, 7, 11]","[4, 9, 25, 49, 121]",64,no_relation,0,0,0,no_relation,0,0,0,False,,,,True,False,5.70000265724957e-05,False,False
24,31,8624401,727,11863,5,"[2, 3, 5, 7, 11]","[4, 9, 25, 49, 121]",64,no_relation,0,0,0,no_relation,0,0,0,False,,,,True,False,5.770899588242173e-05,False,False
24,32,8627309,727,11867,5,"[2, 3, 5, 7, 11]","[4, 9, 25, 49, 121]",64,no_relation,0,0,0,no_relation,0,0,0,False,,,,True,False,5.704100476577878e-05,False,False
24,33,8641849,727,11887,5,"[2, 3, 5, 7, 11]","[4, 9, 25, 49, 121]",64,no_relation,0,0,0,no_relation,0,0,0,False,,,,True,False,5.691699334420264e-05,False,False
24,34,8649119,727,11897,5,"[2, 3, 5, 7, 11]","[4, 9, 25, 49, 121]",64,no_relation,0,0,0,no_relation,0,0,0,False,,,,True,False,5.741699715144932e-05,False,False
24,35,8653481,727,11903,5,"[2, 3, 5, 7, 11]","[4, 9, 25, 49, 121]",64,no_relation,0,0,0,no_relation,0,0,0,False,,,,True,False,5.7375000324100256e-05,False,False
24,36,8657843,727,11909,5,"[2, 3, 5, 7, 11]","[4, 9, 25, 49, 121]",64,no_relation,0,0,0,no_relation,0,0,0,False,,,,True,False,5.662499461323023e-05,False,False
24,37,8668021,727,11923,5,"[2, 3, 5, 7, 11]","[4, 9, 25, 49, 121]",64,no_relation,0,0,0,no_relation,0,0,0,False,,,,True,False,5.758300540037453e-05,False,False
24,38,8670929,727,11927,5,"[2, 3, 5, 7, 11]","[4, 9, 25, 49, 121]",64,no_relation,0,0,0,no_relation,0,0,0,False,,,,True,False,5.6832999689504504e-05,False,False
24,39,8675291,727,11933,5,"[2, 3, 5, 7, 11]","[4, 9, 25, 49, 121]",64,no_relation,0,0,0,no_relation,0,0,0,False,,,,True,False,5.733399302698672e-05,False,False
24,40,8390651,733,11447,5,"[2, 3, 5, 7, 11]","[4, 9, 25, 49, 121]",64,no_relation,0,0,0,no_relation,0,0,0,False,,,,True,False,5.658299778588116e-05,False,False
24,41,8405311,733,11467,5,"[2, 3, 5, 7, 11]","[4, 9, 25, 49, 121]",64,no_relation,0,0,0,no_relation,0,0,0,False,,,,True,False,5.6832999689504504e-05,False,False
24,42,8408243,733,11471,5,"[2, 3, 5, 7, 11]","[4, 9, 25, 49, 121]",64,no_relation,0,0,0,no_relation,0,0,0,False,,,,True,False,5.7124998420476913e-05,False,False
24,43,8417039,733,11483,5,"[2, 3, 5, 7, 11]","[4, 9, 25, 49, 121]",64,no_relation,0,0,0,no_relation,0,0,0,False,,,,True,False,5.708300159312785e-05,False,False
24,44,8421437,733,11489,5,"[2, 3, 5, 7, 11]","[4, 9, 25, 49, 121]",64,no_relation,0,0,0,no_relation,0,0,0,False,,,,True,False,5.6666001910343766e-05,False,False
24,45,8422903,733,11491,5,"[2, 3, 5, 7, 11]","[4, 9, 25, 49, 121]",64,no_relation,0,0,0,no_relation,0,0,0,False,,,,True,False,5.6791992392390966e-05,False,False
24,46,8427301,733,11497,5,"[2, 3, 5, 7, 11]","[4, 9, 25, 49, 121]",64,no_relation,0,0,0,no_relation,0,0,0,False,,,,True,False,5.720899207517505e-05,False,False
24,47,8431699,733,11503,5,"[2, 3, 5, 7, 11]","[4, 9, 25, 49, 121]",64,no_relation,0,0,0,no_relation,0,0,0,False,,,,True,False,5.7666999055072665e-05,False,False
24,48,8443427,733,11519,5,"[2, 3, 5, 7, 11]","[4, 9, 25, 49, 121]",64,no_relation,0,0,0,no_relation,0,0,0,False,,,,True,False,5.750000127591193e-05,False,False
24,49,8449291,733,11527,5,"[2, 3, 5, 7, 11]","[4, 9, 25, 49, 121]",64,no_relation,0,0,0,no_relation,0,0,0,False,,,,True,False,5.733300349675119e-05,False,False
24,50,8465417,733,11549,5,"[2, 3, 5, 7, 11]","[4, 9, 25, 49, 121]",64,no_relation,0,0,0,no_relation,0,0,0,False,,,,True,False,5.7042023399844766e-05,False,False
24,51,8466883,733,11551,5,"[2, 3, 5, 7, 11]","[4, 9, 25, 49, 121]",64,no_relation,0,0,0,no_relation,0,0,0,False,,,,True,False,5.695901927538216e-05,False,False
24,52,8487407,733,11579,5,"[2, 3, 5, 7, 11]","[4, 9, 25, 49, 121]",64,no_relation,0,0,0,no_relation,0,0,0,False,,,,True,False,5.6249991757795215e-05,False,False
24,53,8493271,733,11587,5,"[2, 3, 5, 7, 11]","[4, 9, 25, 49, 121]",64,no_relation,0,0,0,no_relation,0,0,0,False,,,,True,False,5.716699524782598e-05,False,False
24,54,8497669,733,11593,5,"[2, 3, 5, 7, 11]","[4, 9, 25, 49, 121]",64,no_relation,0,0,0,no_relation,0,0,0,False,,,,True,False,5.7124998420476913e-05,False,False
24,55,8500601,733,11597,5,"[2, 3, 5, 7, 11]","[4, 9, 25, 49, 121]",64,no_relation,0,0,0,no_relation,0,0,0,False,,,,True,False,5.729199619963765e-05,False,False
24,56,8515261,733,11617,5,"[2, 3, 5, 7, 11]","[4, 9, 25, 49, 121]",64,no_relation,0,0,0,no_relation,0,0,0,False,,,,True,False,5.6958000641316175e-05,False,False
24,57,8518193,733,11621,5,"[2, 3, 5, 7, 11]","[4, 9, 25, 49, 121]",64,no_relation,0,0,0,no_relation,0,0,0,False,,,,True,False,5.6958000641316175e-05,False,False
24,58,8526989,733,11633,5,"[2, 3, 5, 7, 11]","[4, 9, 25, 49, 121]",64,no_relation,0,0,0,no_relation,0,0,0,False,,,,True,False,5.745899397879839e-05,False,False
24,59,8544581,733,11657,5,"[2, 3, 5, 7, 11]","[4, 9, 25, 49, 121]",64,no_relation,0,0,0,no_relation,0,0,0,False,,,,True,False,5.6832999689504504e-05,False,False
24,60,8559241,733,11677,5,"[2, 3, 5, 7, 11]","[4, 9, 25, 49, 121]",64,no_relation,0,0,0,no_relation,0,0,0,False,,,,True,False,5.704199429601431e-05,False,False
24,61,8562173,733,11681,5,"[2, 3, 5, 7, 11]","[4, 9, 25, 49, 121]",64,no_relation,0,0,0,no_relation,0,0,0,False,,,,True,False,5.7124998420476913e-05,False,False
24,62,8568037,733,11689,5,"[2, 3, 5, 7, 11]","[4, 9, 25, 49, 121]",64,no_relation,0,0,0,no_relation,0,0,0,False,,,,True,False,5.800000508315861e-05,False,False
24,63,8575367,733,11699,5,"[2, 3, 5, 7, 11]","[4, 9, 25, 49, 121]",64,no_relation,0,0,0,no_relation,0,0,0,False,,,,True,False,5.716699524782598e-05,False,False
24,64,8576833,733,11701,5,"[2, 3, 5, 7, 11]","[4, 9, 25, 49, 121]",64,no_relation,0,0,0,no_relation,0,0,0,False,,,,True,False,5.7792000006884336e-05,False,False
24,65,8588561,733,11717,5,"[2, 3, 5, 7, 11]","[4, 9, 25, 49, 121]",64,no_relation,0,0,0,no_relation,0,0,0,False,,,,True,False,5.733399302698672e-05,False,False
24,66,8590027,733,11719,5,"[2, 3, 5, 7, 11]","[4, 9, 25, 49, 121]",64,no_relation,0,0,0,no_relation,0,0,0,False,,,,True,False,5.741699715144932e-05,False,False
24,67,8598823,733,11731,5,"[2, 3, 5, 7, 11]","[4, 9, 25, 49, 121]",64,no_relation,0,0,0,no_relation,0,0,0,False,,,,True,False,5.687499651685357e-05,False,False
24,68,8607619,733,11743,5,"[2, 3, 5, 7, 11]","[4, 9, 25, 49, 121]",64,no_relation,0,0,0,no_relation,0,0,0,False,,,,True,False,5.733300349675119e-05,False,False
24,69,8632541,733,11777,5,"[2, 3, 5, 7, 11]","[4, 9, 25, 49, 121]",64,no_relation,0,0,0,no_relation,0,0,0,False,,,,True,False,5.716699524782598e-05,False,False
24,70,8634007,733,11779,5,"[2, 3, 5, 7, 11]","[4, 9, 25, 49, 121]",64,no_relation,0,0,0,no_relation,0,0,0,False,,,,True,False,5.699999746866524e-05,False,False
24,71,8636939,733,11783,5,"[2, 3, 5, 7, 11]","[4, 9, 25, 49, 121]",64,no_relation,0,0,0,no_relation,0,0,0,False,,,,True,False,5.704100476577878e-05,False,False
24,72,8641337,733,11789,5,"[2, 3, 5, 7, 11]","[4, 9, 25, 49, 121]",64,no_relation,0,0,0,no_relation,0,0,0,False,,,,True,False,5.695901927538216e-05,False,False
24,73,8650133,733,11801,5,"[2, 3, 5, 7, 11]","[4, 9, 25, 49, 121]",64,no_relation,0,0,0,no_relation,0,0,0,False,,,,True,False,5.729199619963765e-05,False,False
24,74,8654531,733,11807,5,"[2, 3, 5, 7, 11]","[4, 9, 25, 49, 121]",64,no_relation,0,0,0,no_relation,0,0,0,False,,,,True,False,5.67499955650419e-05,False,False
24,75,8658929,733,11813,5,"[2, 3, 5, 7, 11]","[4, 9, 25, 49, 121]",64,no_relation,0,0,0,no_relation,0,0,0,False,,,,True,False,5.787500413134694e-05,False,False
24,76,8664793,733,11821,5,"[2, 3, 5, 7, 11]","[4, 9, 25, 49, 121]",64,no_relation,0,0,0,no_relation,0,0,0,False,,,,True,False,5.7375000324100256e-05,False,False
24,77,8669191,733,11827,5,"[2, 3, 5, 7, 11]","[4, 9, 25, 49, 121]",64,no_relation,0,0,0,no_relation,0,0,0,False,,,,True,False,5.720797344110906e-05,False,False
24,78,8672123,733,11831,5,"[2, 3, 5, 7, 11]","[4, 9, 25, 49, 121]",64,no_relation,0,0,0,no_relation,0,0,0,False,,,,True,False,5.750000127591193e-05,False,False
24,79,8673589,733,11833,5,"[2, 3, 5, 7, 11]","[4, 9, 25, 49, 121]",64,no_relation,0,0,0,no_relation,0,0,0,False,,,,True,False,5.733300349675119e-05,False,False
24,80,8389867,739,11353,5,"[2, 3, 5, 7, 11]","[4, 9, 25, 49, 121]",64,no_relation,0,0,0,no_relation,0,0,0,False,,,,True,False,5.7666999055072665e-05,False,False
24,81,8401691,739,11369,5,"[2, 3, 5, 7, 11]","[4, 9, 25, 49, 121]",64,no_relation,0,0,0,no_relation,0,0,0,False,,,,True,False,5.733300349675119e-05,False,False
24,82,8412037,739,11383,5,"[2, 3, 5, 7, 11]","[4, 9, 25, 49, 121]",64,no_relation,0,0,0,no_relation,0,0,0,False,,,,True,False,5.6832999689504504e-05,False,False
24,83,8419427,739,11393,5,"[2, 3, 5, 7, 11]","[4, 9, 25, 49, 121]",64,no_relation,0,0,0,no_relation,0,0,0,False,,,,True,False,5.629198858514428e-05,False,False
24,84,8423861,739,11399,5,"[2, 3, 5, 7, 11]","[4, 9, 25, 49, 121]",64,no_relation,0,0,0,no_relation,0,0,0,False,,,,True,False,5.654201959259808e-05,False,False
24,85,8432729,739,11411,5,"[2, 3, 5, 7, 11]","[4, 9, 25, 49, 121]",64,no_relation,0,0,0,no_relation,0,0,0,False,,,,True,False,5.704199429601431e-05,False,False
24,86,8441597,739,11423,5,"[2, 3, 5, 7, 11]","[4, 9, 25, 49, 121]",64,no_relation,0,0,0,no_relation,0,0,0,False,,,,True,False,5.6541990488767624e-05,False,False
24,87,8451943,739,11437,5,"[2, 3, 5, 7, 11]","[4, 9, 25, 49, 121]",64,no_relation,0,0,0,no_relation,0,0,0,False,,,,True,False,5.691699334420264e-05,False,False
24,88,8456377,739,11443,5,"[2, 3, 5, 7, 11]","[4, 9, 25, 49, 121]",64,no_relation,0,0,0,no_relation,0,0,0,False,,,,True,False,5.716699524782598e-05,False,False
24,89,8459333,739,11447,5,"[2, 3, 5, 7, 11]","[4, 9, 25, 49, 121]",64,no_relation,0,0,0,no_relation,0,0,0,False,,,,True,False,5.7666999055072665e-05,False,False
24,90,8474113,739,11467,5,"[2, 3, 5, 7, 11]","[4, 9, 25, 49, 121]",64,no_relation,0,0,0,no_relation,0,0,0,False,,,,True,False,5.7249999372288585e-05,False,False
24,91,8477069,739,11471,5,"[2, 3, 5, 7, 11]","[4, 9, 25, 49, 121]",64,no_relation,0,0,0,no_relation,0,0,0,False,,,,True,False,5.7042023399844766e-05,False,False
24,92,8485937,739,11483,5,"[2, 3, 5, 7, 11]","[4, 9, 25, 49, 121]",64,no_relation,0,0,0,no_relation,0,0,0,False,,,,True,False,5.704100476577878e-05,False,False
24,93,8490371,739,11489,5,"[2, 3, 5, 7, 11]","[4, 9, 25, 49, 121]",64,no_relation,0,0,0,no_relation,0,0,0,False,,,,True,False,5.7375000324100256e-05,False,False
24,94,8491849,739,11491,5,"[2, 3, 5, 7, 11]","[4, 9, 25, 49, 121]",64,no_relation,0,0,0,no_relation,0,0,0,False,,,,True,False,5.733399302698672e-05,False,False
24,95,8496283,739,11497,5,"[2, 3, 5, 7, 11]","[4, 9, 25, 49, 121]",64,no_relation,0,0,0,no_relation,0,0,0,False,,,,True,False,5.954099469818175e-05,False,False
24,96,8500717,739,11503,5,"[2, 3, 5, 7, 11]","[4, 9, 25, 49, 121]",64,no_relation,0,0,0,no_relation,0,0,0,False,,,,True,False,5.750000127591193e-05,False,False
24,97,8512541,739,11519,5,"[2, 3, 5, 7, 11]","[4, 9, 25, 49, 121]",64,no_relation,0,0,0,no_relation,0,0,0,False,,,,True,False,5.704199429601431e-05,False,False
24,98,8518453,739,11527,5,"[2, 3, 5, 7, 11]","[4, 9, 25, 49, 121]",64,no_relation,0,0,0,no_relation,0,0,0,False,,,,True,False,5.683401832357049e-05,False,False
24,99,8534711,739,11549,5,"[2, 3, 5, 7, 11]","[4, 9, 25, 49, 121]",64,no_relation,0,0,0,no_relation,0,0,0,False,,,,True,False,5.679100286215544e-05,False,False
32,0,2147754733,11587,185359,6,"[2, 3, 5, 7, 11, 13]","[4, 9, 25, 49, 121, 169]",64,no_relation,0,0,0,no_relation,0,0,0,False,,,,True,False,0.00010770797962322831,False,False
32,1,2147801081,11587,185363,6,"[2, 3, 5, 7, 11, 13]","[4, 9, 25, 49, 121, 169]",64,no_relation,0,0,0,no_relation,0,0,0,False,,,,True,False,9.920800221152604e-05,False,False
32,2,2147870603,11587,185369,6,"[2, 3, 5, 7, 11, 13]","[4, 9, 25, 49, 121, 169]",64,no_relation,0,0,0,no_relation,0,0,0,False,,,,True,False,9.587500244379044e-05,False,False
32,3,2147893777,11587,185371,6,"[2, 3, 5, 7, 11, 13]","[4, 9, 25, 49, 121, 169]",64,no_relation,0,0,0,no_relation,0,0,0,False,,,,True,False,9.383400902152061e-05,False,False
32,4,2148241387,11587,185401,6,"[2, 3, 5, 7, 11, 13]","[4, 9, 25, 49, 121, 169]",64,no_relation,0,0,0,no_relation,0,0,0,False,,,,True,False,9.370801853947341e-05,False,False
32,5,2148565823,11587,185429,6,"[2, 3, 5, 7, 11, 13]","[4, 9, 25, 49, 121, 169]",64,no_relation,0,0,0,no_relation,0,0,0,False,,,,True,False,9.34590061660856e-05,False,False
32,6,2148704867,11587,185441,6,"[2, 3, 5, 7, 11, 13]","[4, 9, 25, 49, 121, 169]",64,no_relation,0,0,0,no_relation,0,0,0,False,,,,True,False,9.450002107769251e-05,False,False
32,7,2149006129,11587,185467,6,"[2, 3, 5, 7, 11, 13]","[4, 9, 25, 49, 121, 169]",64,no_relation,0,0,0,no_relation,0,0,0,False,,,,True,False,9.708298603072762e-05,False,False
32,8,2149121999,11587,185477,6,"[2, 3, 5, 7, 11, 13]","[4, 9, 25, 49, 121, 169]",64,no_relation,0,0,0,no_relation,0,0,0,False,,,,True,False,9.654200403019786e-05,False,False
32,9,2149191521,11587,185483,6,"[2, 3, 5, 7, 11, 13]","[4, 9, 25, 49, 121, 169]",64,no_relation,0,0,0,no_relation,0,0,0,False,,,,True,False,9.454099927097559e-05,False,False
32,10,2149284217,11587,185491,6,"[2, 3, 5, 7, 11, 13]","[4, 9, 25, 49, 121, 169]",64,no_relation,0,0,0,no_relation,0,0,0,False,,,,True,False,9.424999007023871e-05,False,False
32,11,2149608653,11587,185519,6,"[2, 3, 5, 7, 11, 13]","[4, 9, 25, 49, 121, 169]",64,no_relation,0,0,0,no_relation,0,0,0,False,,,,True,False,9.32500115595758e-05,False,False
32,12,2149701349,11587,185527,6,"[2, 3, 5, 7, 11, 13]","[4, 9, 25, 49, 121, 169]",64,no_relation,0,0,0,no_relation,0,0,0,False,,,,True,False,9.291697642765939e-05,False,False
32,13,2149747697,11587,185531,6,"[2, 3, 5, 7, 11, 13]","[4, 9, 25, 49, 121, 169]",64,no_relation,0,0,0,no_relation,0,0,0,False,,,,True,False,9.416701504960656e-05,False,False
32,14,2149770871,11587,185533,6,"[2, 3, 5, 7, 11, 13]","[4, 9, 25, 49, 121, 169]",64,no_relation,0,0,0,no_relation,0,0,0,False,,,,True,False,9.370798943564296e-05,False,False
32,15,2149840393,11587,185539,6,"[2, 3, 5, 7, 11, 13]","[4, 9, 25, 49, 121, 169]",64,no_relation,0,0,0,no_relation,0,0,0,False,,,,True,False,0.00011479100794531405,False,False
32,16,2149886741,11587,185543,6,"[2, 3, 5, 7, 11, 13]","[4, 9, 25, 49, 121, 169]",64,no_relation,0,0,0,no_relation,0,0,0,False,,,,True,False,0.00011845899280160666,False,False
32,17,2149979437,11587,185551,6,"[2, 3, 5, 7, 11, 13]","[4, 9, 25, 49, 121, 169]",64,no_relation,0,0,0,no_relation,0,0,0,False,,,,True,False,9.916600538417697e-05,False,False
32,18,2150048959,11587,185557,6,"[2, 3, 5, 7, 11, 13]","[4, 9, 25, 49, 121, 169]",64,no_relation,0,0,0,no_relation,0,0,0,False,,,,True,False,9.625000529922545e-05,False,False
32,19,2150164829,11587,185567,6,"[2, 3, 5, 7, 11, 13]","[4, 9, 25, 49, 121, 169]",64,no_relation,0,0,0,no_relation,0,0,0,False,,,,True,False,9.529199451208115e-05,False,False
32,20,2150188003,11587,185569,6,"[2, 3, 5, 7, 11, 13]","[4, 9, 25, 49, 121, 169]",64,no_relation,0,0,0,no_relation,0,0,0,False,,,,True,False,9.379099356010556e-05,False,False
32,21,2150466091,11587,185593,6,"[2, 3, 5, 7, 11, 13]","[4, 9, 25, 49, 121, 169]",64,no_relation,0,0,0,no_relation,0,0,0,False,,,,True,False,0.00010633299825713038,False,False
32,22,2150535613,11587,185599,6,"[2, 3, 5, 7, 11, 13]","[4, 9, 25, 49, 121, 169]",64,no_relation,0,0,0,no_relation,0,0,0,False,,,,True,False,9.283298277296126e-05,False,False
32,23,2150790527,11587,185621,6,"[2, 3, 5, 7, 11, 13]","[4, 9, 25, 49, 121, 169]",64,no_relation,0,0,0,no_relation,0,0,0,False,,,,True,False,9.26670036278665e-05,False,False
32,24,2151022267,11587,185641,6,"[2, 3, 5, 7, 11, 13]","[4, 9, 25, 49, 121, 169]",64,no_relation,0,0,0,no_relation,0,0,0,False,,,,True,False,9.320900426246226e-05,False,False
32,25,2151138137,11587,185651,6,"[2, 3, 5, 7, 11, 13]","[4, 9, 25, 49, 121, 169]",64,no_relation,0,0,0,no_relation,0,0,0,False,,,,True,False,9.479199070483446e-05,False,False
32,26,2151439399,11587,185677,6,"[2, 3, 5, 7, 11, 13]","[4, 9, 25, 49, 121, 169]",64,no_relation,0,0,0,no_relation,0,0,0,False,,,,True,False,9.554100688546896e-05,False,False
32,27,2151485747,11587,185681,6,"[2, 3, 5, 7, 11, 13]","[4, 9, 25, 49, 121, 169]",64,no_relation,0,0,0,no_relation,0,0,0,False,,,,True,False,9.250000584870577e-05,False,False
32,28,2151508921,11587,185683,6,"[2, 3, 5, 7, 11, 13]","[4, 9, 25, 49, 121, 169]",64,no_relation,0,0,0,no_relation,0,0,0,False,,,,True,False,9.30829846765846e-05,False,False
32,29,2151624791,11587,185693,6,"[2, 3, 5, 7, 11, 13]","[4, 9, 25, 49, 121, 169]",64,no_relation,0,0,0,no_relation,0,0,0,False,,,,True,False,9.329098975285888e-05,False,False
32,30,2151694313,11587,185699,6,"[2, 3, 5, 7, 11, 13]","[4, 9, 25, 49, 121, 169]",64,no_relation,0,0,0,no_relation,0,0,0,False,,,,True,False,9.262500680051744e-05,False,False
32,31,2151787009,11587,185707,6,"[2, 3, 5, 7, 11, 13]","[4, 9, 25, 49, 121, 169]",64,no_relation,0,0,0,no_relation,0,0,0,False,,,,True,False,9.437499102205038e-05,False,False
32,32,2151833357,11587,185711,6,"[2, 3, 5, 7, 11, 13]","[4, 9, 25, 49, 121, 169]",64,no_relation,0,0,0,no_relation,0,0,0,False,,,,True,False,9.14999982342124e-05,False,False
32,33,2151972401,11587,185723,6,"[2, 3, 5, 7, 11, 13]","[4, 9, 25, 49, 121, 169]",64,no_relation,0,0,0,no_relation,0,0,0,False,,,,True,False,9.391701314598322e-05,False,False
32,34,2152134619,11587,185737,6,"[2, 3, 5, 7, 11, 13]","[4, 9, 25, 49, 121, 169]",64,no_relation,0,0,0,no_relation,0,0,0,False,,,,True,False,9.250000584870577e-05,False,False
32,35,2152250489,11587,185747,6,"[2, 3, 5, 7, 11, 13]","[4, 9, 25, 49, 121, 169]",64,no_relation,0,0,0,no_relation,0,0,0,False,,,,True,False,9.341700933873653e-05,False,False
32,36,2152273663,11587,185749,6,"[2, 3, 5, 7, 11, 13]","[4, 9, 25, 49, 121, 169]",64,no_relation,0,0,0,no_relation,0,0,0,False,,,,True,False,9.320900426246226e-05,False,False
32,37,2152320011,11587,185753,6,"[2, 3, 5, 7, 11, 13]","[4, 9, 25, 49, 121, 169]",64,no_relation,0,0,0,no_relation,0,0,0,False,,,,True,False,9.333298658020794e-05,False,False
32,38,2152482229,11587,185767,6,"[2, 3, 5, 7, 11, 13]","[4, 9, 25, 49, 121, 169]",64,no_relation,0,0,0,no_relation,0,0,0,False,,,,True,False,9.254200267605484e-05,False,False
32,39,2152737143,11587,185789,6,"[2, 3, 5, 7, 11, 13]","[4, 9, 25, 49, 121, 169]",64,no_relation,0,0,0,no_relation,0,0,0,False,,,,True,False,9.279101504944265e-05,False,False
32,40,2147522099,11593,185243,6,"[2, 3, 5, 7, 11, 13]","[4, 9, 25, 49, 121, 169]",64,no_relation,0,0,0,no_relation,0,0,0,False,,,,True,False,9.320798562839627e-05,False,False
32,41,2147800331,11593,185267,6,"[2, 3, 5, 7, 11, 13]","[4, 9, 25, 49, 121, 169]",64,no_relation,0,0,0,no_relation,0,0,0,False,,,,True,False,9.229200077243149e-05,False,False
32,42,2148078563,11593,185291,6,"[2, 3, 5, 7, 11, 13]","[4, 9, 25, 49, 121, 169]",64,no_relation,0,0,0,no_relation,0,0,0,False,,,,True,False,9.354102076031268e-05,False,False
32,43,2148171307,11593,185299,6,"[2, 3, 5, 7, 11, 13]","[4, 9, 25, 49, 121, 169]",64,no_relation,0,0,0,no_relation,0,0,0,False,,,,True,False,9.316697833128273e-05,False,False
32,44,2148217679,11593,185303,6,"[2, 3, 5, 7, 11, 13]","[4, 9, 25, 49, 121, 169]",64,no_relation,0,0,0,no_relation,0,0,0,False,,,,True,False,9.270900045521557e-05,False,False
32,45,2148287237,11593,185309,6,"[2, 3, 5, 7, 11, 13]","[4, 9, 25, 49, 121, 169]",64,no_relation,0,0,0,no_relation,0,0,0,False,,,,True,False,9.345801663585007e-05,False,False
32,46,2148449539,11593,185323,6,"[2, 3, 5, 7, 11, 13]","[4, 9, 25, 49, 121, 169]",64,no_relation,0,0,0,no_relation,0,0,0,False,,,,True,False,9.25839995034039e-05,False,False
32,47,2148495911,11593,185327,6,"[2, 3, 5, 7, 11, 13]","[4, 9, 25, 49, 121, 169]",64,no_relation,0,0,0,no_relation,0,0,0,False,,,,True,False,9.241700172424316e-05,False,False
32,48,2148866887,11593,185359,6,"[2, 3, 5, 7, 11, 13]","[4, 9, 25, 49, 121, 169]",64,no_relation,0,0,0,no_relation,0,0,0,False,,,,True,False,9.662497905083e-05,False,False
32,49,2148913259,11593,185363,6,"[2, 3, 5, 7, 11, 13]","[4, 9, 25, 49, 121, 169]",64,no_relation,0,0,0,no_relation,0,0,0,False,,,,True,False,9.241598309017718e-05,False,False
32,50,2148982817,11593,185369,6,"[2, 3, 5, 7, 11, 13]","[4, 9, 25, 49, 121, 169]",64,no_relation,0,0,0,no_relation,0,0,0,False,,,,True,False,9.579199831932783e-05,False,False
32,51,2149006003,11593,185371,6,"[2, 3, 5, 7, 11, 13]","[4, 9, 25, 49, 121, 169]",64,no_relation,0,0,0,no_relation,0,0,0,False,,,,True,False,9.304200648330152e-05,False,False
32,52,2149353793,11593,185401,6,"[2, 3, 5, 7, 11, 13]","[4, 9, 25, 49, 121, 169]",64,no_relation,0,0,0,no_relation,0,0,0,False,,,,True,False,9.420799324288964e-05,False,False
32,53,2149678397,11593,185429,6,"[2, 3, 5, 7, 11, 13]","[4, 9, 25, 49, 121, 169]",64,no_relation,0,0,0,no_relation,0,0,0,False,,,,True,False,9.333400521427393e-05,False,False
32,54,2149817513,11593,185441,6,"[2, 3, 5, 7, 11, 13]","[4, 9, 25, 49, 121, 169]",64,no_relation,0,0,0,no_relation,0,0,0,False,,,,True,False,9.41669859457761e-05,False,False
32,55,2150118931,11593,185467,6,"[2, 3, 5, 7, 11, 13]","[4, 9, 25, 49, 121, 169]",64,no_relation,0,0,0,no_relation,0,0,0,False,,,,True,False,9.379201219417155e-05,False,False
32,56,2150234861,11593,185477,6,"[2, 3, 5, 7, 11, 13]","[4, 9, 25, 49, 121, 169]",64,no_relation,0,0,0,no_relation,0,0,0,False,,,,True,False,9.312498150393367e-05,False,False
32,57,2150304419,11593,185483,6,"[2, 3, 5, 7, 11, 13]","[4, 9, 25, 49, 121, 169]",64,no_relation,0,0,0,no_relation,0,0,0,False,,,,True,False,9.225000394508243e-05,False,False
32,58,2150397163,11593,185491,6,"[2, 3, 5, 7, 11, 13]","[4, 9, 25, 49, 121, 169]",64,no_relation,0,0,0,no_relation,0,0,0,False,,,,True,False,9.275000775232911e-05,False,False
32,59,2150721767,11593,185519,6,"[2, 3, 5, 7, 11, 13]","[4, 9, 25, 49, 121, 169]",64,no_relation,0,0,0,no_relation,0,0,0,False,,,,True,False,9.31659888010472e-05,False,False
32,60,2150814511,11593,185527,6,"[2, 3, 5, 7, 11, 13]","[4, 9, 25, 49, 121, 169]",64,no_relation,0,0,0,no_relation,0,0,0,False,,,,True,False,9.270801092498004e-05,False,False
32,61,2150860883,11593,185531,6,"[2, 3, 5, 7, 11, 13]","[4, 9, 25, 49, 121, 169]",64,no_relation,0,0,0,no_relation,0,0,0,False,,,,True,False,9.241700172424316e-05,False,False
32,62,2150884069,11593,185533,6,"[2, 3, 5, 7, 11, 13]","[4, 9, 25, 49, 121, 169]",64,no_relation,0,0,0,no_relation,0,0,0,False,,,,True,False,9.33330156840384e-05,False,False
32,63,2150953627,11593,185539,6,"[2, 3, 5, 7, 11, 13]","[4, 9, 25, 49, 121, 169]",64,no_relation,0,0,0,no_relation,0,0,0,False,,,,True,False,9.287497960031033e-05,False,False
32,64,2150999999,11593,185543,6,"[2, 3, 5, 7, 11, 13]","[4, 9, 25, 49, 121, 169]",64,no_relation,0,0,0,no_relation,0,0,0,False,,,,True,False,9.341700933873653e-05,False,False
32,65,2151092743,11593,185551,6,"[2, 3, 5, 7, 11, 13]","[4, 9, 25, 49, 121, 169]",64,no_relation,0,0,0,no_relation,0,0,0,False,,,,True,False,9.287500870414078e-05,False,False
32,66,2151162301,11593,185557,6,"[2, 3, 5, 7, 11, 13]","[4, 9, 25, 49, 121, 169]",64,no_relation,0,0,0,no_relation,0,0,0,False,,,,True,False,9.354099165648222e-05,False,False
32,67,2151278231,11593,185567,6,"[2, 3, 5, 7, 11, 13]","[4, 9, 25, 49, 121, 169]",64,no_relation,0,0,0,no_relation,0,0,0,False,,,,True,False,9.545800276100636e-05,False,False
32,68,2151301417,11593,185569,6,"[2, 3, 5, 7, 11, 13]","[4, 9, 25, 49, 121, 169]",64,no_relation,0,0,0,no_relation,0,0,0,False,,,,True,False,9.212500299327075e-05,False,False
32,69,2151579649,11593,185593,6,"[2, 3, 5, 7, 11, 13]","[4, 9, 25, 49, 121, 169]",64,no_relation,0,0,0,no_relation,0,0,0,False,,,,True,False,9.220899664796889e-05,False,False
32,70,2151649207,11593,185599,6,"[2, 3, 5, 7, 11, 13]","[4, 9, 25, 49, 121, 169]",64,no_relation,0,0,0,no_relation,0,0,0,False,,,,True,False,9.308400331065059e-05,False,False
32,71,2151904253,11593,185621,6,"[2, 3, 5, 7, 11, 13]","[4, 9, 25, 49, 121, 169]",64,no_relation,0,0,0,no_relation,0,0,0,False,,,,True,False,9.262500680051744e-05,False,False
32,72,2152136113,11593,185641,6,"[2, 3, 5, 7, 11, 13]","[4, 9, 25, 49, 121, 169]",64,no_relation,0,0,0,no_relation,0,0,0,False,,,,True,False,9.24580090213567e-05,False,False
32,73,2152252043,11593,185651,6,"[2, 3, 5, 7, 11, 13]","[4, 9, 25, 49, 121, 169]",64,no_relation,0,0,0,no_relation,0,0,0,False,,,,True,False,9.374998626299202e-05,False,False
32,74,2152553461,11593,185677,6,"[2, 3, 5, 7, 11, 13]","[4, 9, 25, 49, 121, 169]",64,no_relation,0,0,0,no_relation,0,0,0,False,,,,True,False,9.383400902152061e-05,False,False
32,75,2152599833,11593,185681,6,"[2, 3, 5, 7, 11, 13]","[4, 9, 25, 49, 121, 169]",64,no_relation,0,0,0,no_relation,0,0,0,False,,,,True,False,9.258300997316837e-05,False,False
32,76,2152623019,11593,185683,6,"[2, 3, 5, 7, 11, 13]","[4, 9, 25, 49, 121, 169]",64,no_relation,0,0,0,no_relation,0,0,0,False,,,,True,False,9.320798562839627e-05,False,False
32,77,2152738949,11593,185693,6,"[2, 3, 5, 7, 11, 13]","[4, 9, 25, 49, 121, 169]",64,no_relation,0,0,0,no_relation,0,0,0,False,,,,True,False,9.262500680051744e-05,False,False
32,78,2152808507,11593,185699,6,"[2, 3, 5, 7, 11, 13]","[4, 9, 25, 49, 121, 169]",64,no_relation,0,0,0,no_relation,0,0,0,False,,,,True,False,9.304200648330152e-05,False,False
32,79,2152901251,11593,185707,6,"[2, 3, 5, 7, 11, 13]","[4, 9, 25, 49, 121, 169]",64,no_relation,0,0,0,no_relation,0,0,0,False,,,,True,False,9.399998816661537e-05,False,False
32,80,2147497669,11597,185177,6,"[2, 3, 5, 7, 11, 13]","[4, 9, 25, 49, 121, 169]",64,no_relation,0,0,0,no_relation,0,0,0,False,,,,True,False,9.183399379253387e-05,False,False
32,81,2147567251,11597,185183,6,"[2, 3, 5, 7, 11, 13]","[4, 9, 25, 49, 121, 169]",64,no_relation,0,0,0,no_relation,0,0,0,False,,,,True,False,9.25410131458193e-05,False,False
32,82,2147636833,11597,185189,6,"[2, 3, 5, 7, 11, 13]","[4, 9, 25, 49, 121, 169]",64,no_relation,0,0,0,no_relation,0,0,0,False,,,,True,False,9.524999768473208e-05,False,False
32,83,2148007937,11597,185221,6,"[2, 3, 5, 7, 11, 13]","[4, 9, 25, 49, 121, 169]",64,no_relation,0,0,0,no_relation,0,0,0,False,,,,True,False,9.220800711773336e-05,False,False
32,84,2148147101,11597,185233,6,"[2, 3, 5, 7, 11, 13]","[4, 9, 25, 49, 121, 169]",64,no_relation,0,0,0,no_relation,0,0,0,False,,,,True,False,9.391701314598322e-05,False,False
32,85,2148263071,11597,185243,6,"[2, 3, 5, 7, 11, 13]","[4, 9, 25, 49, 121, 169]",64,no_relation,0,0,0,no_relation,0,0,0,False,,,,True,False,9.495799895375967e-05,False,False
32,86,2148541399,11597,185267,6,"[2, 3, 5, 7, 11, 13]","[4, 9, 25, 49, 121, 169]",64,no_relation,0,0,0,no_relation,0,0,0,False,,,,True,False,9.316700743511319e-05,False,False
32,87,2148819727,11597,185291,6,"[2, 3, 5, 7, 11, 13]","[4, 9, 25, 49, 121, 169]",64,no_relation,0,0,0,no_relation,0,0,0,False,,,,True,False,9.270798182114959e-05,False,False
32,88,2148912503,11597,185299,6,"[2, 3, 5, 7, 11, 13]","[4, 9, 25, 49, 121, 169]",64,no_relation,0,0,0,no_relation,0,0,0,False,,,,True,False,9.216699982061982e-05,False,False
32,89,2148958891,11597,185303,6,"[2, 3, 5, 7, 11, 13]","[4, 9, 25, 49, 121, 169]",64,no_relation,0,0,0,no_relation,0,0,0,False,,,,True,False,9.208399569615722e-05,False,False
32,90,2149028473,11597,185309,6,"[2, 3, 5, 7, 11, 13]","[4, 9, 25, 49, 121, 169]",64,no_relation,0,0,0,no_relation,0,0,0,False,,,,True,False,9.537499863654375e-05,False,False
32,91,2149190831,11597,185323,6,"[2, 3, 5, 7, 11, 13]","[4, 9, 25, 49, 121, 169]",64,no_relation,0,0,0,no_relation,0,0,0,False,,,,True,False,0.00010391700197942555,False,False
32,92,2149237219,11597,185327,6,"[2, 3, 5, 7, 11, 13]","[4, 9, 25, 49, 121, 169]",64,no_relation,0,0,0,no_relation,0,0,0,False,,,,True,False,9.35420102905482e-05,False,False
32,93,2149608323,11597,185359,6,"[2, 3, 5, 7, 11, 13]","[4, 9, 25, 49, 121, 169]",64,no_relation,0,0,0,no_relation,0,0,0,False,,,,True,False,9.49589884839952e-05,False,False
32,94,2149654711,11597,185363,6,"[2, 3, 5, 7, 11, 13]","[4, 9, 25, 49, 121, 169]",64,no_relation,0,0,0,no_relation,0,0,0,False,,,,True,False,9.374998626299202e-05,False,False
32,95,2149724293,11597,185369,6,"[2, 3, 5, 7, 11, 13]","[4, 9, 25, 49, 121, 169]",64,no_relation,0,0,0,no_relation,0,0,0,False,,,,True,False,9.38749872148037e-05,False,False
32,96,2149747487,11597,185371,6,"[2, 3, 5, 7, 11, 13]","[4, 9, 25, 49, 121, 169]",64,no_relation,0,0,0,no_relation,0,0,0,False,,,,True,False,9.295798372477293e-05,False,False
32,97,2150095397,11597,185401,6,"[2, 3, 5, 7, 11, 13]","[4, 9, 25, 49, 121, 169]",64,no_relation,0,0,0,no_relation,0,0,0,False,,,,True,False,9.31659888010472e-05,False,False
32,98,2150420113,11597,185429,6,"[2, 3, 5, 7, 11, 13]","[4, 9, 25, 49, 121, 169]",64,no_relation,0,0,0,no_relation,0,0,0,False,,,,True,False,9.250000584870577e-05,False,False
32,99,2150559277,11597,185441,6,"[2, 3, 5, 7, 11, 13]","[4, 9, 25, 49, 121, 169]",64,no_relation,0,0,0,no_relation,0,0,0,False,,,,True,False,9.212500299327075e-05,False,False
48,0,140737563604933,2965847,47452739,7,"[2, 3, 5, 7, 11, 13, 17]","[4, 9, 25, 49, 121, 169, 289]",64,no_relation,0,0,0,no_relation,0,0,0,False,,,,True,False,0.00011691701365634799,False,False
48,1,140737658512037,2965847,47452771,7,"[2, 3, 5, 7, 11, 13, 17]","[4, 9, 25, 49, 121, 169, 289]",64,no_relation,0,0,0,no_relation,0,0,0,False,,,,True,False,0.00011083399294875562,False,False
48,2,140737676307119,2965847,47452777,7,"[2, 3, 5, 7, 11, 13, 17]","[4, 9, 25, 49, 121, 169, 289]",64,no_relation,0,0,0,no_relation,0,0,0,False,,,,True,False,0.0001099579967558384,False,False
48,3,140737741555753,2965847,47452799,7,"[2, 3, 5, 7, 11, 13, 17]","[4, 9, 25, 49, 121, 169, 289]",64,no_relation,0,0,0,no_relation,0,0,0,False,,,,True,False,0.00011045899009332061,False,False
48,4,140737783077611,2965847,47452813,7,"[2, 3, 5, 7, 11, 13, 17]","[4, 9, 25, 49, 121, 169, 289]",64,no_relation,0,0,0,no_relation,0,0,0,False,,,,True,False,0.0001112080062739551,False,False
48,5,140737800872693,2965847,47452819,7,"[2, 3, 5, 7, 11, 13, 17]","[4, 9, 25, 49, 121, 169, 289]",64,no_relation,0,0,0,no_relation,0,0,0,False,,,,True,False,0.00010937501792795956,False,False
48,6,140737854257939,2965847,47452837,7,"[2, 3, 5, 7, 11, 13, 17]","[4, 9, 25, 49, 121, 169, 289]",64,no_relation,0,0,0,no_relation,0,0,0,False,,,,True,False,0.00010858298628591001,False,False
48,7,140737889848103,2965847,47452849,7,"[2, 3, 5, 7, 11, 13, 17]","[4, 9, 25, 49, 121, 169, 289]",64,no_relation,0,0,0,no_relation,0,0,0,False,,,,True,False,0.00010812500840984285,False,False
48,8,140737919506573,2965847,47452859,7,"[2, 3, 5, 7, 11, 13, 17]","[4, 9, 25, 49, 121, 169, 289]",64,no_relation,0,0,0,no_relation,0,0,0,False,,,,True,False,0.00010991599992848933,False,False
48,9,140737955096737,2965847,47452871,7,"[2, 3, 5, 7, 11, 13, 17]","[4, 9, 25, 49, 121, 169, 289]",64,no_relation,0,0,0,no_relation,0,0,0,False,,,,True,False,0.00010987499263137579,False,False
48,10,140737972891819,2965847,47452877,7,"[2, 3, 5, 7, 11, 13, 17]","[4, 9, 25, 49, 121, 169, 289]",64,no_relation,0,0,0,no_relation,0,0,0,False,,,,True,False,0.00010850001126527786,False,False
48,11,140737978823513,2965847,47452879,7,"[2, 3, 5, 7, 11, 13, 17]","[4, 9, 25, 49, 121, 169, 289]",64,no_relation,0,0,0,no_relation,0,0,0,False,,,,True,False,0.00010795801063068211,False,False
48,12,140738014413677,2965847,47452891,7,"[2, 3, 5, 7, 11, 13, 17]","[4, 9, 25, 49, 121, 169, 289]",64,no_relation,0,0,0,no_relation,0,0,0,False,,,,True,False,0.00010816697613336146,False,False
48,13,140738032208759,2965847,47452897,7,"[2, 3, 5, 7, 11, 13, 17]","[4, 9, 25, 49, 121, 169, 289]",64,no_relation,0,0,0,no_relation,0,0,0,False,,,,True,False,0.00010804200428538024,False,False
48,14,140738044072147,2965847,47452901,7,"[2, 3, 5, 7, 11, 13, 17]","[4, 9, 25, 49, 121, 169, 289]",64,no_relation,0,0,0,no_relation,0,0,0,False,,,,True,False,0.00010920799104496837,False,False
48,15,140738121184169,2965847,47452927,7,"[2, 3, 5, 7, 11, 13, 17]","[4, 9, 25, 49, 121, 169, 289]",64,no_relation,0,0,0,no_relation,0,0,0,False,,,,True,False,0.00010874998406507075,False,False
48,16,140738210159579,2965847,47452957,7,"[2, 3, 5, 7, 11, 13, 17]","[4, 9, 25, 49, 121, 169, 289]",64,no_relation,0,0,0,no_relation,0,0,0,False,,,,True,False,0.0001099579967558384,False,False
48,17,140738257613131,2965847,47452973,7,"[2, 3, 5, 7, 11, 13, 17]","[4, 9, 25, 49, 121, 169, 289]",64,no_relation,0,0,0,no_relation,0,0,0,False,,,,True,False,0.00010870801634155214,False,False
48,18,140738328793459,2965847,47452997,7,"[2, 3, 5, 7, 11, 13, 17]","[4, 9, 25, 49, 121, 169, 289]",64,no_relation,0,0,0,no_relation,0,0,0,False,,,,True,False,0.0001075830077752471,False,False
48,19,140738370315317,2965847,47453011,7,"[2, 3, 5, 7, 11, 13, 17]","[4, 9, 25, 49, 121, 169, 289]",64,no_relation,0,0,0,no_relation,0,0,0,False,,,,True,False,0.00010791700333356857,False,False
48,20,140738405905481,2965847,47453023,7,"[2, 3, 5, 7, 11, 13, 17]","[4, 9, 25, 49, 121, 169, 289]",64,no_relation,0,0,0,no_relation,0,0,0,False,,,,True,False,0.00010795798152685165,False,False
48,21,140738453359033,2965847,47453039,7,"[2, 3, 5, 7, 11, 13, 17]","[4, 9, 25, 49, 121, 169, 289]",64,no_relation,0,0,0,no_relation,0,0,0,False,,,,True,False,0.0001077920023817569,False,False
48,22,140738494880891,2965847,47453053,7,"[2, 3, 5, 7, 11, 13, 17]","[4, 9, 25, 49, 121, 169, 289]",64,no_relation,0,0,0,no_relation,0,0,0,False,,,,True,False,0.00010800000745803118,False,False
48,23,140738631309853,2965847,47453099,7,"[2, 3, 5, 7, 11, 13, 17]","[4, 9, 25, 49, 121, 169, 289]",64,no_relation,0,0,0,no_relation,0,0,0,False,,,,True,False,0.000108584004919976,False,False
48,24,140738666900017,2965847,47453111,7,"[2, 3, 5, 7, 11, 13, 17]","[4, 9, 25, 49, 121, 169, 289]",64,no_relation,0,0,0,no_relation,0,0,0,False,,,,True,False,0.00010825000936165452,False,False
48,25,140738779602203,2965847,47453149,7,"[2, 3, 5, 7, 11, 13, 17]","[4, 9, 25, 49, 121, 169, 289]",64,no_relation,0,0,0,no_relation,0,0,0,False,,,,True,False,0.00010733300587162375,False,False
48,26,140738850782531,2965847,47453173,7,"[2, 3, 5, 7, 11, 13, 17]","[4, 9, 25, 49, 121, 169, 289]",64,no_relation,0,0,0,no_relation,0,0,0,False,,,,True,False,0.00010870798723772168,False,False
48,27,140738880441001,2965847,47453183,7,"[2, 3, 5, 7, 11, 13, 17]","[4, 9, 25, 49, 121, 169, 289]",64,no_relation,0,0,0,no_relation,0,0,0,False,,,,True,False,0.00010854200809262693,False,False
48,28,140738904167777,2965847,47453191,7,"[2, 3, 5, 7, 11, 13, 17]","[4, 9, 25, 49, 121, 169, 289]",64,no_relation,0,0,0,no_relation,0,0,0,False,,,,True,False,0.00010883301729336381,False,False
48,29,140738951621329,2965847,47453207,7,"[2, 3, 5, 7, 11, 13, 17]","[4, 9, 25, 49, 121, 169, 289]",64,no_relation,0,0,0,no_relation,0,0,0,False,,,,True,False,0.00010812497930601239,False,False
48,30,140738969416411,2965847,47453213,7,"[2, 3, 5, 7, 11, 13, 17]","[4, 9, 25, 49, 121, 169, 289]",64,no_relation,0,0,0,no_relation,0,0,0,False,,,,True,False,0.00010987502173520625,False,False
48,31,140739010938269,2965847,47453227,7,"[2, 3, 5, 7, 11, 13, 17]","[4, 9, 25, 49, 121, 169, 289]",64,no_relation,0,0,0,no_relation,0,0,0,False,,,,True,False,0.00010949998977594078,False,False
48,32,140739111777067,2965847,47453261,7,"[2, 3, 5, 7, 11, 13, 17]","[4, 9, 25, 49, 121, 169, 289]",64,no_relation,0,0,0,no_relation,0,0,0,False,,,,True,False,0.0001090829900931567,False,False
48,33,140739135503843,2965847,47453269,7,"[2, 3, 5, 7, 11, 13, 17]","[4, 9, 25, 49, 121, 169, 289]",64,no_relation,0,0,0,no_relation,0,0,0,False,,,,True,False,0.0001077089982572943,False,False
48,34,140739206684171,2965847,47453293,7,"[2, 3, 5, 7, 11, 13, 17]","[4, 9, 25, 49, 121, 169, 289]",64,no_relation,0,0,0,no_relation,0,0,0,False,,,,True,False,0.00010895900777541101,False,False
48,35,140739224479253,2965847,47453299,7,"[2, 3, 5, 7, 11, 13, 17]","[4, 9, 25, 49, 121, 169, 289]",64,no_relation,0,0,0,no_relation,0,0,0,False,,,,True,False,0.00010987499263137579,False,False
48,36,140739260069417,2965847,47453311,7,"[2, 3, 5, 7, 11, 13, 17]","[4, 9, 25, 49, 121, 169, 289]",64,no_relation,0,0,0,no_relation,0,0,0,False,,,,True,False,0.0001077920023817569,False,False
48,37,140739289727887,2965847,47453321,7,"[2, 3, 5, 7, 11, 13, 17]","[4, 9, 25, 49, 121, 169, 289]",64,no_relation,0,0,0,no_relation,0,0,0,False,,,,True,False,0.00010695800301618874,False,False
48,38,140739307522969,2965847,47453327,7,"[2, 3, 5, 7, 11, 13, 17]","[4, 9, 25, 49, 121, 169, 289]",64,no_relation,0,0,0,no_relation,0,0,0,False,,,,True,False,0.00010758399730548263,False,False
48,39,140739414293461,2965847,47453363,7,"[2, 3, 5, 7, 11, 13, 17]","[4, 9, 25, 49, 121, 169, 289]",64,no_relation,0,0,0,no_relation,0,0,0,False,,,,True,False,0.0001090829900931567,False,False
48,40,140737658510411,2965849,47452739,7,"[2, 3, 5, 7, 11, 13, 17]","[4, 9, 25, 49, 121, 169, 289]",64,no_relation,0,0,0,no_relation,0,0,0,False,,,,True,False,0.00010900001507252455,False,False
48,41,140737753417579,2965849,47452771,7,"[2, 3, 5, 7, 11, 13, 17]","[4, 9, 25, 49, 121, 169, 289]",64,no_relation,0,0,0,no_relation,0,0,0,False,,,,True,False,0.0001082909875549376,False,False
48,42,140737771212673,2965849,47452777,7,"[2, 3, 5, 7, 11, 13, 17]","[4, 9, 25, 49, 121, 169, 289]",64,no_relation,0,0,0,no_relation,0,0,0,False,,,,True,False,0.00010791598469950259,False,False
48,43,140737836461351,2965849,47452799,7,"[2, 3, 5, 7, 11, 13, 17]","[4, 9, 25, 49, 121, 169, 289]",64,no_relation,0,0,0,no_relation,0,0,0,False,,,,True,False,0.00010816601570695639,False,False
48,44,140737877983237,2965849,47452813,7,"[2, 3, 5, 7, 11, 13, 17]","[4, 9, 25, 49, 121, 169, 289]",64,no_relation,0,0,0,no_relation,0,0,0,False,,,,True,False,0.00010704097803682089,False,False
48,45,140737895778331,2965849,47452819,7,"[2, 3, 5, 7, 11, 13, 17]","[4, 9, 25, 49, 121, 169, 289]",64,no_relation,0,0,0,no_relation,0,0,0,False,,,,True,False,0.00010679199476726353,False,False
48,46,140737949163613,2965849,47452837,7,"[2, 3, 5, 7, 11, 13, 17]","[4, 9, 25, 49, 121, 169, 289]",64,no_relation,0,0,0,no_relation,0,0,0,False,,,,True,False,0.00010829200618900359,False,False
48,47,140737984753801,2965849,47452849,7,"[2, 3, 5, 7, 11, 13, 17]","[4, 9, 25, 49, 121, 169, 289]",64,no_relation,0,0,0,no_relation,0,0,0,False,,,,True,False,0.00010862501221708953,False,False
48,48,140738014412291,2965849,47452859,7,"[2, 3, 5, 7, 11, 13, 17]","[4, 9, 25, 49, 121, 169, 289]",64,no_relation,0,0,0,no_relation,0,0,0,False,,,,True,False,0.00010766700142994523,False,False
48,49,140738050002479,2965849,47452871,7,"[2, 3, 5, 7, 11, 13, 17]","[4, 9, 25, 49, 121, 169, 289]",64,no_relation,0,0,0,no_relation,0,0,0,False,,,,True,False,0.00010908400872722268,False,False
48,50,140738067797573,2965849,47452877,7,"[2, 3, 5, 7, 11, 13, 17]","[4, 9, 25, 49, 121, 169, 289]",64,no_relation,0,0,0,no_relation,0,0,0,False,,,,True,False,0.00011087500024586916,False,False
48,51,140738073729271,2965849,47452879,7,"[2, 3, 5, 7, 11, 13, 17]","[4, 9, 25, 49, 121, 169, 289]",64,no_relation,0,0,0,no_relation,0,0,0,False,,,,True,False,0.00010870798723772168,False,False
48,52,140738109319459,2965849,47452891,7,"[2, 3, 5, 7, 11, 13, 17]","[4, 9, 25, 49, 121, 169, 289]",64,no_relation,0,0,0,no_relation,0,0,0,False,,,,True,False,0.00010762500460259616,False,False
48,53,140738127114553,2965849,47452897,7,"[2, 3, 5, 7, 11, 13, 17]","[4, 9, 25, 49, 121, 169, 289]",64,no_relation,0,0,0,no_relation,0,0,0,False,,,,True,False,0.00010845798533409834,False,False
48,54,140738138977949,2965849,47452901,7,"[2, 3, 5, 7, 11, 13, 17]","[4, 9, 25, 49, 121, 169, 289]",64,no_relation,0,0,0,no_relation,0,0,0,False,,,,True,False,0.00010883400682359934,False,False
48,55,140738216090023,2965849,47452927,7,"[2, 3, 5, 7, 11, 13, 17]","[4, 9, 25, 49, 121, 169, 289]",64,no_relation,0,0,0,no_relation,0,0,0,False,,,,True,False,0.00010674999793991446,False,False
48,56,140738305065493,2965849,47452957,7,"[2, 3, 5, 7, 11, 13, 17]","[4, 9, 25, 49, 121, 169, 289]",64,no_relation,0,0,0,no_relation,0,0,0,False,,,,True,False,0.00010741699952632189,False,False
48,57,140738352519077,2965849,47452973,7,"[2, 3, 5, 7, 11, 13, 17]","[4, 9, 25, 49, 121, 169, 289]",64,no_relation,0,0,0,no_relation,0,0,0,False,,,,True,False,0.0001066249969881028,False,False
48,58,140738423699453,2965849,47452997,7,"[2, 3, 5, 7, 11, 13, 17]","[4, 9, 25, 49, 121, 169, 289]",64,no_relation,0,0,0,no_relation,0,0,0,False,,,,True,False,0.00010812500840984285,False,False
48,59,140738465221339,2965849,47453011,7,"[2, 3, 5, 7, 11, 13, 17]","[4, 9, 25, 49, 121, 169, 289]",64,no_relation,0,0,0,no_relation,0,0,0,False,,,,True,False,0.00010745800682343543,False,False
48,60,140738500811527,2965849,47453023,7,"[2, 3, 5, 7, 11, 13, 17]","[4, 9, 25, 49, 121, 169, 289]",64,no_relation,0,0,0,no_relation,0,0,0,False,,,,True,False,0.00010874998406507075,False,False
48,61,140738548265111,2965849,47453039,7,"[2, 3, 5, 7, 11, 13, 17]","[4, 9, 25, 49, 121, 169, 289]",64,no_relation,0,0,0,no_relation,0,0,0,False,,,,True,False,0.00010820900206454098,False,False
48,62,140738589786997,2965849,47453053,7,"[2, 3, 5, 7, 11, 13, 17]","[4, 9, 25, 49, 121, 169, 289]",64,no_relation,0,0,0,no_relation,0,0,0,False,,,,True,False,0.00010766700142994523,False,False
48,63,140738726216051,2965849,47453099,7,"[2, 3, 5, 7, 11, 13, 17]","[4, 9, 25, 49, 121, 169, 289]",64,no_relation,0,0,0,no_relation,0,0,0,False,,,,True,False,0.00010808298247866333,False,False
48,64,140738761806239,2965849,47453111,7,"[2, 3, 5, 7, 11, 13, 17]","[4, 9, 25, 49, 121, 169, 289]",64,no_relation,0,0,0,no_relation,0,0,0,False,,,,True,False,0.00010770797962322831,False,False
48,65,140738874508501,2965849,47453149,7,"[2, 3, 5, 7, 11, 13, 17]","[4, 9, 25, 49, 121, 169, 289]",64,no_relation,0,0,0,no_relation,0,0,0,False,,,,True,False,0.00010887501412071288,False,False
48,66,140738945688877,2965849,47453173,7,"[2, 3, 5, 7, 11, 13, 17]","[4, 9, 25, 49, 121, 169, 289]",64,no_relation,0,0,0,no_relation,0,0,0,False,,,,True,False,0.00011016702046617866,False,False
48,67,140738975347367,2965849,47453183,7,"[2, 3, 5, 7, 11, 13, 17]","[4, 9, 25, 49, 121, 169, 289]",64,no_relation,0,0,0,no_relation,0,0,0,False,,,,True,False,0.00010791598469950259,False,False
48,68,140738999074159,2965849,47453191,7,"[2, 3, 5, 7, 11, 13, 17]","[4, 9, 25, 49, 121, 169, 289]",64,no_relation,0,0,0,no_relation,0,0,0,False,,,,True,False,0.00011133399675600231,False,False
48,69,140739046527743,2965849,47453207,7,"[2, 3, 5, 7, 11, 13, 17]","[4, 9, 25, 49, 121, 169, 289]",64,no_relation,0,0,0,no_relation,0,0,0,False,,,,True,False,0.0001259170239791274,False,False
48,70,140739064322837,2965849,47453213,7,"[2, 3, 5, 7, 11, 13, 17]","[4, 9, 25, 49, 121, 169, 289]",64,no_relation,0,0,0,no_relation,0,0,0,False,,,,True,False,0.00013162498362362385,False,False
48,71,140739105844723,2965849,47453227,7,"[2, 3, 5, 7, 11, 13, 17]","[4, 9, 25, 49, 121, 169, 289]",64,no_relation,0,0,0,no_relation,0,0,0,False,,,,True,False,0.00012016698019579053,False,False
48,72,140739206683589,2965849,47453261,7,"[2, 3, 5, 7, 11, 13, 17]","[4, 9, 25, 49, 121, 169, 289]",64,no_relation,0,0,0,no_relation,0,0,0,False,,,,True,False,0.0001134169870056212,False,False
48,73,140739230410381,2965849,47453269,7,"[2, 3, 5, 7, 11, 13, 17]","[4, 9, 25, 49, 121, 169, 289]",64,no_relation,0,0,0,no_relation,0,0,0,False,,,,True,False,0.0001145839923992753,False,False
48,74,140739301590757,2965849,47453293,7,"[2, 3, 5, 7, 11, 13, 17]","[4, 9, 25, 49, 121, 169, 289]",64,no_relation,0,0,0,no_relation,0,0,0,False,,,,True,False,0.00011145800817757845,False,False
48,75,140739319385851,2965849,47453299,7,"[2, 3, 5, 7, 11, 13, 17]","[4, 9, 25, 49, 121, 169, 289]",64,no_relation,0,0,0,no_relation,0,0,0,False,,,,True,False,0.0001092089805752039,False,False
48,76,140739354976039,2965849,47453311,7,"[2, 3, 5, 7, 11, 13, 17]","[4, 9, 25, 49, 121, 169, 289]",64,no_relation,0,0,0,no_relation,0,0,0,False,,,,True,False,0.00011029100278392434,False,False
48,77,140739384634529,2965849,47453321,7,"[2, 3, 5, 7, 11, 13, 17]","[4, 9, 25, 49, 121, 169, 289]",64,no_relation,0,0,0,no_relation,0,0,0,False,,,,True,False,0.00010908301919698715,False,False
48,78,140739402429623,2965849,47453327,7,"[2, 3, 5, 7, 11, 13, 17]","[4, 9, 25, 49, 121, 169, 289]",64,no_relation,0,0,0,no_relation,0,0,0,False,,,,True,False,0.00011020799865946174,False,False
48,79,140739509200187,2965849,47453363,7,"[2, 3, 5, 7, 11, 13, 17]","[4, 9, 25, 49, 121, 169, 289]",64,no_relation,0,0,0,no_relation,0,0,0,False,,,,True,False,0.00010874998406507075,False,False
48,80,140737516136639,2965861,47452499,7,"[2, 3, 5, 7, 11, 13, 17]","[4, 9, 25, 49, 121, 169, 289]",64,no_relation,0,0,0,no_relation,0,0,0,False,,,,True,False,0.00010920802014879882,False,False
48,81,140737539863527,2965861,47452507,7,"[2, 3, 5, 7, 11, 13, 17]","[4, 9, 25, 49, 121, 169, 289]",64,no_relation,0,0,0,no_relation,0,0,0,False,,,,True,False,0.00010862498311325908,False,False
48,82,140737717815187,2965861,47452567,7,"[2, 3, 5, 7, 11, 13, 17]","[4, 9, 25, 49, 121, 169, 289]",64,no_relation,0,0,0,no_relation,0,0,0,False,,,,True,False,0.00011033299961127341,False,False
48,83,140737747473797,2965861,47452577,7,"[2, 3, 5, 7, 11, 13, 17]","[4, 9, 25, 49, 121, 169, 289]",64,no_relation,0,0,0,no_relation,0,0,0,False,,,,True,False,0.00010958302300423384,False,False
48,84,140737842381349,2965861,47452609,7,"[2, 3, 5, 7, 11, 13, 17]","[4, 9, 25, 49, 121, 169, 289]",64,no_relation,0,0,0,no_relation,0,0,0,False,,,,True,False,0.00011004199041053653,False,False
48,85,140737872039959,2965861,47452619,7,"[2, 3, 5, 7, 11, 13, 17]","[4, 9, 25, 49, 121, 169, 289]",64,no_relation,0,0,0,no_relation,0,0,0,False,,,,True,False,0.00010916701285168529,False,False
48,86,140737907630291,2965861,47452631,7,"[2, 3, 5, 7, 11, 13, 17]","[4, 9, 25, 49, 121, 169, 289]",64,no_relation,0,0,0,no_relation,0,0,0,False,,,,True,False,0.00011312498827464879,False,False
48,87,140737966947511,2965861,47452651,7,"[2, 3, 5, 7, 11, 13, 17]","[4, 9, 25, 49, 121, 169, 289]",64,no_relation,0,0,0,no_relation,0,0,0,False,,,,True,False,0.000110417022369802,False,False
48,88,140738002537843,2965861,47452663,7,"[2, 3, 5, 7, 11, 13, 17]","[4, 9, 25, 49, 121, 169, 289]",64,no_relation,0,0,0,no_relation,0,0,0,False,,,,True,False,0.00010933401063084602,False,False
48,89,140738032196453,2965861,47452673,7,"[2, 3, 5, 7, 11, 13, 17]","[4, 9, 25, 49, 121, 169, 289]",64,no_relation,0,0,0,no_relation,0,0,0,False,,,,True,False,0.00011066699516959488,False,False
48,90,140738227943279,2965861,47452739,7,"[2, 3, 5, 7, 11, 13, 17]","[4, 9, 25, 49, 121, 169, 289]",64,no_relation,0,0,0,no_relation,0,0,0,False,,,,True,False,0.00010883400682359934,False,False
48,91,140738322850831,2965861,47452771,7,"[2, 3, 5, 7, 11, 13, 17]","[4, 9, 25, 49, 121, 169, 289]",64,no_relation,0,0,0,no_relation,0,0,0,False,,,,True,False,0.0001086670090444386,False,False
48,92,140738340645997,2965861,47452777,7,"[2, 3, 5, 7, 11, 13, 17]","[4, 9, 25, 49, 121, 169, 289]",64,no_relation,0,0,0,no_relation,0,0,0,False,,,,True,False,0.00010816700523719192,False,False
48,93,140738405894939,2965861,47452799,7,"[2, 3, 5, 7, 11, 13, 17]","[4, 9, 25, 49, 121, 169, 289]",64,no_relation,0,0,0,no_relation,0,0,0,False,,,,True,False,0.00010837501031346619,False,False
48,94,140738447416993,2965861,47452813,7,"[2, 3, 5, 7, 11, 13, 17]","[4, 9, 25, 49, 121, 169, 289]",64,no_relation,0,0,0,no_relation,0,0,0,False,,,,True,False,0.00010916698374785483,False,False
48,95,140738465212159,2965861,47452819,7,"[2, 3, 5, 7, 11, 13, 17]","[4, 9, 25, 49, 121, 169, 289]",64,no_relation,0,0,0,no_relation,0,0,0,False,,,,True,False,0.00010908301919698715,False,False
48,96,140738518597657,2965861,47452837,7,"[2, 3, 5, 7, 11, 13, 17]","[4, 9, 25, 49, 121, 169, 289]",64,no_relation,0,0,0,no_relation,0,0,0,False,,,,True,False,0.00010887498501688242,False,False
48,97,140738554187989,2965861,47452849,7,"[2, 3, 5, 7, 11, 13, 17]","[4, 9, 25, 49, 121, 169, 289]",64,no_relation,0,0,0,no_relation,0,0,0,False,,,,True,False,0.00010704100714065135,False,False
48,98,140738583846599,2965861,47452859,7,"[2, 3, 5, 7, 11, 13, 17]","[4, 9, 25, 49, 121, 169, 289]",64,no_relation,0,0,0,no_relation,0,0,0,False,,,,True,False,0.00010770800872705877,False,False
48,99,140738619436931,2965861,47452871,7,"[2, 3, 5, 7, 11, 13, 17]","[4, 9, 25, 49, 121, 169, 289]",64,no_relation,0,0,0,no_relation,0,0,0,False,,,,True,False,0.00010987499263137579,False,False
64,0,9223372051426001503,759250133,12148001891,8,"[2, 3, 5, 7, 11, 13, 17, 19]","[4, 9, 25, 49, 121, 169, 289, 361]",64,no_relation,0,0,0,no_relation,0,0,0,False,,,,True,False,0.00013708299957215786,False,False
64,1,9223372071166504961,759250133,12148001917,8,"[2, 3, 5, 7, 11, 13, 17, 19]","[4, 9, 25, 49, 121, 169, 289, 361]",64,no_relation,0,0,0,no_relation,0,0,0,False,,,,True,False,0.00013054200098849833,False,False
64,2,9223372089388508153,759250133,12148001941,8,"[2, 3, 5, 7, 11, 13, 17, 19]","[4, 9, 25, 49, 121, 169, 289, 361]",64,no_relation,0,0,0,no_relation,0,0,0,False,,,,True,False,0.00012900002184323967,False,False
64,3,9223372106092011079,759250133,12148001963,8,"[2, 3, 5, 7, 11, 13, 17, 19]","[4, 9, 25, 49, 121, 169, 289, 361]",64,no_relation,0,0,0,no_relation,0,0,0,False,,,,True,False,0.00012795900693163276,False,False
64,4,9223372169869022251,759250133,12148002047,8,"[2, 3, 5, 7, 11, 13, 17, 19]","[4, 9, 25, 49, 121, 169, 289, 361]",64,no_relation,0,0,0,no_relation,0,0,0,False,,,,True,False,0.00012679101200774312,False,False
64,5,9223372189609525709,759250133,12148002073,8,"[2, 3, 5, 7, 11, 13, 17, 19]","[4, 9, 25, 49, 121, 169, 289, 361]",64,no_relation,0,0,0,no_relation,0,0,0,False,,,,True,False,0.00012754200724884868,False,False
64,6,9223372210868529433,759250133,12148002101,8,"[2, 3, 5, 7, 11, 13, 17, 19]","[4, 9, 25, 49, 121, 169, 289, 361]",64,no_relation,0,0,0,no_relation,0,0,0,False,,,,True,False,0.00012604199582710862,False,False
64,7,9223372216942530497,759250133,12148002109,8,"[2, 3, 5, 7, 11, 13, 17, 19]","[4, 9, 25, 49, 121, 169, 289, 361]",64,no_relation,0,0,0,no_relation,0,0,0,False,,,,True,False,0.00012549999519251287,False,False
64,8,9223372233646033423,759250133,12148002131,8,"[2, 3, 5, 7, 11, 13, 17, 19]","[4, 9, 25, 49, 121, 169, 289, 361]",64,no_relation,0,0,0,no_relation,0,0,0,False,,,,True,False,0.0001263330050278455,False,False
64,9,9223372248831036083,759250133,12148002151,8,"[2, 3, 5, 7, 11, 13, 17, 19]","[4, 9, 25, 49, 121, 169, 289, 361]",64,no_relation,0,0,0,no_relation,0,0,0,False,,,,True,False,0.0001264589955098927,False,False
64,10,9223372262497538477,759250133,12148002169,8,"[2, 3, 5, 7, 11, 13, 17, 19]","[4, 9, 25, 49, 121, 169, 289, 361]",64,no_relation,0,0,0,no_relation,0,0,0,False,,,,True,False,0.00012604199582710862,False,False
64,11,9223372265534539009,759250133,12148002173,8,"[2, 3, 5, 7, 11, 13, 17, 19]","[4, 9, 25, 49, 121, 169, 289, 361]",64,no_relation,0,0,0,no_relation,0,0,0,False,,,,True,False,0.00012658399646170437,False,False
64,12,9223372280719541669,759250133,12148002193,8,"[2, 3, 5, 7, 11, 13, 17, 19]","[4, 9, 25, 49, 121, 169, 289, 361]",64,no_relation,0,0,0,no_relation,0,0,0,False,,,,True,False,0.00012549999519251287,False,False
64,13,9223372285275042467,759250133,12148002199,8,"[2, 3, 5, 7, 11, 13, 17, 19]","[4, 9, 25, 49, 121, 169, 289, 361]",64,no_relation,0,0,0,no_relation,0,0,0,False,,,,True,False,0.00012654101010411978,False,False
64,14,9223372352089054171,759250133,12148002287,8,"[2, 3, 5, 7, 11, 13, 17, 19]","[4, 9, 25, 49, 121, 169, 289, 361]",64,no_relation,0,0,0,no_relation,0,0,0,False,,,,True,False,0.00012720900122076273,False,False
64,15,9223372370311057363,759250133,12148002311,8,"[2, 3, 5, 7, 11, 13, 17, 19]","[4, 9, 25, 49, 121, 169, 289, 361]",64,no_relation,0,0,0,no_relation,0,0,0,False,,,,True,False,0.00012729098671115935,False,False
64,16,9223372385496060023,759250133,12148002331,8,"[2, 3, 5, 7, 11, 13, 17, 19]","[4, 9, 25, 49, 121, 169, 289, 361]",64,no_relation,0,0,0,no_relation,0,0,0,False,,,,True,False,0.00012641699868254364,False,False
64,17,9223372390051560821,759250133,12148002337,8,"[2, 3, 5, 7, 11, 13, 17, 19]","[4, 9, 25, 49, 121, 169, 289, 361]",64,no_relation,0,0,0,no_relation,0,0,0,False,,,,True,False,0.000126665981952101,False,False
64,18,9223372402199562949,759250133,12148002353,8,"[2, 3, 5, 7, 11, 13, 17, 19]","[4, 9, 25, 49, 121, 169, 289, 361]",64,no_relation,0,0,0,no_relation,0,0,0,False,,,,True,False,0.00012558299931697547,False,False
64,19,9223372421940066407,759250133,12148002379,8,"[2, 3, 5, 7, 11, 13, 17, 19]","[4, 9, 25, 49, 121, 169, 289, 361]",64,no_relation,0,0,0,no_relation,0,0,0,False,,,,True,False,0.00012549999519251287,False,False
64,20,9223372429532567737,759250133,12148002389,8,"[2, 3, 5, 7, 11, 13, 17, 19]","[4, 9, 25, 49, 121, 169, 289, 361]",64,no_relation,0,0,0,no_relation,0,0,0,False,,,,True,False,0.00012662497465498745,False,False
64,21,9223372443199070131,759250133,12148002407,8,"[2, 3, 5, 7, 11, 13, 17, 19]","[4, 9, 25, 49, 121, 169, 289, 361]",64,no_relation,0,0,0,no_relation,0,0,0,False,,,,True,False,0.00012674997560679913,False,False
64,22,9223372453828571993,759250133,12148002421,8,"[2, 3, 5, 7, 11, 13, 17, 19]","[4, 9, 25, 49, 121, 169, 289, 361]",64,no_relation,0,0,0,no_relation,0,0,0,False,,,,True,False,0.00012620899360626936,False,False
64,23,9223372506976081303,759250133,12148002491,8,"[2, 3, 5, 7, 11, 13, 17, 19]","[4, 9, 25, 49, 121, 169, 289, 361]",64,no_relation,0,0,0,no_relation,0,0,0,False,,,,True,False,0.00012554199201986194,False,False
64,24,9223372511531582101,759250133,12148002497,8,"[2, 3, 5, 7, 11, 13, 17, 19]","[4, 9, 25, 49, 121, 169, 289, 361]",64,no_relation,0,0,0,no_relation,0,0,0,False,,,,True,False,0.00012658402556553483,False,False
64,25,9223372513050082367,759250133,12148002499,8,"[2, 3, 5, 7, 11, 13, 17, 19]","[4, 9, 25, 49, 121, 169, 289, 361]",64,no_relation,0,0,0,no_relation,0,0,0,False,,,,True,False,0.0001269589993171394,False,False
64,26,9223372520642583697,759250133,12148002509,8,"[2, 3, 5, 7, 11, 13, 17, 19]","[4, 9, 25, 49, 121, 169, 289, 361]",64,no_relation,0,0,0,no_relation,0,0,0,False,,,,True,False,0.00012629199773073196,False,False
64,27,9223372534309086091,759250133,12148002527,8,"[2, 3, 5, 7, 11, 13, 17, 19]","[4, 9, 25, 49, 121, 169, 289, 361]",64,no_relation,0,0,0,no_relation,0,0,0,False,,,,True,False,0.00012716700439341366,False,False
64,28,9223372543420087687,759250133,12148002539,8,"[2, 3, 5, 7, 11, 13, 17, 19]","[4, 9, 25, 49, 121, 169, 289, 361]",64,no_relation,0,0,0,no_relation,0,0,0,False,,,,True,False,0.00012558401795104146,False,False
64,29,9223372567716091943,759250133,12148002571,8,"[2, 3, 5, 7, 11, 13, 17, 19]","[4, 9, 25, 49, 121, 169, 289, 361]",64,no_relation,0,0,0,no_relation,0,0,0,False,,,,True,False,0.00012654098100028932,False,False
64,30,9223372572271592741,759250133,12148002577,8,"[2, 3, 5, 7, 11, 13, 17, 19]","[4, 9, 25, 49, 121, 169, 289, 361]",64,no_relation,0,0,0,no_relation,0,0,0,False,,,,True,False,0.00012629199773073196,False,False
64,31,9223372584419594869,759250133,12148002593,8,"[2, 3, 5, 7, 11, 13, 17, 19]","[4, 9, 25, 49, 121, 169, 289, 361]",64,no_relation,0,0,0,no_relation,0,0,0,False,,,,True,False,0.00012620797497220337,False,False
64,32,9223372588975095667,759250133,12148002599,8,"[2, 3, 5, 7, 11, 13, 17, 19]","[4, 9, 25, 49, 121, 169, 289, 361]",64,no_relation,0,0,0,no_relation,0,0,0,False,,,,True,False,0.00013129098806530237,False,False
64,33,9223372598086097263,759250133,12148002611,8,"[2, 3, 5, 7, 11, 13, 17, 19]","[4, 9, 25, 49, 121, 169, 289, 361]",64,no_relation,0,0,0,no_relation,0,0,0,False,,,,True,False,0.00012716700439341366,False,False
64,34,9223372607197098859,759250133,12148002623,8,"[2, 3, 5, 7, 11, 13, 17, 19]","[4, 9, 25, 49, 121, 169, 289, 361]",64,no_relation,0,0,0,no_relation,0,0,0,False,,,,True,False,0.0001272499794140458,False,False
64,35,9223372617826600721,759250133,12148002637,8,"[2, 3, 5, 7, 11, 13, 17, 19]","[4, 9, 25, 49, 121, 169, 289, 361]",64,no_relation,0,0,0,no_relation,0,0,0,False,,,,True,False,0.0001290840154979378,False,False
64,36,9223372629974602849,759250133,12148002653,8,"[2, 3, 5, 7, 11, 13, 17, 19]","[4, 9, 25, 49, 121, 169, 289, 361]",64,no_relation,0,0,0,no_relation,0,0,0,False,,,,True,False,0.0001261669967789203,False,False
64,37,9223372645159605509,759250133,12148002673,8,"[2, 3, 5, 7, 11, 13, 17, 19]","[4, 9, 25, 49, 121, 169, 289, 361]",64,no_relation,0,0,0,no_relation,0,0,0,False,,,,True,False,0.00012533299741335213,False,False
64,38,9223372649715106307,759250133,12148002679,8,"[2, 3, 5, 7, 11, 13, 17, 19]","[4, 9, 25, 49, 121, 169, 289, 361]",64,no_relation,0,0,0,no_relation,0,0,0,False,,,,True,False,0.00012629100820049644,False,False
64,39,9223372670974110031,759250133,12148002707,8,"[2, 3, 5, 7, 11, 13, 17, 19]","[4, 9, 25, 49, 121, 169, 289, 361]",64,no_relation,0,0,0,no_relation,0,0,0,False,,,,True,False,0.00012533299741335213,False,False
64,40,9223372092425507011,759250139,12148001849,8,"[2, 3, 5, 7, 11, 13, 17, 19]","[4, 9, 25, 49, 121, 169, 289, 361]",64,no_relation,0,0,0,no_relation,0,0,0,False,,,,True,False,0.00012733298353850842,False,False
64,41,9223372124314012849,759250139,12148001891,8,"[2, 3, 5, 7, 11, 13, 17, 19]","[4, 9, 25, 49, 121, 169, 289, 361]",64,no_relation,0,0,0,no_relation,0,0,0,False,,,,True,False,0.0001253330265171826,False,False
64,42,9223372144054516463,759250139,12148001917,8,"[2, 3, 5, 7, 11, 13, 17, 19]","[4, 9, 25, 49, 121, 169, 289, 361]",64,no_relation,0,0,0,no_relation,0,0,0,False,,,,True,False,0.00012541702017188072,False,False
64,43,9223372162276519799,759250139,12148001941,8,"[2, 3, 5, 7, 11, 13, 17, 19]","[4, 9, 25, 49, 121, 169, 289, 361]",64,no_relation,0,0,0,no_relation,0,0,0,False,,,,True,False,0.00012645800597965717,False,False
64,44,9223372178980022857,759250139,12148001963,8,"[2, 3, 5, 7, 11, 13, 17, 19]","[4, 9, 25, 49, 121, 169, 289, 361]",64,no_relation,0,0,0,no_relation,0,0,0,False,,,,True,False,0.00012616600724868476,False,False
64,45,9223372242757034533,759250139,12148002047,8,"[2, 3, 5, 7, 11, 13, 17, 19]","[4, 9, 25, 49, 121, 169, 289, 361]",64,no_relation,0,0,0,no_relation,0,0,0,False,,,,True,False,0.00012654098100028932,False,False
64,46,9223372262497538147,759250139,12148002073,8,"[2, 3, 5, 7, 11, 13, 17, 19]","[4, 9, 25, 49, 121, 169, 289, 361]",64,no_relation,0,0,0,no_relation,0,0,0,False,,,,True,False,0.00012670797877945006,False,False
64,47,9223372283756542039,759250139,12148002101,8,"[2, 3, 5, 7, 11, 13, 17, 19]","[4, 9, 25, 49, 121, 169, 289, 361]",64,no_relation,0,0,0,no_relation,0,0,0,False,,,,True,False,0.00012558299931697547,False,False
64,48,9223372289830543151,759250139,12148002109,8,"[2, 3, 5, 7, 11, 13, 17, 19]","[4, 9, 25, 49, 121, 169, 289, 361]",64,no_relation,0,0,0,no_relation,0,0,0,False,,,,True,False,0.0001269579806830734,False,False
64,49,9223372306534046209,759250139,12148002131,8,"[2, 3, 5, 7, 11, 13, 17, 19]","[4, 9, 25, 49, 121, 169, 289, 361]",64,no_relation,0,0,0,no_relation,0,0,0,False,,,,True,False,0.00012974999845027924,False,False
64,50,9223372321719048989,759250139,12148002151,8,"[2, 3, 5, 7, 11, 13, 17, 19]","[4, 9, 25, 49, 121, 169, 289, 361]",64,no_relation,0,0,0,no_relation,0,0,0,False,,,,True,False,0.0001266250037588179,False,False
64,51,9223372335385551491,759250139,12148002169,8,"[2, 3, 5, 7, 11, 13, 17, 19]","[4, 9, 25, 49, 121, 169, 289, 361]",64,no_relation,0,0,0,no_relation,0,0,0,False,,,,True,False,0.00012545898789539933,False,False
64,52,9223372338422552047,759250139,12148002173,8,"[2, 3, 5, 7, 11, 13, 17, 19]","[4, 9, 25, 49, 121, 169, 289, 361]",64,no_relation,0,0,0,no_relation,0,0,0,False,,,,True,False,0.0001275000104214996,False,False
64,53,9223372353607554827,759250139,12148002193,8,"[2, 3, 5, 7, 11, 13, 17, 19]","[4, 9, 25, 49, 121, 169, 289, 361]",64,no_relation,0,0,0,no_relation,0,0,0,False,,,,True,False,0.00012620800407603383,False,False
64,54,9223372358163055661,759250139,12148002199,8,"[2, 3, 5, 7, 11, 13, 17, 19]","[4, 9, 25, 49, 121, 169, 289, 361]",64,no_relation,0,0,0,no_relation,0,0,0,False,,,,True,False,0.00012604199582710862,False,False
64,55,9223372424977067893,759250139,12148002287,8,"[2, 3, 5, 7, 11, 13, 17, 19]","[4, 9, 25, 49, 121, 169, 289, 361]",64,no_relation,0,0,0,no_relation,0,0,0,False,,,,True,False,0.0001245829917024821,False,False
64,56,9223372443199071229,759250139,12148002311,8,"[2, 3, 5, 7, 11, 13, 17, 19]","[4, 9, 25, 49, 121, 169, 289, 361]",64,no_relation,0,0,0,no_relation,0,0,0,False,,,,True,False,0.0001259580021724105,False,False
64,57,9223372458384074009,759250139,12148002331,8,"[2, 3, 5, 7, 11, 13, 17, 19]","[4, 9, 25, 49, 121, 169, 289, 361]",64,no_relation,0,0,0,no_relation,0,0,0,False,,,,True,False,0.00012508401414379478,False,False
64,58,9223372462939574843,759250139,12148002337,8,"[2, 3, 5, 7, 11, 13, 17, 19]","[4, 9, 25, 49, 121, 169, 289, 361]",64,no_relation,0,0,0,no_relation,0,0,0,False,,,,True,False,0.00012570800026878715,False,False
64,59,9223372475087577067,759250139,12148002353,8,"[2, 3, 5, 7, 11, 13, 17, 19]","[4, 9, 25, 49, 121, 169, 289, 361]",64,no_relation,0,0,0,no_relation,0,0,0,False,,,,True,False,0.00012608300312422216,False,False
64,60,9223372494828080681,759250139,12148002379,8,"[2, 3, 5, 7, 11, 13, 17, 19]","[4, 9, 25, 49, 121, 169, 289, 361]",64,no_relation,0,0,0,no_relation,0,0,0,False,,,,True,False,0.00012612499995157123,False,False
64,61,9223372502420582071,759250139,12148002389,8,"[2, 3, 5, 7, 11, 13, 17, 19]","[4, 9, 25, 49, 121, 169, 289, 361]",64,no_relation,0,0,0,no_relation,0,0,0,False,,,,True,False,0.00012666700058616698,False,False
64,62,9223372516087084573,759250139,12148002407,8,"[2, 3, 5, 7, 11, 13, 17, 19]","[4, 9, 25, 49, 121, 169, 289, 361]",64,no_relation,0,0,0,no_relation,0,0,0,False,,,,True,False,0.00012583300122059882,False,False
64,63,9223372526716586519,759250139,12148002421,8,"[2, 3, 5, 7, 11, 13, 17, 19]","[4, 9, 25, 49, 121, 169, 289, 361]",64,no_relation,0,0,0,no_relation,0,0,0,False,,,,True,False,0.00012754197814501822,False,False
64,64,9223372579864096249,759250139,12148002491,8,"[2, 3, 5, 7, 11, 13, 17, 19]","[4, 9, 25, 49, 121, 169, 289, 361]",64,no_relation,0,0,0,no_relation,0,0,0,False,,,,True,False,0.0001263330050278455,False,False
64,65,9223372584419597083,759250139,12148002497,8,"[2, 3, 5, 7, 11, 13, 17, 19]","[4, 9, 25, 49, 121, 169, 289, 361]",64,no_relation,0,0,0,no_relation,0,0,0,False,,,,True,False,0.00012579199392348528,False,False
64,66,9223372585938097361,759250139,12148002499,8,"[2, 3, 5, 7, 11, 13, 17, 19]","[4, 9, 25, 49, 121, 169, 289, 361]",64,no_relation,0,0,0,no_relation,0,0,0,False,,,,True,False,0.00012641699868254364,False,False
64,67,9223372593530598751,759250139,12148002509,8,"[2, 3, 5, 7, 11, 13, 17, 19]","[4, 9, 25, 49, 121, 169, 289, 361]",64,no_relation,0,0,0,no_relation,0,0,0,False,,,,True,False,0.00012529100058600307,False,False
64,68,9223372607197101253,759250139,12148002527,8,"[2, 3, 5, 7, 11, 13, 17, 19]","[4, 9, 25, 49, 121, 169, 289, 361]",64,no_relation,0,0,0,no_relation,0,0,0,False,,,,True,False,0.00012562499614432454,False,False
64,69,9223372616308102921,759250139,12148002539,8,"[2, 3, 5, 7, 11, 13, 17, 19]","[4, 9, 25, 49, 121, 169, 289, 361]",64,no_relation,0,0,0,no_relation,0,0,0,False,,,,True,False,0.00012512499233707786,False,False
64,70,9223372640604107369,759250139,12148002571,8,"[2, 3, 5, 7, 11, 13, 17, 19]","[4, 9, 25, 49, 121, 169, 289, 361]",64,no_relation,0,0,0,no_relation,0,0,0,False,,,,True,False,0.0001253749942407012,False,False
64,71,9223372645159608203,759250139,12148002577,8,"[2, 3, 5, 7, 11, 13, 17, 19]","[4, 9, 25, 49, 121, 169, 289, 361]",64,no_relation,0,0,0,no_relation,0,0,0,False,,,,True,False,0.00012675000471062958,False,False
64,72,9223372657307610427,759250139,12148002593,8,"[2, 3, 5, 7, 11, 13, 17, 19]","[4, 9, 25, 49, 121, 169, 289, 361]",64,no_relation,0,0,0,no_relation,0,0,0,False,,,,True,False,0.0001243339793290943,False,False
64,73,9223372661863111261,759250139,12148002599,8,"[2, 3, 5, 7, 11, 13, 17, 19]","[4, 9, 25, 49, 121, 169, 289, 361]",64,no_relation,0,0,0,no_relation,0,0,0,False,,,,True,False,0.0001264589955098927,False,False
64,74,9223372670974112929,759250139,12148002611,8,"[2, 3, 5, 7, 11, 13, 17, 19]","[4, 9, 25, 49, 121, 169, 289, 361]",64,no_relation,0,0,0,no_relation,0,0,0,False,,,,True,False,0.00012650000280700624,False,False
64,75,9223372680085114597,759250139,12148002623,8,"[2, 3, 5, 7, 11, 13, 17, 19]","[4, 9, 25, 49, 121, 169, 289, 361]",64,no_relation,0,0,0,no_relation,0,0,0,False,,,,True,False,0.0001280419819522649,False,False
64,76,9223372690714616543,759250139,12148002637,8,"[2, 3, 5, 7, 11, 13, 17, 19]","[4, 9, 25, 49, 121, 169, 289, 361]",64,no_relation,0,0,0,no_relation,0,0,0,False,,,,True,False,0.00012816599337384105,False,False
64,77,9223372702862618767,759250139,12148002653,8,"[2, 3, 5, 7, 11, 13, 17, 19]","[4, 9, 25, 49, 121, 169, 289, 361]",64,no_relation,0,0,0,no_relation,0,0,0,False,,,,True,False,0.00012429198250174522,False,False
64,78,9223372718047621547,759250139,12148002673,8,"[2, 3, 5, 7, 11, 13, 17, 19]","[4, 9, 25, 49, 121, 169, 289, 361]",64,no_relation,0,0,0,no_relation,0,0,0,False,,,,True,False,0.00012595902080647647,False,False
64,79,9223372722603122381,759250139,12148002679,8,"[2, 3, 5, 7, 11, 13, 17, 19]","[4, 9, 25, 49, 121, 169, 289, 361]",64,no_relation,0,0,0,no_relation,0,0,0,False,,,,True,False,0.00012970800162293017,False,False
64,80,9223372045351993873,759250147,12148001659,8,"[2, 3, 5, 7, 11, 13, 17, 19]","[4, 9, 25, 49, 121, 169, 289, 361]",64,no_relation,0,0,0,no_relation,0,0,0,False,,,,True,False,0.00012479099677875638,False,False
64,81,9223372071166498871,759250147,12148001693,8,"[2, 3, 5, 7, 11, 13, 17, 19]","[4, 9, 25, 49, 121, 169, 289, 361]",64,no_relation,0,0,0,no_relation,0,0,0,False,,,,True,False,0.0001261669967789203,False,False
64,82,9223372084833001517,759250147,12148001711,8,"[2, 3, 5, 7, 11, 13, 17, 19]","[4, 9, 25, 49, 121, 169, 289, 361]",64,no_relation,0,0,0,no_relation,0,0,0,False,,,,True,False,0.0001297919952776283,False,False
64,83,9223372107610505927,759250147,12148001741,8,"[2, 3, 5, 7, 11, 13, 17, 19]","[4, 9, 25, 49, 121, 169, 289, 361]",64,no_relation,0,0,0,no_relation,0,0,0,False,,,,True,False,0.0001417500025127083,False,False
64,84,9223372109129006221,759250147,12148001743,8,"[2, 3, 5, 7, 11, 13, 17, 19]","[4, 9, 25, 49, 121, 169, 289, 361]",64,no_relation,0,0,0,no_relation,0,0,0,False,,,,True,False,0.00013904098886996508,False,False
64,85,9223372131906510631,759250147,12148001773,8,"[2, 3, 5, 7, 11, 13, 17, 19]","[4, 9, 25, 49, 121, 169, 289, 361]",64,no_relation,0,0,0,no_relation,0,0,0,False,,,,True,False,0.00012854099622927606,False,False
64,86,9223372189609521803,759250147,12148001849,8,"[2, 3, 5, 7, 11, 13, 17, 19]","[4, 9, 25, 49, 121, 169, 289, 361]",64,no_relation,0,0,0,no_relation,0,0,0,False,,,,True,False,0.00012770801549777389,False,False
64,87,9223372221498027977,759250147,12148001891,8,"[2, 3, 5, 7, 11, 13, 17, 19]","[4, 9, 25, 49, 121, 169, 289, 361]",64,no_relation,0,0,0,no_relation,0,0,0,False,,,,True,False,0.00013091598520986736,False,False
64,88,9223372241238531799,759250147,12148001917,8,"[2, 3, 5, 7, 11, 13, 17, 19]","[4, 9, 25, 49, 121, 169, 289, 361]",64,no_relation,0,0,0,no_relation,0,0,0,False,,,,True,False,0.0001255410024896264,False,False
64,89,9223372259460535327,759250147,12148001941,8,"[2, 3, 5, 7, 11, 13, 17, 19]","[4, 9, 25, 49, 121, 169, 289, 361]",64,no_relation,0,0,0,no_relation,0,0,0,False,,,,True,False,0.00012679200153797865,False,False
64,90,9223372276164038561,759250147,12148001963,8,"[2, 3, 5, 7, 11, 13, 17, 19]","[4, 9, 25, 49, 121, 169, 289, 361]",64,no_relation,0,0,0,no_relation,0,0,0,False,,,,True,False,0.00012541600153781474,False,False
64,91,9223372339941050909,759250147,12148002047,8,"[2, 3, 5, 7, 11, 13, 17, 19]","[4, 9, 25, 49, 121, 169, 289, 361]",64,no_relation,0,0,0,no_relation,0,0,0,False,,,,True,False,0.00012866701581515372,False,False
64,92,9223372359681554731,759250147,12148002073,8,"[2, 3, 5, 7, 11, 13, 17, 19]","[4, 9, 25, 49, 121, 169, 289, 361]",64,no_relation,0,0,0,no_relation,0,0,0,False,,,,True,False,0.00012550002429634333,False,False
64,93,9223372380940558847,759250147,12148002101,8,"[2, 3, 5, 7, 11, 13, 17, 19]","[4, 9, 25, 49, 121, 169, 289, 361]",64,no_relation,0,0,0,no_relation,0,0,0,False,,,,True,False,0.00012558299931697547,False,False
64,94,9223372387014560023,759250147,12148002109,8,"[2, 3, 5, 7, 11, 13, 17, 19]","[4, 9, 25, 49, 121, 169, 289, 361]",64,no_relation,0,0,0,no_relation,0,0,0,False,,,,True,False,0.00012416599201969802,False,False
64,95,9223372403718063257,759250147,12148002131,8,"[2, 3, 5, 7, 11, 13, 17, 19]","[4, 9, 25, 49, 121, 169, 289, 361]",64,no_relation,0,0,0,no_relation,0,0,0,False,,,,True,False,0.00012595899170264602,False,False
64,96,9223372418903066197,759250147,12148002151,8,"[2, 3, 5, 7, 11, 13, 17, 19]","[4, 9, 25, 49, 121, 169, 289, 361]",64,no_relation,0,0,0,no_relation,0,0,0,False,,,,True,False,0.00012579100439324975,False,False
64,97,9223372432569568843,759250147,12148002169,8,"[2, 3, 5, 7, 11, 13, 17, 19]","[4, 9, 25, 49, 121, 169, 289, 361]",64,no_relation,0,0,0,no_relation,0,0,0,False,,,,True,False,0.00012566597433760762,False,False
64,98,9223372435606569431,759250147,12148002173,8,"[2, 3, 5, 7, 11, 13, 17, 19]","[4, 9, 25, 49, 121, 169, 289, 361]",64,no_relation,0,0,0,no_relation,0,0,0,False,,,,True,False,0.0001248749904334545,False,False
64,99,9223372450791572371,759250147,12148002193,8,"[2, 3, 5, 7, 11, 13, 17, 19]","[4, 9, 25, 49, 121, 169, 289, 361]",64,no_relation,0,0,0,no_relation,0,0,0,False,,,,True,False,0.00012483299360610545,False,False
96,0,39614081257132261289535892661,49758216191633,796131459065317,10,"[2, 3, 5, 7, 11, 13, 17, 19, 23, 29]","[4, 9, 25, 49, 121, 169, 289, 361, 529, 841]",64,no_relation,0,0,0,no_relation,0,0,0,False,,,,True,False,0.00017029099399223924,False,False
96,1,39614081257132858388130192257,49758216191633,796131459065329,10,"[2, 3, 5, 7, 11, 13, 17, 19, 23, 29]","[4, 9, 25, 49, 121, 169, 289, 361, 529, 841]",64,no_relation,0,0,0,no_relation,0,0,0,False,,,,True,False,0.00016466600936837494,False,False
96,2,39614081257134351134615941247,49758216191633,796131459065359,10,"[2, 3, 5, 7, 11, 13, 17, 19, 23, 29]","[4, 9, 25, 49, 121, 169, 289, 361, 529, 841]",64,no_relation,0,0,0,no_relation,0,0,0,False,,,,True,False,0.0001619999820832163,False,False
96,3,39614081257138729857640804951,49758216191633,796131459065447,10,"[2, 3, 5, 7, 11, 13, 17, 19, 23, 29]","[4, 9, 25, 49, 121, 169, 289, 361, 529, 841]",64,no_relation,0,0,0,no_relation,0,0,0,False,,,,True,False,0.00016008300008252263,False,False
96,4,39614081257144203261421884581,49758216191633,796131459065557,10,"[2, 3, 5, 7, 11, 13, 17, 19, 23, 29]","[4, 9, 25, 49, 121, 169, 289, 361, 529, 841]",64,no_relation,0,0,0,no_relation,0,0,0,False,,,,True,False,0.00015841700951568782,False,False
96,5,39614081257145696007907633571,49758216191633,796131459065587,10,"[2, 3, 5, 7, 11, 13, 17, 19, 23, 29]","[4, 9, 25, 49, 121, 169, 289, 361, 529, 841]",64,no_relation,0,0,0,no_relation,0,0,0,False,,,,True,False,0.00016037499881349504,False,False
96,6,39614081257146193590069549901,49758216191633,796131459065597,10,"[2, 3, 5, 7, 11, 13, 17, 19, 23, 29]","[4, 9, 25, 49, 121, 169, 289, 361, 529, 841]",64,no_relation,0,0,0,no_relation,0,0,0,False,,,,True,False,0.0001601249969098717,False,False
96,7,39614081257147686336555298891,49758216191633,796131459065627,10,"[2, 3, 5, 7, 11, 13, 17, 19, 23, 29]","[4, 9, 25, 49, 121, 169, 289, 361, 529, 841]",64,no_relation,0,0,0,no_relation,0,0,0,False,,,,True,False,0.00015987499500624835,False,False
96,8,39614081257147984885852448689,49758216191633,796131459065633,10,"[2, 3, 5, 7, 11, 13, 17, 19, 23, 29]","[4, 9, 25, 49, 121, 169, 289, 361, 529, 841]",64,no_relation,0,0,0,no_relation,0,0,0,False,,,,True,False,0.0001608339953236282,False,False
96,9,39614081257148382951581981753,49758216191633,796131459065641,10,"[2, 3, 5, 7, 11, 13, 17, 19, 23, 29]","[4, 9, 25, 49, 121, 169, 289, 361, 529, 841]",64,no_relation,0,0,0,no_relation,0,0,0,False,,,,True,False,0.00016024999786168337,False,False
96,10,39614081257148880533743898083,49758216191633,796131459065651,10,"[2, 3, 5, 7, 11, 13, 17, 19, 23, 29]","[4, 9, 25, 49, 121, 169, 289, 361, 529, 841]",64,no_relation,0,0,0,no_relation,0,0,0,False,,,,True,False,0.0001590839819982648,False,False
96,11,39614081257151268928121096467,49758216191633,796131459065699,10,"[2, 3, 5, 7, 11, 13, 17, 19, 23, 29]","[4, 9, 25, 49, 121, 169, 289, 361, 529, 841]",64,no_relation,0,0,0,no_relation,0,0,0,False,,,,True,False,0.00015908302157185972,False,False
96,12,39614081257153458289633528319,49758216191633,796131459065743,10,"[2, 3, 5, 7, 11, 13, 17, 19, 23, 29]","[4, 9, 25, 49, 121, 169, 289, 361, 529, 841]",64,no_relation,0,0,0,no_relation,0,0,0,False,,,,True,False,0.000160708004841581,False,False
96,13,39614081257156145233307876501,49758216191633,796131459065797,10,"[2, 3, 5, 7, 11, 13, 17, 19, 23, 29]","[4, 9, 25, 49, 121, 169, 289, 361, 529, 841]",64,no_relation,0,0,0,no_relation,0,0,0,False,,,,True,False,0.00015954201808199286,False,False
96,14,39614081257157239914064092427,49758216191633,796131459065819,10,"[2, 3, 5, 7, 11, 13, 17, 19, 23, 29]","[4, 9, 25, 49, 121, 169, 289, 361, 529, 841]",64,no_relation,0,0,0,no_relation,0,0,0,False,,,,True,False,0.0001580420066602528,False,False
96,15,39614081257157637979793625491,49758216191633,796131459065827,10,"[2, 3, 5, 7, 11, 13, 17, 19, 23, 29]","[4, 9, 25, 49, 121, 169, 289, 361, 529, 841]",64,no_relation,0,0,0,no_relation,0,0,0,False,,,,True,False,0.00016075000166893005,False,False
96,16,39614081257159130726279374481,49758216191633,796131459065857,10,"[2, 3, 5, 7, 11, 13, 17, 19, 23, 29]","[4, 9, 25, 49, 121, 169, 289, 361, 529, 841]",64,no_relation,0,0,0,no_relation,0,0,0,False,,,,True,False,0.00015974999405443668,False,False
96,17,39614081257159727824873674077,49758216191633,796131459065869,10,"[2, 3, 5, 7, 11, 13, 17, 19, 23, 29]","[4, 9, 25, 49, 121, 169, 289, 361, 529, 841]",64,no_relation,0,0,0,no_relation,0,0,0,False,,,,True,False,0.00015841700951568782,False,False
96,18,39614081257169579951679617411,49758216191633,796131459066067,10,"[2, 3, 5, 7, 11, 13, 17, 19, 23, 29]","[4, 9, 25, 49, 121, 169, 289, 361, 529, 841]",64,no_relation,0,0,0,no_relation,0,0,0,False,,,,True,False,0.00015770798199810088,False,False
96,19,39614081257171371247462516199,49758216191633,796131459066103,10,"[2, 3, 5, 7, 11, 13, 17, 19, 23, 29]","[4, 9, 25, 49, 121, 169, 289, 361, 529, 841]",64,no_relation,0,0,0,no_relation,0,0,0,False,,,,True,False,0.00015924999024719,False,False
96,20,39614081257173660125407331317,49758216191633,796131459066149,10,"[2, 3, 5, 7, 11, 13, 17, 19, 23, 29]","[4, 9, 25, 49, 121, 169, 289, 361, 529, 841]",64,no_relation,0,0,0,no_relation,0,0,0,False,,,,True,False,0.00015949999215081334,False,False
96,21,39614081257174257224001630913,49758216191633,796131459066161,10,"[2, 3, 5, 7, 11, 13, 17, 19, 23, 29]","[4, 9, 25, 49, 121, 169, 289, 361, 529, 841]",64,no_relation,0,0,0,no_relation,0,0,0,False,,,,True,False,0.00015891698421910405,False,False
96,22,39614081257174655289731163977,49758216191633,796131459066169,10,"[2, 3, 5, 7, 11, 13, 17, 19, 23, 29]","[4, 9, 25, 49, 121, 169, 289, 361, 529, 841]",64,no_relation,0,0,0,no_relation,0,0,0,False,,,,True,False,0.00015850001364015043,False,False
96,23,39614081257178138364864578287,49758216191633,796131459066239,10,"[2, 3, 5, 7, 11, 13, 17, 19, 23, 29]","[4, 9, 25, 49, 121, 169, 289, 361, 529, 841]",64,no_relation,0,0,0,no_relation,0,0,0,False,,,,True,False,0.0001602910051587969,False,False
96,24,39614081257178237881296961553,49758216191633,796131459066241,10,"[2, 3, 5, 7, 11, 13, 17, 19, 23, 29]","[4, 9, 25, 49, 121, 169, 289, 361, 529, 841]",64,no_relation,0,0,0,no_relation,0,0,0,False,,,,True,False,0.00015999999595806003,False,False
96,25,39614081257179133529188410947,49758216191633,796131459066259,10,"[2, 3, 5, 7, 11, 13, 17, 19, 23, 29]","[4, 9, 25, 49, 121, 169, 289, 361, 529, 841]",64,no_relation,0,0,0,no_relation,0,0,0,False,,,,True,False,0.00016008300008252263,False,False
96,26,39614081257179332562053177479,49758216191633,796131459066263,10,"[2, 3, 5, 7, 11, 13, 17, 19, 23, 29]","[4, 9, 25, 49, 121, 169, 289, 361, 529, 841]",64,no_relation,0,0,0,no_relation,0,0,0,False,,,,True,False,0.0001621670089662075,False,False
96,27,39614081257186000163022856301,49758216191633,796131459066397,10,"[2, 3, 5, 7, 11, 13, 17, 19, 23, 29]","[4, 9, 25, 49, 121, 169, 289, 361, 529, 841]",64,no_relation,0,0,0,no_relation,0,0,0,False,,,,True,False,0.0001616249792277813,False,False
96,28,39614081257186497745184772631,49758216191633,796131459066407,10,"[2, 3, 5, 7, 11, 13, 17, 19, 23, 29]","[4, 9, 25, 49, 121, 169, 289, 361, 529, 841]",64,no_relation,0,0,0,no_relation,0,0,0,False,,,,True,False,0.0001590000174473971,False,False
96,29,39614081257192170181830618793,49758216191633,796131459066521,10,"[2, 3, 5, 7, 11, 13, 17, 19, 23, 29]","[4, 9, 25, 49, 121, 169, 289, 361, 529, 841]",64,no_relation,0,0,0,no_relation,0,0,0,False,,,,True,False,0.00015874998643994331,False,False
96,30,39614081257193463895451601251,49758216191633,796131459066547,10,"[2, 3, 5, 7, 11, 13, 17, 19, 23, 29]","[4, 9, 25, 49, 121, 169, 289, 361, 529, 841]",64,no_relation,0,0,0,no_relation,0,0,0,False,,,,True,False,0.00015970799722708762,False,False
96,31,39614081257194260026910667379,49758216191633,796131459066563,10,"[2, 3, 5, 7, 11, 13, 17, 19, 23, 29]","[4, 9, 25, 49, 121, 169, 289, 361, 529, 841]",64,no_relation,0,0,0,no_relation,0,0,0,False,,,,True,False,0.0001620410184841603,False,False
96,32,39614081257195553740531649837,49758216191633,796131459066589,10,"[2, 3, 5, 7, 11, 13, 17, 19, 23, 29]","[4, 9, 25, 49, 121, 169, 289, 361, 529, 841]",64,no_relation,0,0,0,no_relation,0,0,0,False,,,,True,False,0.00015841698041185737,False,False
96,33,39614081257196747937720249029,49758216191633,796131459066613,10,"[2, 3, 5, 7, 11, 13, 17, 19, 23, 29]","[4, 9, 25, 49, 121, 169, 289, 361, 529, 841]",64,no_relation,0,0,0,no_relation,0,0,0,False,,,,True,False,0.00016395901911891997,False,False
96,34,39614081257201126660745112733,49758216191633,796131459066701,10,"[2, 3, 5, 7, 11, 13, 17, 19, 23, 29]","[4, 9, 25, 49, 121, 169, 289, 361, 529, 841]",64,no_relation,0,0,0,no_relation,0,0,0,False,,,,True,False,0.00015954099944792688,False,False
96,35,39614081257203017472960394787,49758216191633,796131459066739,10,"[2, 3, 5, 7, 11, 13, 17, 19, 23, 29]","[4, 9, 25, 49, 121, 169, 289, 361, 529, 841]",64,no_relation,0,0,0,no_relation,0,0,0,False,,,,True,False,0.00016054199659265578,False,False
96,36,39614081257203614571554694383,49758216191633,796131459066751,10,"[2, 3, 5, 7, 11, 13, 17, 19, 23, 29]","[4, 9, 25, 49, 121, 169, 289, 361, 529, 841]",64,no_relation,0,0,0,no_relation,0,0,0,False,,,,True,False,0.00015883299056440592,False,False
96,37,39614081257204112153716610713,49758216191633,796131459066761,10,"[2, 3, 5, 7, 11, 13, 17, 19, 23, 29]","[4, 9, 25, 49, 121, 169, 289, 361, 529, 841]",64,no_relation,0,0,0,no_relation,0,0,0,False,,,,True,False,0.00015812501078471541,False,False
96,38,39614081257204410703013760511,49758216191633,796131459066767,10,"[2, 3, 5, 7, 11, 13, 17, 19, 23, 29]","[4, 9, 25, 49, 121, 169, 289, 361, 529, 841]",64,no_relation,0,0,0,no_relation,0,0,0,False,,,,True,False,0.00016008300008252263,False,False
96,39,39614081257205704416634742969,49758216191633,796131459066793,10,"[2, 3, 5, 7, 11, 13, 17, 19, 23, 29]","[4, 9, 25, 49, 121, 169, 289, 361, 529, 841]",64,no_relation,0,0,0,no_relation,0,0,0,False,,,,True,False,0.00016041600611060858,False,False
96,40,39614081257135644848236910167,49758216191647,796131459065161,10,"[2, 3, 5, 7, 11, 13, 17, 19, 23, 29]","[4, 9, 25, 49, 121, 169, 289, 361, 529, 841]",64,no_relation,0,0,0,no_relation,0,0,0,False,,,,True,False,0.00015700000221841037,False,False
96,41,39614081257136540496128359813,49758216191647,796131459065179,10,"[2, 3, 5, 7, 11, 13, 17, 19, 23, 29]","[4, 9, 25, 49, 121, 169, 289, 361, 529, 841]",64,no_relation,0,0,0,no_relation,0,0,0,False,,,,True,False,0.00015891599468886852,False,False
96,42,39614081257136739528993126401,49758216191647,796131459065183,10,"[2, 3, 5, 7, 11, 13, 17, 19, 23, 29]","[4, 9, 25, 49, 121, 169, 289, 361, 529, 841]",64,no_relation,0,0,0,no_relation,0,0,0,False,,,,True,False,0.00016087500262074172,False,False
96,43,39614081257138033242614109223,49758216191647,796131459065209,10,"[2, 3, 5, 7, 11, 13, 17, 19, 23, 29]","[4, 9, 25, 49, 121, 169, 289, 361, 529, 841]",64,no_relation,0,0,0,no_relation,0,0,0,False,,,,True,False,0.00015995799913071096,False,False
96,44,39614081257138630341208408987,49758216191647,796131459065221,10,"[2, 3, 5, 7, 11, 13, 17, 19, 23, 29]","[4, 9, 25, 49, 121, 169, 289, 361, 529, 841]",64,no_relation,0,0,0,no_relation,0,0,0,False,,,,True,False,0.00015891602379269898,False,False
96,45,39614081257139426472667475339,49758216191647,796131459065237,10,"[2, 3, 5, 7, 11, 13, 17, 19, 23, 29]","[4, 9, 25, 49, 121, 169, 289, 361, 529, 841]",64,no_relation,0,0,0,no_relation,0,0,0,False,,,,True,False,0.00016087500262074172,False,False
96,46,39614081257143407129962807099,49758216191647,796131459065317,10,"[2, 3, 5, 7, 11, 13, 17, 19, 23, 29]","[4, 9, 25, 49, 121, 169, 289, 361, 529, 841]",64,no_relation,0,0,0,no_relation,0,0,0,False,,,,True,False,0.00015862498548813164,False,False
96,47,39614081257144004228557106863,49758216191647,796131459065329,10,"[2, 3, 5, 7, 11, 13, 17, 19, 23, 29]","[4, 9, 25, 49, 121, 169, 289, 361, 529, 841]",64,no_relation,0,0,0,no_relation,0,0,0,False,,,,True,False,0.00015987499500624835,False,False
96,48,39614081257145496975042856273,49758216191647,796131459065359,10,"[2, 3, 5, 7, 11, 13, 17, 19, 23, 29]","[4, 9, 25, 49, 121, 169, 289, 361, 529, 841]",64,no_relation,0,0,0,no_relation,0,0,0,False,,,,True,False,0.00016162500833161175,False,False
96,49,39614081257149875698067721209,49758216191647,796131459065447,10,"[2, 3, 5, 7, 11, 13, 17, 19, 23, 29]","[4, 9, 25, 49, 121, 169, 289, 361, 529, 841]",64,no_relation,0,0,0,no_relation,0,0,0,False,,,,True,False,0.00015974999405443668,False,False
96,50,39614081257155349101848802379,49758216191647,796131459065557,10,"[2, 3, 5, 7, 11, 13, 17, 19, 23, 29]","[4, 9, 25, 49, 121, 169, 289, 361, 529, 841]",64,no_relation,0,0,0,no_relation,0,0,0,False,,,,True,False,0.00016066699754446745,False,False
96,51,39614081257156841848334551789,49758216191647,796131459065587,10,"[2, 3, 5, 7, 11, 13, 17, 19, 23, 29]","[4, 9, 25, 49, 121, 169, 289, 361, 529, 841]",64,no_relation,0,0,0,no_relation,0,0,0,False,,,,True,False,0.00016300001880154014,False,False
96,52,39614081257157339430496468259,49758216191647,796131459065597,10,"[2, 3, 5, 7, 11, 13, 17, 19, 23, 29]","[4, 9, 25, 49, 121, 169, 289, 361, 529, 841]",64,no_relation,0,0,0,no_relation,0,0,0,False,,,,True,False,0.00015695797628723085,False,False
96,53,39614081257158832176982217669,49758216191647,796131459065627,10,"[2, 3, 5, 7, 11, 13, 17, 19, 23, 29]","[4, 9, 25, 49, 121, 169, 289, 361, 529, 841]",64,no_relation,0,0,0,no_relation,0,0,0,False,,,,True,False,0.00015841700951568782,False,False
96,54,39614081257159130726279367551,49758216191647,796131459065633,10,"[2, 3, 5, 7, 11, 13, 17, 19, 23, 29]","[4, 9, 25, 49, 121, 169, 289, 361, 529, 841]",64,no_relation,0,0,0,no_relation,0,0,0,False,,,,True,False,0.00015958398580551147,False,False
96,55,39614081257159528792008900727,49758216191647,796131459065641,10,"[2, 3, 5, 7, 11, 13, 17, 19, 23, 29]","[4, 9, 25, 49, 121, 169, 289, 361, 529, 841]",64,no_relation,0,0,0,no_relation,0,0,0,False,,,,True,False,0.00015954099944792688,False,False
96,56,39614081257160026374170817197,49758216191647,796131459065651,10,"[2, 3, 5, 7, 11, 13, 17, 19, 23, 29]","[4, 9, 25, 49, 121, 169, 289, 361, 529, 841]",64,no_relation,0,0,0,no_relation,0,0,0,False,,,,True,False,0.0001746250200085342,False,False
96,57,39614081257162414768548016253,49758216191647,796131459065699,10,"[2, 3, 5, 7, 11, 13, 17, 19, 23, 29]","[4, 9, 25, 49, 121, 169, 289, 361, 529, 841]",64,no_relation,0,0,0,no_relation,0,0,0,False,,,,True,False,0.00016862500342540443,False,False
96,58,39614081257164604130060448721,49758216191647,796131459065743,10,"[2, 3, 5, 7, 11, 13, 17, 19, 23, 29]","[4, 9, 25, 49, 121, 169, 289, 361, 529, 841]",64,no_relation,0,0,0,no_relation,0,0,0,False,,,,True,False,0.00016458300524391234,False,False
96,59,39614081257167291073734797659,49758216191647,796131459065797,10,"[2, 3, 5, 7, 11, 13, 17, 19, 23, 29]","[4, 9, 25, 49, 121, 169, 289, 361, 529, 841]",64,no_relation,0,0,0,no_relation,0,0,0,False,,,,True,False,0.00016162500833161175,False,False
96,60,39614081257168385754491013893,49758216191647,796131459065819,10,"[2, 3, 5, 7, 11, 13, 17, 19, 23, 29]","[4, 9, 25, 49, 121, 169, 289, 361, 529, 841]",64,no_relation,0,0,0,no_relation,0,0,0,False,,,,True,False,0.00016645900905132294,False,False
96,61,39614081257168783820220547069,49758216191647,796131459065827,10,"[2, 3, 5, 7, 11, 13, 17, 19, 23, 29]","[4, 9, 25, 49, 121, 169, 289, 361, 529, 841]",64,no_relation,0,0,0,no_relation,0,0,0,False,,,,True,False,0.0001622500130906701,False,False
96,62,39614081257170276566706296479,49758216191647,796131459065857,10,"[2, 3, 5, 7, 11, 13, 17, 19, 23, 29]","[4, 9, 25, 49, 121, 169, 289, 361, 529, 841]",64,no_relation,0,0,0,no_relation,0,0,0,False,,,,True,False,0.00016141700325533748,False,False
96,63,39614081257170873665300596243,49758216191647,796131459065869,10,"[2, 3, 5, 7, 11, 13, 17, 19, 23, 29]","[4, 9, 25, 49, 121, 169, 289, 361, 529, 841]",64,no_relation,0,0,0,no_relation,0,0,0,False,,,,True,False,0.0001613750064279884,False,False
96,64,39614081257180725792106542349,49758216191647,796131459066067,10,"[2, 3, 5, 7, 11, 13, 17, 19, 23, 29]","[4, 9, 25, 49, 121, 169, 289, 361, 529, 841]",64,no_relation,0,0,0,no_relation,0,0,0,False,,,,True,False,0.00016224998398683965,False,False
96,65,39614081257182517087889441641,49758216191647,796131459066103,10,"[2, 3, 5, 7, 11, 13, 17, 19, 23, 29]","[4, 9, 25, 49, 121, 169, 289, 361, 529, 841]",64,no_relation,0,0,0,no_relation,0,0,0,False,,,,True,False,0.0002666249929461628,False,False
96,66,39614081257184805965834257403,49758216191647,796131459066149,10,"[2, 3, 5, 7, 11, 13, 17, 19, 23, 29]","[4, 9, 25, 49, 121, 169, 289, 361, 529, 841]",64,no_relation,0,0,0,no_relation,0,0,0,False,,,,True,False,0.00017487499280832708,False,False
96,67,39614081257185403064428557167,49758216191647,796131459066161,10,"[2, 3, 5, 7, 11, 13, 17, 19, 23, 29]","[4, 9, 25, 49, 121, 169, 289, 361, 529, 841]",64,no_relation,0,0,0,no_relation,0,0,0,False,,,,True,False,0.0001645419979467988,False,False
96,68,39614081257185801130158090343,49758216191647,796131459066169,10,"[2, 3, 5, 7, 11, 13, 17, 19, 23, 29]","[4, 9, 25, 49, 121, 169, 289, 361, 529, 841]",64,no_relation,0,0,0,no_relation,0,0,0,False,,,,True,False,0.00016270802007056773,False,False
96,69,39614081257189284205291505633,49758216191647,796131459066239,10,"[2, 3, 5, 7, 11, 13, 17, 19, 23, 29]","[4, 9, 25, 49, 121, 169, 289, 361, 529, 841]",64,no_relation,0,0,0,no_relation,0,0,0,False,,,,True,False,0.0001627919846214354,False,False
96,70,39614081257189383721723888927,49758216191647,796131459066241,10,"[2, 3, 5, 7, 11, 13, 17, 19, 23, 29]","[4, 9, 25, 49, 121, 169, 289, 361, 529, 841]",64,no_relation,0,0,0,no_relation,0,0,0,False,,,,True,False,0.00016158301150426269,False,False
96,71,39614081257190279369615338573,49758216191647,796131459066259,10,"[2, 3, 5, 7, 11, 13, 17, 19, 23, 29]","[4, 9, 25, 49, 121, 169, 289, 361, 529, 841]",64,no_relation,0,0,0,no_relation,0,0,0,False,,,,True,False,0.00016320799477398396,False,False
96,72,39614081257190478402480105161,49758216191647,796131459066263,10,"[2, 3, 5, 7, 11, 13, 17, 19, 23, 29]","[4, 9, 25, 49, 121, 169, 289, 361, 529, 841]",64,no_relation,0,0,0,no_relation,0,0,0,False,,,,True,False,0.0001672919897828251,False,False
96,73,39614081257197146003449785859,49758216191647,796131459066397,10,"[2, 3, 5, 7, 11, 13, 17, 19, 23, 29]","[4, 9, 25, 49, 121, 169, 289, 361, 529, 841]",64,no_relation,0,0,0,no_relation,0,0,0,False,,,,True,False,0.00015795801300555468,False,False
96,74,39614081257197643585611702329,49758216191647,796131459066407,10,"[2, 3, 5, 7, 11, 13, 17, 19, 23, 29]","[4, 9, 25, 49, 121, 169, 289, 361, 529, 841]",64,no_relation,0,0,0,no_relation,0,0,0,False,,,,True,False,0.0001627919846214354,False,False
96,75,39614081257203316022257550087,49758216191647,796131459066521,10,"[2, 3, 5, 7, 11, 13, 17, 19, 23, 29]","[4, 9, 25, 49, 121, 169, 289, 361, 529, 841]",64,no_relation,0,0,0,no_relation,0,0,0,False,,,,True,False,0.0001602080010343343,False,False
96,76,39614081257204609735878532909,49758216191647,796131459066547,10,"[2, 3, 5, 7, 11, 13, 17, 19, 23, 29]","[4, 9, 25, 49, 121, 169, 289, 361, 529, 841]",64,no_relation,0,0,0,no_relation,0,0,0,False,,,,True,False,0.00016075000166893005,False,False
96,77,39614081257205405867337599261,49758216191647,796131459066563,10,"[2, 3, 5, 7, 11, 13, 17, 19, 23, 29]","[4, 9, 25, 49, 121, 169, 289, 361, 529, 841]",64,no_relation,0,0,0,no_relation,0,0,0,False,,,,True,False,0.00016070902347564697,False,False
96,78,39614081257206699580958582083,49758216191647,796131459066589,10,"[2, 3, 5, 7, 11, 13, 17, 19, 23, 29]","[4, 9, 25, 49, 121, 169, 289, 361, 529, 841]",64,no_relation,0,0,0,no_relation,0,0,0,False,,,,True,False,0.0001635410008020699,False,False
96,79,39614081257207893778147181611,49758216191647,796131459066613,10,"[2, 3, 5, 7, 11, 13, 17, 19, 23, 29]","[4, 9, 25, 49, 121, 169, 289, 361, 529, 841]",64,no_relation,0,0,0,no_relation,0,0,0,False,,,,True,False,0.0001595419889781624,False,False
96,80,39614081257134649683913017557,49758216191681,796131459064597,10,"[2, 3, 5, 7, 11, 13, 17, 19, 23, 29]","[4, 9, 25, 49, 121, 169, 289, 361, 529, 841]",64,no_relation,0,0,0,no_relation,0,0,0,False,,,,True,False,0.00015929198707453907,False,False
96,81,39614081257142312449206536431,49758216191681,796131459064751,10,"[2, 3, 5, 7, 11, 13, 17, 19, 23, 29]","[4, 9, 25, 49, 121, 169, 289, 361, 529, 841]",64,no_relation,0,0,0,no_relation,0,0,0,False,,,,True,False,0.00015866701141931117,False,False
96,82,39614081257142909547800836603,49758216191681,796131459064763,10,"[2, 3, 5, 7, 11, 13, 17, 19, 23, 29]","[4, 9, 25, 49, 121, 169, 289, 361, 529, 841]",64,no_relation,0,0,0,no_relation,0,0,0,False,,,,True,False,0.00016016600420698524,False,False
96,83,39614081257145596491475187377,49758216191681,796131459064817,10,"[2, 3, 5, 7, 11, 13, 17, 19, 23, 29]","[4, 9, 25, 49, 121, 169, 289, 361, 529, 841]",64,no_relation,0,0,0,no_relation,0,0,0,False,,,,True,False,0.00016541697550565004,False,False
96,84,39614081257146790688663787721,49758216191681,796131459064841,10,"[2, 3, 5, 7, 11, 13, 17, 19, 23, 29]","[4, 9, 25, 49, 121, 169, 289, 361, 529, 841]",64,no_relation,0,0,0,no_relation,0,0,0,False,,,,True,False,0.00015925001935102046,False,False
96,85,39614081257149278599473371771,49758216191681,796131459064891,10,"[2, 3, 5, 7, 11, 13, 17, 19, 23, 29]","[4, 9, 25, 49, 121, 169, 289, 361, 529, 841]",64,no_relation,0,0,0,no_relation,0,0,0,False,,,,True,False,0.00016008300008252263,False,False
96,86,39614081257149577148770521857,49758216191681,796131459064897,10,"[2, 3, 5, 7, 11, 13, 17, 19, 23, 29]","[4, 9, 25, 49, 121, 169, 289, 361, 529, 841]",64,no_relation,0,0,0,no_relation,0,0,0,False,,,,True,False,0.0001590839819982648,False,False
96,87,39614081257150373280229588753,49758216191681,796131459064913,10,"[2, 3, 5, 7, 11, 13, 17, 19, 23, 29]","[4, 9, 25, 49, 121, 169, 289, 361, 529, 841]",64,no_relation,0,0,0,no_relation,0,0,0,False,,,,True,False,0.0001600419927854091,False,False
96,88,39614081257155548134713523577,49758216191681,796131459065017,10,"[2, 3, 5, 7, 11, 13, 17, 19, 23, 29]","[4, 9, 25, 49, 121, 169, 289, 361, 529, 841]",64,no_relation,0,0,0,no_relation,0,0,0,False,,,,True,False,0.00015800000983290374,False,False
96,89,39614081257159031209846941247,49758216191681,796131459065087,10,"[2, 3, 5, 7, 11, 13, 17, 19, 23, 29]","[4, 9, 25, 49, 121, 169, 289, 361, 529, 841]",64,no_relation,0,0,0,no_relation,0,0,0,False,,,,True,False,0.0001583749835845083,False,False
96,90,39614081257162713317845125641,49758216191681,796131459065161,10,"[2, 3, 5, 7, 11, 13, 17, 19, 23, 29]","[4, 9, 25, 49, 121, 169, 289, 361, 529, 841]",64,no_relation,0,0,0,no_relation,0,0,0,False,,,,True,False,0.0001587080187164247,False,False
96,91,39614081257163608965736575899,49758216191681,796131459065179,10,"[2, 3, 5, 7, 11, 13, 17, 19, 23, 29]","[4, 9, 25, 49, 121, 169, 289, 361, 529, 841]",64,no_relation,0,0,0,no_relation,0,0,0,False,,,,True,False,0.0001593329943716526,False,False
96,92,39614081257163807998601342623,49758216191681,796131459065183,10,"[2, 3, 5, 7, 11, 13, 17, 19, 23, 29]","[4, 9, 25, 49, 121, 169, 289, 361, 529, 841]",64,no_relation,0,0,0,no_relation,0,0,0,False,,,,True,False,0.00016095899627543986,False,False
96,93,39614081257165101712222326329,49758216191681,796131459065209,10,"[2, 3, 5, 7, 11, 13, 17, 19, 23, 29]","[4, 9, 25, 49, 121, 169, 289, 361, 529, 841]",64,no_relation,0,0,0,no_relation,0,0,0,False,,,,True,False,0.000159624993102625,False,False
96,94,39614081257165698810816626501,49758216191681,796131459065221,10,"[2, 3, 5, 7, 11, 13, 17, 19, 23, 29]","[4, 9, 25, 49, 121, 169, 289, 361, 529, 841]",64,no_relation,0,0,0,no_relation,0,0,0,False,,,,True,False,0.0001599589886609465,False,False
96,95,39614081257166494942275693397,49758216191681,796131459065237,10,"[2, 3, 5, 7, 11, 13, 17, 19, 23, 29]","[4, 9, 25, 49, 121, 169, 289, 361, 529, 841]",64,no_relation,0,0,0,no_relation,0,0,0,False,,,,True,False,0.00016058399342000484,False,False
96,96,39614081257170475599571027877,49758216191681,796131459065317,10,"[2, 3, 5, 7, 11, 13, 17, 19, 23, 29]","[4, 9, 25, 49, 121, 169, 289, 361, 529, 841]",64,no_relation,0,0,0,no_relation,0,0,0,False,,,,True,False,0.00016166700515896082,False,False
96,97,39614081257171072698165328049,49758216191681,796131459065329,10,"[2, 3, 5, 7, 11, 13, 17, 19, 23, 29]","[4, 9, 25, 49, 121, 169, 289, 361, 529, 841]",64,no_relation,0,0,0,no_relation,0,0,0,False,,,,True,False,0.0001601249969098717,False,False
96,98,39614081257172565444651078479,49758216191681,796131459065359,10,"[2, 3, 5, 7, 11, 13, 17, 19, 23, 29]","[4, 9, 25, 49, 121, 169, 289, 361, 529, 841]",64,no_relation,0,0,0,no_relation,0,0,0,False,,,,True,False,0.0001604999997653067,False,False
96,99,39614081257176944167675946407,49758216191681,796131459065447,10,"[2, 3, 5, 7, 11, 13, 17, 19, 23, 29]","[4, 9, 25, 49, 121, 169, 289, 361, 529, 841]",64,no_relation,0,0,0,no_relation,0,0,0,False,,,,True,False,0.00015858301776461303,False,False
128,0,170141183460469231836701207772285433099,3260954456333195593,52175271301331128243,12,"[2, 3, 5, 7, 11, 13, 17, 19, 23, 29, 31, 37]","[4, 9, 25, 49, 121, 169, 289, 361, 529, 841, 961, 1369]",64,no_relation,0,0,0,no_relation,0,0,0,False,,,,True,False,0.00020708297961391509,False,False
128,1,170141183460469231986705112763612430377,3260954456333195593,52175271301331128289,12,"[2, 3, 5, 7, 11, 13, 17, 19, 23, 29, 31, 37]","[4, 9, 25, 49, 121, 169, 289, 361, 529, 841, 961, 1369]",64,no_relation,0,0,0,no_relation,0,0,0,False,,,,True,False,0.00019304099259898067,False,False
128,2,170141183460469232286712922746266424933,3260954456333195593,52175271301331128381,12,"[2, 3, 5, 7, 11, 13, 17, 19, 23, 29, 31, 37]","[4, 9, 25, 49, 121, 169, 289, 361, 529, 841, 961, 1369]",64,no_relation,0,0,0,no_relation,0,0,0,False,,,,True,False,0.00019087499822489917,False,False
128,3,170141183460469232378019647523595901537,3260954456333195593,52175271301331128409,12,"[2, 3, 5, 7, 11, 13, 17, 19, 23, 29, 31, 37]","[4, 9, 25, 49, 121, 169, 289, 361, 529, 841, 961, 1369]",64,no_relation,0,0,0,no_relation,0,0,0,False,,,,True,False,0.00018883400480262935,False,False
128,4,170141183460469232671505548593583504907,3260954456333195593,52175271301331128499,12,"[2, 3, 5, 7, 11, 13, 17, 19, 23, 29, 31, 37]","[4, 9, 25, 49, 121, 169, 289, 361, 529, 841, 961, 1369]",64,no_relation,0,0,0,no_relation,0,0,0,False,,,,True,False,0.00018825000734068453,False,False
128,5,170141183460469232814987544672244110999,3260954456333195593,52175271301331128543,12,"[2, 3, 5, 7, 11, 13, 17, 19, 23, 29, 31, 37]","[4, 9, 25, 49, 121, 169, 289, 361, 529, 841, 961, 1369]",64,no_relation,0,0,0,no_relation,0,0,0,False,,,,True,False,0.00018587498925626278,False,False
128,6,170141183460469233023688629877568628951,3260954456333195593,52175271301331128607,12,"[2, 3, 5, 7, 11, 13, 17, 19, 23, 29, 31, 37]","[4, 9, 25, 49, 121, 169, 289, 361, 529, 841, 961, 1369]",64,no_relation,0,0,0,no_relation,0,0,0,False,,,,True,False,0.00018658299813978374,False,False
128,7,170141183460469233519353707240214359087,3260954456333195593,52175271301331128759,12,"[2, 3, 5, 7, 11, 13, 17, 19, 23, 29, 31, 37]","[4, 9, 25, 49, 121, 169, 289, 361, 529, 841, 961, 1369]",64,no_relation,0,0,0,no_relation,0,0,0,False,,,,True,False,0.00019033299759030342,False,False
128,8,170141183460469233649791885493542182807,3260954456333195593,52175271301331128799,12,"[2, 3, 5, 7, 11, 13, 17, 19, 23, 29, 31, 37]","[4, 9, 25, 49, 121, 169, 289, 361, 529, 841, 961, 1369]",64,no_relation,0,0,0,no_relation,0,0,0,False,,,,True,False,0.0001864589867182076,False,False
128,9,170141183460469233656313794406208573993,3260954456333195593,52175271301331128801,12,"[2, 3, 5, 7, 11, 13, 17, 19, 23, 29, 31, 37]","[4, 9, 25, 49, 121, 169, 289, 361, 529, 841, 961, 1369]",64,no_relation,0,0,0,no_relation,0,0,0,False,,,,True,False,0.0001866249949671328,False,False
128,10,170141183460469233845449152873533918387,3260954456333195593,52175271301331128859,12,"[2, 3, 5, 7, 11, 13, 17, 19, 23, 29, 31, 37]","[4, 9, 25, 49, 121, 169, 289, 361, 529, 841, 961, 1369]",64,no_relation,0,0,0,no_relation,0,0,0,False,,,,True,False,0.00018629201804287732,False,False
128,11,170141183460469234067194055904191218711,3260954456333195593,52175271301331128927,12,"[2, 3, 5, 7, 11, 13, 17, 19, 23, 29, 31, 37]","[4, 9, 25, 49, 121, 169, 289, 361, 529, 841, 961, 1369]",64,no_relation,0,0,0,no_relation,0,0,0,False,,,,True,False,0.00018820801051333547,False,False
128,12,170141183460469234178066507419519868873,3260954456333195593,52175271301331128961,12,"[2, 3, 5, 7, 11, 13, 17, 19, 23, 29, 31, 37]","[4, 9, 25, 49, 121, 169, 289, 361, 529, 841, 961, 1369]",64,no_relation,0,0,0,no_relation,0,0,0,False,,,,True,False,0.00018683300004340708,False,False
128,13,170141183460469234243285596546183780733,3260954456333195593,52175271301331128981,12,"[2, 3, 5, 7, 11, 13, 17, 19, 23, 29, 31, 37]","[4, 9, 25, 49, 121, 169, 289, 361, 529, 841, 961, 1369]",64,no_relation,0,0,0,no_relation,0,0,0,False,,,,True,False,0.00018566701328381896,False,False
128,14,170141183460469234295460867847514910221,3260954456333195593,52175271301331128997,12,"[2, 3, 5, 7, 11, 13, 17, 19, 23, 29, 31, 37]","[4, 9, 25, 49, 121, 169, 289, 361, 529, 841, 961, 1369]",64,no_relation,0,0,0,no_relation,0,0,0,False,,,,True,False,0.00018766699940897524,False,False
128,15,170141183460469234595468677830168904777,3260954456333195593,52175271301331129089,12,"[2, 3, 5, 7, 11, 13, 17, 19, 23, 29, 31, 37]","[4, 9, 25, 49, 121, 169, 289, 361, 529, 841, 961, 1369]",64,no_relation,0,0,0,no_relation,0,0,0,False,,,,True,False,0.00018779101083055139,False,False
128,16,170141183460469234869388852162157334589,3260954456333195593,52175271301331129173,12,"[2, 3, 5, 7, 11, 13, 17, 19, 23, 29, 31, 37]","[4, 9, 25, 49, 121, 169, 289, 361, 529, 841, 961, 1369]",64,no_relation,0,0,0,no_relation,0,0,0,False,,,,True,False,0.00018637499306350946,False,False
128,17,170141183460469234947651759114154028821,3260954456333195593,52175271301331129197,12,"[2, 3, 5, 7, 11, 13, 17, 19, 23, 29, 31, 37]","[4, 9, 25, 49, 121, 169, 289, 361, 529, 841, 961, 1369]",64,no_relation,0,0,0,no_relation,0,0,0,False,,,,True,False,0.0001875000016298145,False,False
128,18,170141183460469235117221390843480199657,3260954456333195593,52175271301331129249,12,"[2, 3, 5, 7, 11, 13, 17, 19, 23, 29, 31, 37]","[4, 9, 25, 49, 121, 169, 289, 361, 529, 841, 961, 1369]",64,no_relation,0,0,0,no_relation,0,0,0,False,,,,True,False,0.00018745800480246544,False,False
128,19,170141183460469235358532020612136673539,3260954456333195593,52175271301331129323,12,"[2, 3, 5, 7, 11, 13, 17, 19, 23, 29, 31, 37]","[4, 9, 25, 49, 121, 169, 289, 361, 529, 841, 961, 1369]",64,no_relation,0,0,0,no_relation,0,0,0,False,,,,True,False,0.00018608398386277258,False,False
128,20,170141183460469235906372369276113533163,3260954456333195593,52175271301331129491,12,"[2, 3, 5, 7, 11, 13, 17, 19, 23, 29, 31, 37]","[4, 9, 25, 49, 121, 169, 289, 361, 529, 841, 961, 1369]",64,no_relation,0,0,0,no_relation,0,0,0,False,,,,True,False,0.00018487501074559987,False,False
128,21,170141183460469236258555450560098657207,3260954456333195593,52175271301331129599,12,"[2, 3, 5, 7, 11, 13, 17, 19, 23, 29, 31, 37]","[4, 9, 25, 49, 121, 169, 289, 361, 529, 841, 961, 1369]",64,no_relation,0,0,0,no_relation,0,0,0,False,,,,True,False,0.0001852080167736858,False,False
128,22,170141183460469236388993628813426480927,3260954456333195593,52175271301331129639,12,"[2, 3, 5, 7, 11, 13, 17, 19, 23, 29, 31, 37]","[4, 9, 25, 49, 121, 169, 289, 361, 529, 841, 961, 1369]",64,no_relation,0,0,0,no_relation,0,0,0,False,,,,True,False,0.00018587498925626278,False,False
128,23,170141183460469236682479529883414084297,3260954456333195593,52175271301331129729,12,"[2, 3, 5, 7, 11, 13, 17, 19, 23, 29, 31, 37]","[4, 9, 25, 49, 121, 169, 289, 361, 529, 841, 961, 1369]",64,no_relation,0,0,0,no_relation,0,0,0,False,,,,True,False,0.00018666699179448187,False,False
128,24,170141183460469236760742436835410778529,3260954456333195593,52175271301331129753,12,"[2, 3, 5, 7, 11, 13, 17, 19, 23, 29, 31, 37]","[4, 9, 25, 49, 121, 169, 289, 361, 529, 841, 961, 1369]",64,no_relation,0,0,0,no_relation,0,0,0,False,,,,True,False,0.00018716600607149303,False,False
128,25,170141183460469236786830072486076343273,3260954456333195593,52175271301331129761,12,"[2, 3, 5, 7, 11, 13, 17, 19, 23, 29, 31, 37]","[4, 9, 25, 49, 121, 169, 289, 361, 529, 841, 961, 1369]",64,no_relation,0,0,0,no_relation,0,0,0,False,,,,True,False,0.00018654201994650066,False,False
128,26,170141183460469236819439617049408299203,3260954456333195593,52175271301331129771,12,"[2, 3, 5, 7, 11, 13, 17, 19, 23, 29, 31, 37]","[4, 9, 25, 49, 121, 169, 289, 361, 529, 841, 961, 1369]",64,no_relation,0,0,0,no_relation,0,0,0,False,,,,True,False,0.00018666702089831233,False,False
128,27,170141183460469237099881700294063120201,3260954456333195593,52175271301331129857,12,"[2, 3, 5, 7, 11, 13, 17, 19, 23, 29, 31, 37]","[4, 9, 25, 49, 121, 169, 289, 361, 529, 841, 961, 1369]",64,no_relation,0,0,0,no_relation,0,0,0,False,,,,True,False,0.00018804200226441026,False,False
128,28,170141183460469237139013153770061467317,3260954456333195593,52175271301331129869,12,"[2, 3, 5, 7, 11, 13, 17, 19, 23, 29, 31, 37]","[4, 9, 25, 49, 121, 169, 289, 361, 529, 841, 961, 1369]",64,no_relation,0,0,0,no_relation,0,0,0,False,,,,True,False,0.00018699999782256782,False,False
128,29,170141183460469237171622698333393423247,3260954456333195593,52175271301331129879,12,"[2, 3, 5, 7, 11, 13, 17, 19, 23, 29, 31, 37]","[4, 9, 25, 49, 121, 169, 289, 361, 529, 841, 961, 1369]",64,no_relation,0,0,0,no_relation,0,0,0,False,,,,True,False,0.0001860000193119049,False,False
128,30,170141183460469237210754151809391770363,3260954456333195593,52175271301331129891,12,"[2, 3, 5, 7, 11, 13, 17, 19, 23, 29, 31, 37]","[4, 9, 25, 49, 121, 169, 289, 361, 529, 841, 961, 1369]",64,no_relation,0,0,0,no_relation,0,0,0,False,,,,True,False,0.00018775000353343785,False,False
128,31,170141183460469237471630508316047417803,3260954456333195593,52175271301331129971,12,"[2, 3, 5, 7, 11, 13, 17, 19, 23, 29, 31, 37]","[4, 9, 25, 49, 121, 169, 289, 361, 529, 841, 961, 1369]",64,no_relation,0,0,0,no_relation,0,0,0,False,,,,True,False,0.0001871249987743795,False,False
128,32,170141183460469237491196235054046591361,3260954456333195593,52175271301331129977,12,"[2, 3, 5, 7, 11, 13, 17, 19, 23, 29, 31, 37]","[4, 9, 25, 49, 121, 169, 289, 361, 529, 841, 961, 1369]",64,no_relation,0,0,0,no_relation,0,0,0,False,,,,True,False,0.00018616602756083012,False,False
128,33,170141183460469237699897320259371109313,3260954456333195593,52175271301331130041,12,"[2, 3, 5, 7, 11, 13, 17, 19, 23, 29, 31, 37]","[4, 9, 25, 49, 121, 169, 289, 361, 529, 841, 961, 1369]",64,no_relation,0,0,0,no_relation,0,0,0,False,,,,True,False,0.00018383297719992697,False,False
128,34,170141183460469237765116409386035021173,3260954456333195593,52175271301331130061,12,"[2, 3, 5, 7, 11, 13, 17, 19, 23, 29, 31, 37]","[4, 9, 25, 49, 121, 169, 289, 361, 529, 841, 961, 1369]",64,no_relation,0,0,0,no_relation,0,0,0,False,,,,True,False,0.00018658299813978374,False,False
128,35,170141183460469237823813589600032541847,3260954456333195593,52175271301331130079,12,"[2, 3, 5, 7, 11, 13, 17, 19, 23, 29, 31, 37]","[4, 9, 25, 49, 121, 169, 289, 361, 529, 841, 961, 1369]",64,no_relation,0,0,0,no_relation,0,0,0,False,,,,True,False,0.00018762497347779572,False,False
128,36,170141183460469237895554587639362844893,3260954456333195593,52175271301331130101,12,"[2, 3, 5, 7, 11, 13, 17, 19, 23, 29, 31, 37]","[4, 9, 25, 49, 121, 169, 289, 361, 529, 841, 961, 1369]",64,no_relation,0,0,0,no_relation,0,0,0,False,,,,True,False,0.00018704202375374734,False,False
128,37,170141183460469238058602310456022624543,3260954456333195593,52175271301331130151,12,"[2, 3, 5, 7, 11, 13, 17, 19, 23, 29, 31, 37]","[4, 9, 25, 49, 121, 169, 289, 361, 529, 841, 961, 1369]",64,no_relation,0,0,0,no_relation,0,0,0,False,,,,True,False,0.00019504199735820293,False,False
128,38,170141183460469238110777581757353754031,3260954456333195593,52175271301331130167,12,"[2, 3, 5, 7, 11, 13, 17, 19, 23, 29, 31, 37]","[4, 9, 25, 49, 121, 169, 289, 361, 529, 841, 961, 1369]",64,no_relation,0,0,0,no_relation,0,0,0,False,,,,True,False,0.00018766600987873971,False,False
128,39,170141183460469238189040488709350448263,3260954456333195593,52175271301331130191,12,"[2, 3, 5, 7, 11, 13, 17, 19, 23, 29, 31, 37]","[4, 9, 25, 49, 121, 169, 289, 361, 529, 841, 961, 1369]",64,no_relation,0,0,0,no_relation,0,0,0,False,,,,True,False,0.00018745800480246544,False,False
128,40,170141183460469231732350665169623168759,3260954456333195597,52175271301331128147,12,"[2, 3, 5, 7, 11, 13, 17, 19, 23, 29, 31, 37]","[4, 9, 25, 49, 121, 169, 289, 361, 529, 841, 961, 1369]",64,no_relation,0,0,0,no_relation,0,0,0,False,,,,True,False,0.00018687499687075615,False,False
128,41,170141183460469231784525936470954298311,3260954456333195597,52175271301331128163,12,"[2, 3, 5, 7, 11, 13, 17, 19, 23, 29, 31, 37]","[4, 9, 25, 49, 121, 169, 289, 361, 529, 841, 961, 1369]",64,no_relation,0,0,0,no_relation,0,0,0,False,,,,True,False,0.00018729199655354023,False,False
128,42,170141183460469231830179298859619036669,3260954456333195597,52175271301331128177,12,"[2, 3, 5, 7, 11, 13, 17, 19, 23, 29, 31, 37]","[4, 9, 25, 49, 121, 169, 289, 361, 529, 841, 961, 1369]",64,no_relation,0,0,0,no_relation,0,0,0,False,,,,True,False,0.0001880000054370612,False,False
128,43,170141183460469232045402292977609946071,3260954456333195597,52175271301331128243,12,"[2, 3, 5, 7, 11, 13, 17, 19, 23, 29, 31, 37]","[4, 9, 25, 49, 121, 169, 289, 361, 529, 841, 961, 1369]",64,no_relation,0,0,0,no_relation,0,0,0,False,,,,True,False,0.00018508400535210967,False,False
128,44,170141183460469232195406197968936943533,3260954456333195597,52175271301331128289,12,"[2, 3, 5, 7, 11, 13, 17, 19, 23, 29, 31, 37]","[4, 9, 25, 49, 121, 169, 289, 361, 529, 841, 961, 1369]",64,no_relation,0,0,0,no_relation,0,0,0,False,,,,True,False,0.0001872080028988421,False,False
128,45,170141183460469232495414007951590938457,3260954456333195597,52175271301331128381,12,"[2, 3, 5, 7, 11, 13, 17, 19, 23, 29, 31, 37]","[4, 9, 25, 49, 121, 169, 289, 361, 529, 841, 961, 1369]",64,no_relation,0,0,0,no_relation,0,0,0,False,,,,True,False,0.00018608299433253706,False,False
128,46,170141183460469232586720732728920415173,3260954456333195597,52175271301331128409,12,"[2, 3, 5, 7, 11, 13, 17, 19, 23, 29, 31, 37]","[4, 9, 25, 49, 121, 169, 289, 361, 529, 841, 961, 1369]",64,no_relation,0,0,0,no_relation,0,0,0,False,,,,True,False,0.0001895420136861503,False,False
128,47,170141183460469232880206633798908018903,3260954456333195597,52175271301331128499,12,"[2, 3, 5, 7, 11, 13, 17, 19, 23, 29, 31, 37]","[4, 9, 25, 49, 121, 169, 289, 361, 529, 841, 961, 1369]",64,no_relation,0,0,0,no_relation,0,0,0,False,,,,True,False,0.00019062499632127583,False,False
128,48,170141183460469233023688629877568625171,3260954456333195597,52175271301331128543,12,"[2, 3, 5, 7, 11, 13, 17, 19, 23, 29, 31, 37]","[4, 9, 25, 49, 121, 169, 289, 361, 529, 841, 961, 1369]",64,no_relation,0,0,0,no_relation,0,0,0,False,,,,True,False,0.00018654201994650066,False,False
128,49,170141183460469233232389715082893143379,3260954456333195597,52175271301331128607,12,"[2, 3, 5, 7, 11, 13, 17, 19, 23, 29, 31, 37]","[4, 9, 25, 49, 121, 169, 289, 361, 529, 841, 961, 1369]",64,no_relation,0,0,0,no_relation,0,0,0,False,,,,True,False,0.0001892919826786965,False,False
128,50,170141183460469233728054792445538874123,3260954456333195597,52175271301331128759,12,"[2, 3, 5, 7, 11, 13, 17, 19, 23, 29, 31, 37]","[4, 9, 25, 49, 121, 169, 289, 361, 529, 841, 961, 1369]",64,no_relation,0,0,0,no_relation,0,0,0,False,,,,True,False,0.0001884580124169588,False,False
128,51,170141183460469233858492970698866698003,3260954456333195597,52175271301331128799,12,"[2, 3, 5, 7, 11, 13, 17, 19, 23, 29, 31, 37]","[4, 9, 25, 49, 121, 169, 289, 361, 529, 841, 961, 1369]",64,no_relation,0,0,0,no_relation,0,0,0,False,,,,True,False,0.00018820801051333547,False,False
128,52,170141183460469233865014879611533089197,3260954456333195597,52175271301331128801,12,"[2, 3, 5, 7, 11, 13, 17, 19, 23, 29, 31, 37]","[4, 9, 25, 49, 121, 169, 289, 361, 529, 841, 961, 1369]",64,no_relation,0,0,0,no_relation,0,0,0,False,,,,True,False,0.0001870419946499169,False,False
128,53,170141183460469234054150238078858433823,3260954456333195597,52175271301331128859,12,"[2, 3, 5, 7, 11, 13, 17, 19, 23, 29, 31, 37]","[4, 9, 25, 49, 121, 169, 289, 361, 529, 841, 961, 1369]",64,no_relation,0,0,0,no_relation,0,0,0,False,,,,True,False,0.000184959004400298,False,False
128,54,170141183460469234275895141109515734419,3260954456333195597,52175271301331128927,12,"[2, 3, 5, 7, 11, 13, 17, 19, 23, 29, 31, 37]","[4, 9, 25, 49, 121, 169, 289, 361, 529, 841, 961, 1369]",64,no_relation,0,0,0,no_relation,0,0,0,False,,,,True,False,0.0001883750082924962,False,False
128,55,170141183460469234386767592624844384717,3260954456333195597,52175271301331128961,12,"[2, 3, 5, 7, 11, 13, 17, 19, 23, 29, 31, 37]","[4, 9, 25, 49, 121, 169, 289, 361, 529, 841, 961, 1369]",64,no_relation,0,0,0,no_relation,0,0,0,False,,,,True,False,0.00018637499306350946,False,False
128,56,170141183460469234451986681751508296657,3260954456333195597,52175271301331128981,12,"[2, 3, 5, 7, 11, 13, 17, 19, 23, 29, 31, 37]","[4, 9, 25, 49, 121, 169, 289, 361, 529, 841, 961, 1369]",64,no_relation,0,0,0,no_relation,0,0,0,False,,,,True,False,0.00018479101709090173,False,False
128,57,170141183460469234504161953052839426209,3260954456333195597,52175271301331128997,12,"[2, 3, 5, 7, 11, 13, 17, 19, 23, 29, 31, 37]","[4, 9, 25, 49, 121, 169, 289, 361, 529, 841, 961, 1369]",64,no_relation,0,0,0,no_relation,0,0,0,False,,,,True,False,0.00018699999782256782,False,False
128,58,170141183460469234804169763035493421133,3260954456333195597,52175271301331129089,12,"[2, 3, 5, 7, 11, 13, 17, 19, 23, 29, 31, 37]","[4, 9, 25, 49, 121, 169, 289, 361, 529, 841, 961, 1369]",64,no_relation,0,0,0,no_relation,0,0,0,False,,,,True,False,0.00018762500258162618,False,False
128,59,170141183460469235078089937367481851281,3260954456333195597,52175271301331129173,12,"[2, 3, 5, 7, 11, 13, 17, 19, 23, 29, 31, 37]","[4, 9, 25, 49, 121, 169, 289, 361, 529, 841, 961, 1369]",64,no_relation,0,0,0,no_relation,0,0,0,False,,,,True,False,0.00018720902153290808,False,False
128,60,170141183460469235156352844319478545609,3260954456333195597,52175271301331129197,12,"[2, 3, 5, 7, 11, 13, 17, 19, 23, 29, 31, 37]","[4, 9, 25, 49, 121, 169, 289, 361, 529, 841, 961, 1369]",64,no_relation,0,0,0,no_relation,0,0,0,False,,,,True,False,0.00019079199410043657,False,False
128,61,170141183460469235325922476048804716653,3260954456333195597,52175271301331129249,12,"[2, 3, 5, 7, 11, 13, 17, 19, 23, 29, 31, 37]","[4, 9, 25, 49, 121, 169, 289, 361, 529, 841, 961, 1369]",64,no_relation,0,0,0,no_relation,0,0,0,False,,,,True,False,0.00018804101273417473,False,False
128,62,170141183460469235567233105817461190831,3260954456333195597,52175271301331129323,12,"[2, 3, 5, 7, 11, 13, 17, 19, 23, 29, 31, 37]","[4, 9, 25, 49, 121, 169, 289, 361, 529, 841, 961, 1369]",64,no_relation,0,0,0,no_relation,0,0,0,False,,,,True,False,0.0001871249987743795,False,False
128,63,170141183460469236115073454481438051127,3260954456333195597,52175271301331129491,12,"[2, 3, 5, 7, 11, 13, 17, 19, 23, 29, 31, 37]","[4, 9, 25, 49, 121, 169, 289, 361, 529, 841, 961, 1369]",64,no_relation,0,0,0,no_relation,0,0,0,False,,,,True,False,0.0001875830057542771,False,False
128,64,170141183460469236467256535765423175603,3260954456333195597,52175271301331129599,12,"[2, 3, 5, 7, 11, 13, 17, 19, 23, 29, 31, 37]","[4, 9, 25, 49, 121, 169, 289, 361, 529, 841, 961, 1369]",64,no_relation,0,0,0,no_relation,0,0,0,False,,,,True,False,0.00018912498489953578,False,False
128,65,170141183460469236597694714018750999483,3260954456333195597,52175271301331129639,12,"[2, 3, 5, 7, 11, 13, 17, 19, 23, 29, 31, 37]","[4, 9, 25, 49, 121, 169, 289, 361, 529, 841, 961, 1369]",64,no_relation,0,0,0,no_relation,0,0,0,False,,,,True,False,0.00018845900194719434,False,False
128,66,170141183460469236891180615088738603213,3260954456333195597,52175271301331129729,12,"[2, 3, 5, 7, 11, 13, 17, 19, 23, 29, 31, 37]","[4, 9, 25, 49, 121, 169, 289, 361, 529, 841, 961, 1369]",64,no_relation,0,0,0,no_relation,0,0,0,False,,,,True,False,0.0002459589741192758,False,False
128,67,170141183460469236969443522040735297541,3260954456333195597,52175271301331129753,12,"[2, 3, 5, 7, 11, 13, 17, 19, 23, 29, 31, 37]","[4, 9, 25, 49, 121, 169, 289, 361, 529, 841, 961, 1369]",64,no_relation,0,0,0,no_relation,0,0,0,False,,,,True,False,0.00021058300626464188,False,False
128,68,170141183460469236995531157691400862317,3260954456333195597,52175271301331129761,12,"[2, 3, 5, 7, 11, 13, 17, 19, 23, 29, 31, 37]","[4, 9, 25, 49, 121, 169, 289, 361, 529, 841, 961, 1369]",64,no_relation,0,0,0,no_relation,0,0,0,False,,,,True,False,0.00020370801212266088,False,False
128,69,170141183460469237028140702254732818287,3260954456333195597,52175271301331129771,12,"[2, 3, 5, 7, 11, 13, 17, 19, 23, 29, 31, 37]","[4, 9, 25, 49, 121, 169, 289, 361, 529, 841, 961, 1369]",64,no_relation,0,0,0,no_relation,0,0,0,False,,,,True,False,0.00019545800751075149,False,False
128,70,170141183460469237308582785499387639629,3260954456333195597,52175271301331129857,12,"[2, 3, 5, 7, 11, 13, 17, 19, 23, 29, 31, 37]","[4, 9, 25, 49, 121, 169, 289, 361, 529, 841, 961, 1369]",64,no_relation,0,0,0,no_relation,0,0,0,False,,,,True,False,0.00020237499848008156,False,False
128,71,170141183460469237347714238975385986793,3260954456333195597,52175271301331129869,12,"[2, 3, 5, 7, 11, 13, 17, 19, 23, 29, 31, 37]","[4, 9, 25, 49, 121, 169, 289, 361, 529, 841, 961, 1369]",64,no_relation,0,0,0,no_relation,0,0,0,False,,,,True,False,0.00018929201178252697,False,False
128,72,170141183460469237380323783538717942763,3260954456333195597,52175271301331129879,12,"[2, 3, 5, 7, 11, 13, 17, 19, 23, 29, 31, 37]","[4, 9, 25, 49, 121, 169, 289, 361, 529, 841, 961, 1369]",64,no_relation,0,0,0,no_relation,0,0,0,False,,,,True,False,0.00018816697411239147,False,False
128,73,170141183460469237419455237014716289927,3260954456333195597,52175271301331129891,12,"[2, 3, 5, 7, 11, 13, 17, 19, 23, 29, 31, 37]","[4, 9, 25, 49, 121, 169, 289, 361, 529, 841, 961, 1369]",64,no_relation,0,0,0,no_relation,0,0,0,False,,,,True,False,0.00018958302098326385,False,False
128,74,170141183460469237680331593521371937687,3260954456333195597,52175271301331129971,12,"[2, 3, 5, 7, 11, 13, 17, 19, 23, 29, 31, 37]","[4, 9, 25, 49, 121, 169, 289, 361, 529, 841, 961, 1369]",64,no_relation,0,0,0,no_relation,0,0,0,False,,,,True,False,0.0001887079852167517,False,False
128,75,170141183460469237699897320259371111269,3260954456333195597,52175271301331129977,12,"[2, 3, 5, 7, 11, 13, 17, 19, 23, 29, 31, 37]","[4, 9, 25, 49, 121, 169, 289, 361, 529, 841, 961, 1369]",64,no_relation,0,0,0,no_relation,0,0,0,False,,,,True,False,0.0001872910070233047,False,False
128,76,170141183460469237908598405464695629477,3260954456333195597,52175271301331130041,12,"[2, 3, 5, 7, 11, 13, 17, 19, 23, 29, 31, 37]","[4, 9, 25, 49, 121, 169, 289, 361, 529, 841, 961, 1369]",64,no_relation,0,0,0,no_relation,0,0,0,False,,,,True,False,0.00018833301146514714,False,False
128,77,170141183460469237973817494591359541417,3260954456333195597,52175271301331130061,12,"[2, 3, 5, 7, 11, 13, 17, 19, 23, 29, 31, 37]","[4, 9, 25, 49, 121, 169, 289, 361, 529, 841, 961, 1369]",64,no_relation,0,0,0,no_relation,0,0,0,False,,,,True,False,0.0001892919826786965,False,False
128,78,170141183460469238032514674805357062163,3260954456333195597,52175271301331130079,12,"[2, 3, 5, 7, 11, 13, 17, 19, 23, 29, 31, 37]","[4, 9, 25, 49, 121, 169, 289, 361, 529, 841, 961, 1369]",64,no_relation,0,0,0,no_relation,0,0,0,False,,,,True,False,0.00018729199655354023,False,False
128,79,170141183460469238104255672844687365297,3260954456333195597,52175271301331130101,12,"[2, 3, 5, 7, 11, 13, 17, 19, 23, 29, 31, 37]","[4, 9, 25, 49, 121, 169, 289, 361, 529, 841, 961, 1369]",64,no_relation,0,0,0,no_relation,0,0,0,False,,,,True,False,0.00018912501400336623,False,False
128,80,170141183460469231960617477112946635513,3260954456333195681,52175271301331126873,12,"[2, 3, 5, 7, 11, 13, 17, 19, 23, 29, 31, 37]","[4, 9, 25, 49, 121, 169, 289, 361, 529, 841, 961, 1369]",64,no_relation,0,0,0,no_relation,0,0,0,False,,,,True,False,0.00018741600797511637,False,False
128,81,170141183460469232006270839501611375047,3260954456333195681,52175271301331126887,12,"[2, 3, 5, 7, 11, 13, 17, 19, 23, 29, 31, 37]","[4, 9, 25, 49, 121, 169, 289, 361, 529, 841, 961, 1369]",64,no_relation,0,0,0,no_relation,0,0,0,False,,,,True,False,0.0001892919826786965,False,False
128,82,170141183460469232175840471230937550459,3260954456333195681,52175271301331126939,12,"[2, 3, 5, 7, 11, 13, 17, 19, 23, 29, 31, 37]","[4, 9, 25, 49, 121, 169, 289, 361, 529, 841, 961, 1369]",64,no_relation,0,0,0,no_relation,0,0,0,False,,,,True,False,0.0001880830095615238,False,False
128,83,170141183460469232182362380143603941821,3260954456333195681,52175271301331126941,12,"[2, 3, 5, 7, 11, 13, 17, 19, 23, 29, 31, 37]","[4, 9, 25, 49, 121, 169, 289, 361, 529, 841, 961, 1369]",64,no_relation,0,0,0,no_relation,0,0,0,False,,,,True,False,0.00018770800670608878,False,False
128,84,170141183460469232430194918824926813577,3260954456333195681,52175271301331127017,12,"[2, 3, 5, 7, 11, 13, 17, 19, 23, 29, 31, 37]","[4, 9, 25, 49, 121, 169, 289, 361, 529, 841, 961, 1369]",64,no_relation,0,0,0,no_relation,0,0,0,False,,,,True,False,0.00018924998585134745,False,False
128,85,170141183460469232508457825776923509921,3260954456333195681,52175271301331127041,12,"[2, 3, 5, 7, 11, 13, 17, 19, 23, 29, 31, 37]","[4, 9, 25, 49, 121, 169, 289, 361, 529, 841, 961, 1369]",64,no_relation,0,0,0,no_relation,0,0,0,False,,,,True,False,0.00018762500258162618,False,False
128,86,170141183460469232691071275331582468057,3260954456333195681,52175271301331127097,12,"[2, 3, 5, 7, 11, 13, 17, 19, 23, 29, 31, 37]","[4, 9, 25, 49, 121, 169, 289, 361, 529, 841, 961, 1369]",64,no_relation,0,0,0,no_relation,0,0,0,False,,,,True,False,0.00018866601749323308,False,False
128,87,170141183460469233036732447702901210243,3260954456333195681,52175271301331127203,12,"[2, 3, 5, 7, 11, 13, 17, 19, 23, 29, 31, 37]","[4, 9, 25, 49, 121, 169, 289, 361, 529, 841, 961, 1369]",64,no_relation,0,0,0,no_relation,0,0,0,False,,,,True,False,0.00018812500638887286,False,False
128,88,170141183460469233180214443781561820207,3260954456333195681,52175271301331127247,12,"[2, 3, 5, 7, 11, 13, 17, 19, 23, 29, 31, 37]","[4, 9, 25, 49, 121, 169, 289, 361, 529, 841, 961, 1369]",64,no_relation,0,0,0,no_relation,0,0,0,False,,,,True,False,0.000188584002899006,False,False
128,89,170141183460469233291086895296890473361,3260954456333195681,52175271301331127281,12,"[2, 3, 5, 7, 11, 13, 17, 19, 23, 29, 31, 37]","[4, 9, 25, 49, 121, 169, 289, 361, 529, 841, 961, 1369]",64,no_relation,0,0,0,no_relation,0,0,0,False,,,,True,False,0.00018891700892709196,False,False
128,90,170141183460469233408481255724885517877,3260954456333195681,52175271301331127317,12,"[2, 3, 5, 7, 11, 13, 17, 19, 23, 29, 31, 37]","[4, 9, 25, 49, 121, 169, 289, 361, 529, 841, 961, 1369]",64,no_relation,0,0,0,no_relation,0,0,0,False,,,,True,False,0.0001880000054370612,False,False
128,91,170141183460469233415003164637551909239,3260954456333195681,52175271301331127319,12,"[2, 3, 5, 7, 11, 13, 17, 19, 23, 29, 31, 37]","[4, 9, 25, 49, 121, 169, 289, 361, 529, 841, 961, 1369]",64,no_relation,0,0,0,no_relation,0,0,0,False,,,,True,False,0.00018745899433270097,False,False
128,92,170141183460469233506309889414881388307,3260954456333195681,52175271301331127347,12,"[2, 3, 5, 7, 11, 13, 17, 19, 23, 29, 31, 37]","[4, 9, 25, 49, 121, 169, 289, 361, 529, 841, 961, 1369]",64,no_relation,0,0,0,no_relation,0,0,0,False,,,,True,False,0.00018666600226424634,False,False
128,93,170141183460469233551963251803546127841,3260954456333195681,52175271301331127361,12,"[2, 3, 5, 7, 11, 13, 17, 19, 23, 29, 31, 37]","[4, 9, 25, 49, 121, 169, 289, 361, 529, 841, 961, 1369]",64,no_relation,0,0,0,no_relation,0,0,0,False,,,,True,False,0.0001871249987743795,False,False
128,94,170141183460469233604138523104877258737,3260954456333195681,52175271301331127377,12,"[2, 3, 5, 7, 11, 13, 17, 19, 23, 29, 31, 37]","[4, 9, 25, 49, 121, 169, 289, 361, 529, 841, 961, 1369]",64,no_relation,0,0,0,no_relation,0,0,0,False,,,,True,False,0.0001872080028988421,False,False
128,95,170141183460469233701967156794873129167,3260954456333195681,52175271301331127407,12,"[2, 3, 5, 7, 11, 13, 17, 19, 23, 29, 31, 37]","[4, 9, 25, 49, 121, 169, 289, 361, 529, 841, 961, 1369]",64,no_relation,0,0,0,no_relation,0,0,0,False,,,,True,False,0.00018741600797511637,False,False
128,96,170141183460469233767186245921537042787,3260954456333195681,52175271301331127427,12,"[2, 3, 5, 7, 11, 13, 17, 19, 23, 29, 31, 37]","[4, 9, 25, 49, 121, 169, 289, 361, 529, 841, 961, 1369]",64,no_relation,0,0,0,no_relation,0,0,0,False,,,,True,False,0.00018733300385065377,False,False
128,97,170141183460469234530249588703504832141,3260954456333195681,52175271301331127661,12,"[2, 3, 5, 7, 11, 13, 17, 19, 23, 29, 31, 37]","[4, 9, 25, 49, 121, 169, 289, 361, 529, 841, 961, 1369]",64,no_relation,0,0,0,no_relation,0,0,0,False,,,,True,False,0.00018762500258162618,False,False
128,98,170141183460469234699819220432831007553,3260954456333195681,52175271301331127713,12,"[2, 3, 5, 7, 11, 13, 17, 19, 23, 29, 31, 37]","[4, 9, 25, 49, 121, 169, 289, 361, 529, 841, 961, 1369]",64,no_relation,0,0,0,no_relation,0,0,0,False,,,,True,False,0.00018737500067800283,False,False
128,99,170141183460469235136787117581479228807,3260954456333195681,52175271301331127847,12,"[2, 3, 5, 7, 11, 13, 17, 19, 23, 29, 31, 37]","[4, 9, 25, 49, 121, 169, 289, 361, 529, 841, 961, 1369]",64,no_relation,0,0,0,no_relation,0,0,0,False,,,,True,False,0.00018679100321605802,False,False
192,0,3138550867693340381917894713443265625035077646597346814863,14005692743696534979682984577,224091083899144559674927752719,14,"[2, 3, 5, 7, 11, 13, 17, 19, 23, 29, 31, 37, 41, 43]","[4, 9, 25, 49, 121, 169, 289, 361, 529, 841, 961, 1369, 1681, 1849]",64,no_relation,0,0,0,no_relation,0,0,0,False,,,,True,False,0.0002659590099938214,False,False
192,1,3138550867693340381917894715796222005976095523184088223799,14005692743696534979682984577,224091083899144559674927752887,14,"[2, 3, 5, 7, 11, 13, 17, 19, 23, 29, 31, 37, 41, 43]","[4, 9, 25, 49, 121, 169, 289, 361, 529, 841, 961, 1369, 1681, 1849]",64,no_relation,0,0,0,no_relation,0,0,0,False,,,,True,False,0.00023283399059437215,False,False
192,2,3138550867693340381917894716804631883522246041721263113343,14005692743696534979682984577,224091083899144559674927752959,14,"[2, 3, 5, 7, 11, 13, 17, 19, 23, 29, 31, 37, 41, 43]","[4, 9, 25, 49, 121, 169, 289, 361, 529, 841, 961, 1369, 1681, 1849]",64,no_relation,0,0,0,no_relation,0,0,0,False,,,,True,False,0.00022366701159626245,False,False
192,3,3138550867693340381917894717392870978757500510867948465577,14005692743696534979682984577,224091083899144559674927753001,14,"[2, 3, 5, 7, 11, 13, 17, 19, 23, 29, 31, 37, 41, 43]","[4, 9, 25, 49, 121, 169, 289, 361, 529, 841, 961, 1369, 1681, 1849]",64,no_relation,0,0,0,no_relation,0,0,0,False,,,,True,False,0.00022287500905804336,False,False
192,4,3138550867693340381917894717841053146555789630217803972041,14005692743696534979682984577,224091083899144559674927753033,14,"[2, 3, 5, 7, 11, 13, 17, 19, 23, 29, 31, 37, 41, 43]","[4, 9, 25, 49, 121, 169, 289, 361, 529, 841, 961, 1369, 1681, 1849]",64,no_relation,0,0,0,no_relation,0,0,0,False,,,,True,False,0.00022212500334717333,False,False
192,5,3138550867693340381917894718233212543379292609648927540197,14005692743696534979682984577,224091083899144559674927753061,14,"[2, 3, 5, 7, 11, 13, 17, 19, 23, 29, 31, 37, 41, 43]","[4, 9, 25, 49, 121, 169, 289, 361, 529, 841, 961, 1369, 1681, 1849]",64,no_relation,0,0,0,no_relation,0,0,0,False,,,,True,False,0.00022154199541546404,False,False
192,6,3138550867693340381917894719185599649950656988267370491433,14005692743696534979682984577,224091083899144559674927753129,14,"[2, 3, 5, 7, 11, 13, 17, 19, 23, 29, 31, 37, 41, 43]","[4, 9, 25, 49, 121, 169, 289, 361, 529, 841, 961, 1369, 1681, 1849]",64,no_relation,0,0,0,no_relation,0,0,0,False,,,,True,False,0.00021954200929030776,False,False
192,7,3138550867693340381917894719437702119337194617901664213819,14005692743696534979682984577,224091083899144559674927753147,14,"[2, 3, 5, 7, 11, 13, 17, 19, 23, 29, 31, 37, 41, 43]","[4, 9, 25, 49, 121, 169, 289, 361, 529, 841, 961, 1369, 1681, 1849]",64,no_relation,0,0,0,no_relation,0,0,0,False,,,,True,False,0.00022258399985730648,False,False
192,8,3138550867693340381917894720025941214572449087048349566053,14005692743696534979682984577,224091083899144559674927753189,14,"[2, 3, 5, 7, 11, 13, 17, 19, 23, 29, 31, 37, 41, 43]","[4, 9, 25, 49, 121, 169, 289, 361, 529, 841, 961, 1369, 1681, 1849]",64,no_relation,0,0,0,no_relation,0,0,0,False,,,,True,False,0.00021879200357943773,False,False
192,9,3138550867693340381917894721118385248580778815463622363059,14005692743696534979682984577,224091083899144559674927753267,14,"[2, 3, 5, 7, 11, 13, 17, 19, 23, 29, 31, 37, 41, 43]","[4, 9, 25, 49, 121, 169, 289, 361, 529, 841, 961, 1369, 1681, 1849]",64,no_relation,0,0,0,no_relation,0,0,0,False,,,,True,False,0.00021916700643487275,False,False
192,10,3138550867693340381917894721342476332479923375138550116291,14005692743696534979682984577,224091083899144559674927753283,14,"[2, 3, 5, 7, 11, 13, 17, 19, 23, 29, 31, 37, 41, 43]","[4, 9, 25, 49, 121, 169, 289, 361, 529, 841, 961, 1369, 1681, 1849]",64,no_relation,0,0,0,no_relation,0,0,0,False,,,,True,False,0.00022108302800916135,False,False
192,11,3138550867693340381917894721426510488942102585016648023753,14005692743696534979682984577,224091083899144559674927753289,14,"[2, 3, 5, 7, 11, 13, 17, 19, 23, 29, 31, 37, 41, 43]","[4, 9, 25, 49, 121, 169, 289, 361, 529, 841, 961, 1369, 1681, 1849]",64,no_relation,0,0,0,no_relation,0,0,0,False,,,,True,False,0.0002209999947808683,False,False
192,12,3138550867693340381917894721622590187353854074732209807831,14005692743696534979682984577,224091083899144559674927753303,14,"[2, 3, 5, 7, 11, 13, 17, 19, 23, 29, 31, 37, 41, 43]","[4, 9, 25, 49, 121, 169, 289, 361, 529, 841, 961, 1369, 1681, 1849]",64,no_relation,0,0,0,no_relation,0,0,0,False,,,,True,False,0.0002195419801864773,False,False
192,13,3138550867693340381917894722126795126126929334000797252603,14005692743696534979682984577,224091083899144559674927753339,14,"[2, 3, 5, 7, 11, 13, 17, 19, 23, 29, 31, 37, 41, 43]","[4, 9, 25, 49, 121, 169, 289, 361, 529, 841, 961, 1369, 1681, 1849]",64,no_relation,0,0,0,no_relation,0,0,0,False,,,,True,False,0.00021995900897309184,False,False
192,14,3138550867693340381917894722687022835874790733188116635683,14005692743696534979682984577,224091083899144559674927753379,14,"[2, 3, 5, 7, 11, 13, 17, 19, 23, 29, 31, 37, 41, 43]","[4, 9, 25, 49, 121, 169, 289, 361, 529, 841, 961, 1369, 1681, 1849]",64,no_relation,0,0,0,no_relation,0,0,0,False,,,,True,False,0.0002206670178566128,False,False
192,15,3138550867693340381917894722855091148799149152944312450607,14005692743696534979682984577,224091083899144559674927753391,14,"[2, 3, 5, 7, 11, 13, 17, 19, 23, 29, 31, 37, 41, 43]","[4, 9, 25, 49, 121, 169, 289, 361, 529, 841, 961, 1369, 1681, 1849]",64,no_relation,0,0,0,no_relation,0,0,0,False,,,,True,False,0.00022195899509824812,False,False
192,16,3138550867693340381917894723695432713420941251725291525227,14005692743696534979682984577,224091083899144559674927753451,14,"[2, 3, 5, 7, 11, 13, 17, 19, 23, 29, 31, 37, 41, 43]","[4, 9, 25, 49, 121, 169, 289, 361, 529, 841, 961, 1369, 1681, 1849]",64,no_relation,0,0,0,no_relation,0,0,0,False,,,,True,False,0.00022025001817382872,False,False
192,17,3138550867693340381917894724059580724757051161197049124229,14005692743696534979682984577,224091083899144559674927753477,14,"[2, 3, 5, 7, 11, 13, 17, 19, 23, 29, 31, 37, 41, 43]","[4, 9, 25, 49, 121, 169, 289, 361, 529, 841, 961, 1369, 1681, 1849]",64,no_relation,0,0,0,no_relation,0,0,0,False,,,,True,False,0.00022066599922254682,False,False
192,18,3138550867693340381917894724619808434504912560384368507309,14005692743696534979682984577,224091083899144559674927753517,14,"[2, 3, 5, 7, 11, 13, 17, 19, 23, 29, 31, 37, 41, 43]","[4, 9, 25, 49, 121, 169, 289, 361, 529, 841, 961, 1369, 1681, 1849]",64,no_relation,0,0,0,no_relation,0,0,0,False,,,,True,False,0.0002204999909736216,False,False
192,19,3138550867693340381917894724647819819992305630343734476463,14005692743696534979682984577,224091083899144559674927753519,14,"[2, 3, 5, 7, 11, 13, 17, 19, 23, 29, 31, 37, 41, 43]","[4, 9, 25, 49, 121, 169, 289, 361, 529, 841, 961, 1369, 1681, 1849]",64,no_relation,0,0,0,no_relation,0,0,0,False,,,,True,False,0.00022187500144355,False,False
192,20,3138550867693340381917894727504981139706398766199063330171,14005692743696534979682984577,224091083899144559674927753723,14,"[2, 3, 5, 7, 11, 13, 17, 19, 23, 29, 31, 37, 41, 43]","[4, 9, 25, 49, 121, 169, 289, 361, 529, 841, 961, 1369, 1681, 1849]",64,no_relation,0,0,0,no_relation,0,0,0,False,,,,True,False,0.00022029198589734733,False,False
192,21,3138550867693340381917894728065208849454260165386382713251,14005692743696534979682984577,224091083899144559674927753763,14,"[2, 3, 5, 7, 11, 13, 17, 19, 23, 29, 31, 37, 41, 43]","[4, 9, 25, 49, 121, 169, 289, 361, 529, 841, 961, 1369, 1681, 1849]",64,no_relation,0,0,0,no_relation,0,0,0,False,,,,True,False,0.00022633399930782616,False,False
192,22,3138550867693340381917894728177254391403832445223846589867,14005692743696534979682984577,224091083899144559674927753771,14,"[2, 3, 5, 7, 11, 13, 17, 19, 23, 29, 31, 37, 41, 43]","[4, 9, 25, 49, 121, 169, 289, 361, 529, 841, 961, 1369, 1681, 1849]",64,no_relation,0,0,0,no_relation,0,0,0,False,,,,True,False,0.0002213749976363033,False,False
192,23,3138550867693340381917894729157652883462589893801655510257,14005692743696534979682984577,224091083899144559674927753841,14,"[2, 3, 5, 7, 11, 13, 17, 19, 23, 29, 31, 37, 41, 43]","[4, 9, 25, 49, 121, 169, 289, 361, 529, 841, 961, 1369, 1681, 1849]",64,no_relation,0,0,0,no_relation,0,0,0,False,,,,True,False,0.00022720801644027233,False,False
192,24,3138550867693340381917894729997994448084381992582634584877,14005692743696534979682984577,224091083899144559674927753901,14,"[2, 3, 5, 7, 11, 13, 17, 19, 23, 29, 31, 37, 41, 43]","[4, 9, 25, 49, 121, 169, 289, 361, 529, 841, 961, 1369, 1681, 1849]",64,no_relation,0,0,0,no_relation,0,0,0,False,,,,True,False,0.0002198750153183937,False,False
192,25,3138550867693340381917894730446176615882671111932490091341,14005692743696534979682984577,224091083899144559674927753933,14,"[2, 3, 5, 7, 11, 13, 17, 19, 23, 29, 31, 37, 41, 43]","[4, 9, 25, 49, 121, 169, 289, 361, 529, 841, 961, 1369, 1681, 1849]",64,no_relation,0,0,0,no_relation,0,0,0,False,,,,True,False,0.00021995799033902586,False,False
192,26,3138550867693340381917894731118449867580104790957273351037,14005692743696534979682984577,224091083899144559674927753981,14,"[2, 3, 5, 7, 11, 13, 17, 19, 23, 29, 31, 37, 41, 43]","[4, 9, 25, 49, 121, 169, 289, 361, 529, 841, 961, 1369, 1681, 1849]",64,no_relation,0,0,0,no_relation,0,0,0,False,,,,True,False,0.00022041701595298946,False,False
192,27,3138550867693340381917894734283736427655521696365627865439,14005692743696534979682984577,224091083899144559674927754207,14,"[2, 3, 5, 7, 11, 13, 17, 19, 23, 29, 31, 37, 41, 43]","[4, 9, 25, 49, 121, 169, 289, 361, 529, 841, 961, 1369, 1681, 1849]",64,no_relation,0,0,0,no_relation,0,0,0,False,,,,True,False,0.00022100002388469875,False,False
192,28,3138550867693340381917894734871975522890776165512313217673,14005692743696534979682984577,224091083899144559674927754249,14,"[2, 3, 5, 7, 11, 13, 17, 19, 23, 29, 31, 37, 41, 43]","[4, 9, 25, 49, 121, 169, 289, 361, 529, 841, 961, 1369, 1681, 1849]",64,no_relation,0,0,0,no_relation,0,0,0,False,,,,True,False,0.00022079201880842447,False,False
192,29,3138550867693340381917894737393000216756152461855250441533,14005692743696534979682984577,224091083899144559674927754429,14,"[2, 3, 5, 7, 11, 13, 17, 19, 23, 29, 31, 37, 41, 43]","[4, 9, 25, 49, 121, 169, 289, 361, 529, 841, 961, 1369, 1681, 1849]",64,no_relation,0,0,0,no_relation,0,0,0,False,,,,True,False,0.00022062502102926373,False,False
192,30,3138550867693340381917894738009250697478800000961301762921,14005692743696534979682984577,224091083899144559674927754473,14,"[2, 3, 5, 7, 11, 13, 17, 19, 23, 29, 31, 37, 41, 43]","[4, 9, 25, 49, 121, 169, 289, 361, 529, 841, 961, 1369, 1681, 1849]",64,no_relation,0,0,0,no_relation,0,0,0,False,,,,True,False,0.00021941697923466563,False,False
192,31,3138550867693340381917894738849592262100592099742280837541,14005692743696534979682984577,224091083899144559674927754533,14,"[2, 3, 5, 7, 11, 13, 17, 19, 23, 29, 31, 37, 41, 43]","[4, 9, 25, 49, 121, 169, 289, 361, 529, 841, 961, 1369, 1681, 1849]",64,no_relation,0,0,0,no_relation,0,0,0,False,,,,True,False,0.0002199580194428563,False,False
192,32,3138550867693340381917894740950446173655072346694728524091,14005692743696534979682984577,224091083899144559674927754683,14,"[2, 3, 5, 7, 11, 13, 17, 19, 23, 29, 31, 37, 41, 43]","[4, 9, 25, 49, 121, 169, 289, 361, 529, 841, 961, 1369, 1681, 1849]",64,no_relation,0,0,0,no_relation,0,0,0,False,,,,True,False,0.00022187497233971953,False,False
192,33,3138550867693340381917894741090503101092037696491558369861,14005692743696534979682984577,224091083899144559674927754693,14,"[2, 3, 5, 7, 11, 13, 17, 19, 23, 29, 31, 37, 41, 43]","[4, 9, 25, 49, 121, 169, 289, 361, 529, 841, 961, 1369, 1681, 1849]",64,no_relation,0,0,0,no_relation,0,0,0,False,,,,True,False,0.000220833026105538,False,False
192,34,3138550867693340381917894741174537257554216906369656277323,14005692743696534979682984577,224091083899144559674927754699,14,"[2, 3, 5, 7, 11, 13, 17, 19, 23, 29, 31, 37, 41, 43]","[4, 9, 25, 49, 121, 169, 289, 361, 529, 841, 961, 1369, 1681, 1849]",64,no_relation,0,0,0,no_relation,0,0,0,False,,,,True,False,0.00022141699446365237,False,False
192,35,3138550867693340381917894742603117917411263474297320704177,14005692743696534979682984577,224091083899144559674927754801,14,"[2, 3, 5, 7, 11, 13, 17, 19, 23, 29, 31, 37, 41, 43]","[4, 9, 25, 49, 121, 169, 289, 361, 529, 841, 961, 1369, 1681, 1849]",64,no_relation,0,0,0,no_relation,0,0,0,False,,,,True,False,0.00021962501341477036,False,False
192,36,3138550867693340381917894744031698577268310042224985131031,14005692743696534979682984577,224091083899144559674927754903,14,"[2, 3, 5, 7, 11, 13, 17, 19, 23, 29, 31, 37, 41, 43]","[4, 9, 25, 49, 121, 169, 289, 361, 529, 841, 961, 1369, 1681, 1849]",64,no_relation,0,0,0,no_relation,0,0,0,False,,,,True,False,0.00022087499382905662,False,False
192,37,3138550867693340381917894746412666343696720988771092509121,14005692743696534979682984577,224091083899144559674927755073,14,"[2, 3, 5, 7, 11, 13, 17, 19, 23, 29, 31, 37, 41, 43]","[4, 9, 25, 49, 121, 169, 289, 361, 529, 841, 961, 1369, 1681, 1849]",64,no_relation,0,0,0,no_relation,0,0,0,False,,,,True,False,0.00022233399795368314,False,False
192,38,3138550867693340381917894747505110377705050717186365306127,14005692743696534979682984577,224091083899144559674927755151,14,"[2, 3, 5, 7, 11, 13, 17, 19, 23, 29, 31, 37, 41, 43]","[4, 9, 25, 49, 121, 169, 289, 361, 529, 841, 961, 1369, 1681, 1849]",64,no_relation,0,0,0,no_relation,0,0,0,False,,,,True,False,0.0002245830255560577,False,False
192,39,3138550867693340381917894747813235618066374486739390966821,14005692743696534979682984577,224091083899144559674927755173,14,"[2, 3, 5, 7, 11, 13, 17, 19, 23, 29, 31, 37, 41, 43]","[4, 9, 25, 49, 121, 169, 289, 361, 529, 841, 961, 1369, 1681, 1849]",64,no_relation,0,0,0,no_relation,0,0,0,False,,,,True,False,0.00022537499899044633,False,False
192,40,3138550867693340381917894713891447792833366765947202320301,14005692743696534979682984579,224091083899144559674927752719,14,"[2, 3, 5, 7, 11, 13, 17, 19, 23, 29, 31, 37, 41, 43]","[4, 9, 25, 49, 121, 169, 289, 361, 529, 841, 961, 1369, 1681, 1849]",64,no_relation,0,0,0,no_relation,0,0,0,False,,,,True,False,0.00022191597963683307,False,False
192,41,3138550867693340381917894716244404173774384642533943729573,14005692743696534979682984579,224091083899144559674927752887,14,"[2, 3, 5, 7, 11, 13, 17, 19, 23, 29, 31, 37, 41, 43]","[4, 9, 25, 49, 121, 169, 289, 361, 529, 841, 961, 1369, 1681, 1849]",64,no_relation,0,0,0,no_relation,0,0,0,False,,,,True,False,0.00025437501608394086,False,False
192,42,3138550867693340381917894717252814051320535161071118619261,14005692743696534979682984579,224091083899144559674927752959,14,"[2, 3, 5, 7, 11, 13, 17, 19, 23, 29, 31, 37, 41, 43]","[4, 9, 25, 49, 121, 169, 289, 361, 529, 841, 961, 1369, 1681, 1849]",64,no_relation,0,0,0,no_relation,0,0,0,False,,,,True,False,0.0002339579805266112,False,False
192,43,3138550867693340381917894717841053146555789630217803971579,14005692743696534979682984579,224091083899144559674927753001,14,"[2, 3, 5, 7, 11, 13, 17, 19, 23, 29, 31, 37, 41, 43]","[4, 9, 25, 49, 121, 169, 289, 361, 529, 841, 961, 1369, 1681, 1849]",64,no_relation,0,0,0,no_relation,0,0,0,False,,,,True,False,0.0002281250199303031,False,False
192,44,3138550867693340381917894718289235314354078749567659478107,14005692743696534979682984579,224091083899144559674927753033,14,"[2, 3, 5, 7, 11, 13, 17, 19, 23, 29, 31, 37, 41, 43]","[4, 9, 25, 49, 121, 169, 289, 361, 529, 841, 961, 1369, 1681, 1849]",64,no_relation,0,0,0,no_relation,0,0,0,False,,,,True,False,0.00022879202151671052,False,False
192,45,3138550867693340381917894718681394711177581728998783046319,14005692743696534979682984579,224091083899144559674927753061,14,"[2, 3, 5, 7, 11, 13, 17, 19, 23, 29, 31, 37, 41, 43]","[4, 9, 25, 49, 121, 169, 289, 361, 529, 841, 961, 1369, 1681, 1849]",64,no_relation,0,0,0,no_relation,0,0,0,False,,,,True,False,0.000225499999942258,False,False
192,46,3138550867693340381917894719633781817748946107617225997691,14005692743696534979682984579,224091083899144559674927753129,14,"[2, 3, 5, 7, 11, 13, 17, 19, 23, 29, 31, 37, 41, 43]","[4, 9, 25, 49, 121, 169, 289, 361, 529, 841, 961, 1369, 1681, 1849]",64,no_relation,0,0,0,no_relation,0,0,0,False,,,,True,False,0.00022537499899044633,False,False
192,47,3138550867693340381917894719885884287135483737251519720113,14005692743696534979682984579,224091083899144559674927753147,14,"[2, 3, 5, 7, 11, 13, 17, 19, 23, 29, 31, 37, 41, 43]","[4, 9, 25, 49, 121, 169, 289, 361, 529, 841, 961, 1369, 1681, 1849]",64,no_relation,0,0,0,no_relation,0,0,0,False,,,,True,False,0.0002242090122308582,False,False
192,48,3138550867693340381917894720474123382370738206398205072431,14005692743696534979682984579,224091083899144559674927753189,14,"[2, 3, 5, 7, 11, 13, 17, 19, 23, 29, 31, 37, 41, 43]","[4, 9, 25, 49, 121, 169, 289, 361, 529, 841, 961, 1369, 1681, 1849]",64,no_relation,0,0,0,no_relation,0,0,0,False,,,,True,False,0.00022462502238340676,False,False
192,49,3138550867693340381917894721566567416379067934813477869593,14005692743696534979682984579,224091083899144559674927753267,14,"[2, 3, 5, 7, 11, 13, 17, 19, 23, 29, 31, 37, 41, 43]","[4, 9, 25, 49, 121, 169, 289, 361, 529, 841, 961, 1369, 1681, 1849]",64,no_relation,0,0,0,no_relation,0,0,0,False,,,,True,False,0.0002231250109616667,False,False
192,50,3138550867693340381917894721790658500278212494488405622857,14005692743696534979682984579,224091083899144559674927753283,14,"[2, 3, 5, 7, 11, 13, 17, 19, 23, 29, 31, 37, 41, 43]","[4, 9, 25, 49, 121, 169, 289, 361, 529, 841, 961, 1369, 1681, 1849]",64,no_relation,0,0,0,no_relation,0,0,0,False,,,,True,False,0.00022408299264498055,False,False
192,51,3138550867693340381917894721874692656740391704366503530331,14005692743696534979682984579,224091083899144559674927753289,14,"[2, 3, 5, 7, 11, 13, 17, 19, 23, 29, 31, 37, 41, 43]","[4, 9, 25, 49, 121, 169, 289, 361, 529, 841, 961, 1369, 1681, 1849]",64,no_relation,0,0,0,no_relation,0,0,0,False,,,,True,False,0.00022262500715442002,False,False
192,52,3138550867693340381917894722070772355152143194082065314437,14005692743696534979682984579,224091083899144559674927753303,14,"[2, 3, 5, 7, 11, 13, 17, 19, 23, 29, 31, 37, 41, 43]","[4, 9, 25, 49, 121, 169, 289, 361, 529, 841, 961, 1369, 1681, 1849]",64,no_relation,0,0,0,no_relation,0,0,0,False,,,,True,False,0.00022449999232776463,False,False
192,53,3138550867693340381917894722574977293925218453350652759281,14005692743696534979682984579,224091083899144559674927753339,14,"[2, 3, 5, 7, 11, 13, 17, 19, 23, 29, 31, 37, 41, 43]","[4, 9, 25, 49, 121, 169, 289, 361, 529, 841, 961, 1369, 1681, 1849]",64,no_relation,0,0,0,no_relation,0,0,0,False,,,,True,False,0.0002243329945486039,False,False
192,54,3138550867693340381917894723135205003673079852537972142441,14005692743696534979682984579,224091083899144559674927753379,14,"[2, 3, 5, 7, 11, 13, 17, 19, 23, 29, 31, 37, 41, 43]","[4, 9, 25, 49, 121, 169, 289, 361, 529, 841, 961, 1369, 1681, 1849]",64,no_relation,0,0,0,no_relation,0,0,0,False,,,,True,False,0.00022487499518319964,False,False
192,55,3138550867693340381917894723303273316597438272294167957389,14005692743696534979682984579,224091083899144559674927753391,14,"[2, 3, 5, 7, 11, 13, 17, 19, 23, 29, 31, 37, 41, 43]","[4, 9, 25, 49, 121, 169, 289, 361, 529, 841, 961, 1369, 1681, 1849]",64,no_relation,0,0,0,no_relation,0,0,0,False,,,,True,False,0.00022258399985730648,False,False
192,56,3138550867693340381917894724143614881219230371075147032129,14005692743696534979682984579,224091083899144559674927753451,14,"[2, 3, 5, 7, 11, 13, 17, 19, 23, 29, 31, 37, 41, 43]","[4, 9, 25, 49, 121, 169, 289, 361, 529, 841, 961, 1369, 1681, 1849]",64,no_relation,0,0,0,no_relation,0,0,0,False,,,,True,False,0.00022537499899044633,False,False
192,57,3138550867693340381917894724507762892555340280546904631183,14005692743696534979682984579,224091083899144559674927753477,14,"[2, 3, 5, 7, 11, 13, 17, 19, 23, 29, 31, 37, 41, 43]","[4, 9, 25, 49, 121, 169, 289, 361, 529, 841, 961, 1369, 1681, 1849]",64,no_relation,0,0,0,no_relation,0,0,0,False,,,,True,False,0.00022358400747179985,False,False
192,58,3138550867693340381917894725067990602303201679734224014343,14005692743696534979682984579,224091083899144559674927753517,14,"[2, 3, 5, 7, 11, 13, 17, 19, 23, 29, 31, 37, 41, 43]","[4, 9, 25, 49, 121, 169, 289, 361, 529, 841, 961, 1369, 1681, 1849]",64,no_relation,0,0,0,no_relation,0,0,0,False,,,,True,False,0.000223666982492432,False,False
192,59,3138550867693340381917894725096001987790594749693589983501,14005692743696534979682984579,224091083899144559674927753519,14,"[2, 3, 5, 7, 11, 13, 17, 19, 23, 29, 31, 37, 41, 43]","[4, 9, 25, 49, 121, 169, 289, 361, 529, 841, 961, 1369, 1681, 1849]",64,no_relation,0,0,0,no_relation,0,0,0,False,,,,True,False,0.00022516699391417205,False,False
192,60,3138550867693340381917894727953163307504687885548918837617,14005692743696534979682984579,224091083899144559674927753723,14,"[2, 3, 5, 7, 11, 13, 17, 19, 23, 29, 31, 37, 41, 43]","[4, 9, 25, 49, 121, 169, 289, 361, 529, 841, 961, 1369, 1681, 1849]",64,no_relation,0,0,0,no_relation,0,0,0,False,,,,True,False,0.00022562500089406967,False,False
192,61,3138550867693340381917894728513391017252549284736238220777,14005692743696534979682984579,224091083899144559674927753763,14,"[2, 3, 5, 7, 11, 13, 17, 19, 23, 29, 31, 37, 41, 43]","[4, 9, 25, 49, 121, 169, 289, 361, 529, 841, 961, 1369, 1681, 1849]",64,no_relation,0,0,0,no_relation,0,0,0,False,,,,True,False,0.0002553329977672547,False,False
192,62,3138550867693340381917894728625436559202121564573702097409,14005692743696534979682984579,224091083899144559674927753771,14,"[2, 3, 5, 7, 11, 13, 17, 19, 23, 29, 31, 37, 41, 43]","[4, 9, 25, 49, 121, 169, 289, 361, 529, 841, 961, 1369, 1681, 1849]",64,no_relation,0,0,0,no_relation,0,0,0,False,,,,True,False,0.00023224999313242733,False,False
192,63,3138550867693340381917894729605835051260879013151511017939,14005692743696534979682984579,224091083899144559674927753841,14,"[2, 3, 5, 7, 11, 13, 17, 19, 23, 29, 31, 37, 41, 43]","[4, 9, 25, 49, 121, 169, 289, 361, 529, 841, 961, 1369, 1681, 1849]",64,no_relation,0,0,0,no_relation,0,0,0,False,,,,True,False,0.00023733300622552633,False,False
192,64,3138550867693340381917894730446176615882671111932490092679,14005692743696534979682984579,224091083899144559674927753901,14,"[2, 3, 5, 7, 11, 13, 17, 19, 23, 29, 31, 37, 41, 43]","[4, 9, 25, 49, 121, 169, 289, 361, 529, 841, 961, 1369, 1681, 1849]",64,no_relation,0,0,0,no_relation,0,0,0,False,,,,True,False,0.0002617499849293381,False,False
192,65,3138550867693340381917894730894358783680960231282345599207,14005692743696534979682984579,224091083899144559674927753933,14,"[2, 3, 5, 7, 11, 13, 17, 19, 23, 29, 31, 37, 41, 43]","[4, 9, 25, 49, 121, 169, 289, 361, 529, 841, 961, 1369, 1681, 1849]",64,no_relation,0,0,0,no_relation,0,0,0,False,,,,True,False,0.00022608402650803328,False,False
192,66,3138550867693340381917894731566632035378393910307128858999,14005692743696534979682984579,224091083899144559674927753981,14,"[2, 3, 5, 7, 11, 13, 17, 19, 23, 29, 31, 37, 41, 43]","[4, 9, 25, 49, 121, 169, 289, 361, 529, 841, 961, 1369, 1681, 1849]",64,no_relation,0,0,0,no_relation,0,0,0,False,,,,True,False,0.0002328749978914857,False,False
192,67,3138550867693340381917894734731918595453810815715483373853,14005692743696534979682984579,224091083899144559674927754207,14,"[2, 3, 5, 7, 11, 13, 17, 19, 23, 29, 31, 37, 41, 43]","[4, 9, 25, 49, 121, 169, 289, 361, 529, 841, 961, 1369, 1681, 1849]",64,no_relation,0,0,0,no_relation,0,0,0,False,,,,True,False,0.00024304099497385323,False,False
192,68,3138550867693340381917894735320157690689065284862168726171,14005692743696534979682984579,224091083899144559674927754249,14,"[2, 3, 5, 7, 11, 13, 17, 19, 23, 29, 31, 37, 41, 43]","[4, 9, 25, 49, 121, 169, 289, 361, 529, 841, 961, 1369, 1681, 1849]",64,no_relation,0,0,0,no_relation,0,0,0,False,,,,True,False,0.00022375001572072506,False,False
192,69,3138550867693340381917894737841182384554441581205105950391,14005692743696534979682984579,224091083899144559674927754429,14,"[2, 3, 5, 7, 11, 13, 17, 19, 23, 29, 31, 37, 41, 43]","[4, 9, 25, 49, 121, 169, 289, 361, 529, 841, 961, 1369, 1681, 1849]",64,no_relation,0,0,0,no_relation,0,0,0,False,,,,True,False,0.0002214159758295864,False,False
192,70,3138550867693340381917894738457432865277089120311157271867,14005692743696534979682984579,224091083899144559674927754473,14,"[2, 3, 5, 7, 11, 13, 17, 19, 23, 29, 31, 37, 41, 43]","[4, 9, 25, 49, 121, 169, 289, 361, 529, 841, 961, 1369, 1681, 1849]",64,no_relation,0,0,0,no_relation,0,0,0,False,,,,True,False,0.00022095799795351923,False,False
192,71,3138550867693340381917894739297774429898881219092136346607,14005692743696534979682984579,224091083899144559674927754533,14,"[2, 3, 5, 7, 11, 13, 17, 19, 23, 29, 31, 37, 41, 43]","[4, 9, 25, 49, 121, 169, 289, 361, 529, 841, 961, 1369, 1681, 1849]",64,no_relation,0,0,0,no_relation,0,0,0,False,,,,True,False,0.0002204999909736216,False,False
192,72,3138550867693340381917894741398628341453361466044584033457,14005692743696534979682984579,224091083899144559674927754683,14,"[2, 3, 5, 7, 11, 13, 17, 19, 23, 29, 31, 37, 41, 43]","[4, 9, 25, 49, 121, 169, 289, 361, 529, 841, 961, 1369, 1681, 1849]",64,no_relation,0,0,0,no_relation,0,0,0,False,,,,True,False,0.00021941697923466563,False,False
192,73,3138550867693340381917894741538685268890326815841413879247,14005692743696534979682984579,224091083899144559674927754693,14,"[2, 3, 5, 7, 11, 13, 17, 19, 23, 29, 31, 37, 41, 43]","[4, 9, 25, 49, 121, 169, 289, 361, 529, 841, 961, 1369, 1681, 1849]",64,no_relation,0,0,0,no_relation,0,0,0,False,,,,True,False,0.000220416986849159,False,False
192,74,3138550867693340381917894741622719425352506025719511786721,14005692743696534979682984579,224091083899144559674927754699,14,"[2, 3, 5, 7, 11, 13, 17, 19, 23, 29, 31, 37, 41, 43]","[4, 9, 25, 49, 121, 169, 289, 361, 529, 841, 961, 1369, 1681, 1849]",64,no_relation,0,0,0,no_relation,0,0,0,False,,,,True,False,0.0002195000124629587,False,False
192,75,3138550867693340381917894743051300085209552593647176213779,14005692743696534979682984579,224091083899144559674927754801,14,"[2, 3, 5, 7, 11, 13, 17, 19, 23, 29, 31, 37, 41, 43]","[4, 9, 25, 49, 121, 169, 289, 361, 529, 841, 961, 1369, 1681, 1849]",64,no_relation,0,0,0,no_relation,0,0,0,False,,,,True,False,0.0002201249881181866,False,False
192,76,3138550867693340381917894744479880745066599161574840640837,14005692743696534979682984579,224091083899144559674927754903,14,"[2, 3, 5, 7, 11, 13, 17, 19, 23, 29, 31, 37, 41, 43]","[4, 9, 25, 49, 121, 169, 289, 361, 529, 841, 961, 1369, 1681, 1849]",64,no_relation,0,0,0,no_relation,0,0,0,False,,,,True,False,0.00022395799169316888,False,False
192,77,3138550867693340381917894746860848511495010108120948019267,14005692743696534979682984579,224091083899144559674927755073,14,"[2, 3, 5, 7, 11, 13, 17, 19, 23, 29, 31, 37, 41, 43]","[4, 9, 25, 49, 121, 169, 289, 361, 529, 841, 961, 1369, 1681, 1849]",64,no_relation,0,0,0,no_relation,0,0,0,False,,,,True,False,0.00022245800937525928,False,False
192,78,3138550867693340381917894747953292545503339836536220816429,14005692743696534979682984579,224091083899144559674927755151,14,"[2, 3, 5, 7, 11, 13, 17, 19, 23, 29, 31, 37, 41, 43]","[4, 9, 25, 49, 121, 169, 289, 361, 529, 841, 961, 1369, 1681, 1849]",64,no_relation,0,0,0,no_relation,0,0,0,False,,,,True,False,0.0002197079884354025,False,False
192,79,3138550867693340381917894748261417785864663606089246477167,14005692743696534979682984579,224091083899144559674927755173,14,"[2, 3, 5, 7, 11, 13, 17, 19, 23, 29, 31, 37, 41, 43]","[4, 9, 25, 49, 121, 169, 289, 361, 529, 841, 961, 1369, 1681, 1849]",64,no_relation,0,0,0,no_relation,0,0,0,False,,,,True,False,0.0002213749976363033,False,False
192,80,3138550867693340381917894711902639423228458798832218359153,14005692743696534979682984657,224091083899144559674927751329,14,"[2, 3, 5, 7, 11, 13, 17, 19, 23, 29, 31, 37, 41, 43]","[4, 9, 25, 49, 121, 169, 289, 361, 529, 841, 961, 1369, 1681, 1849]",64,no_relation,0,0,0,no_relation,0,0,0,False,,,,True,False,0.00022070799604989588,False,False
192,81,3138550867693340381917894713723379479909008346191006364563,14005692743696534979682984657,224091083899144559674927751459,14,"[2, 3, 5, 7, 11, 13, 17, 19, 23, 29, 31, 37, 41, 43]","[4, 9, 25, 49, 121, 169, 289, 361, 529, 841, 961, 1369, 1681, 1849]",64,no_relation,0,0,0,no_relation,0,0,0,False,,,,True,False,0.00022016701404936612,False,False
192,82,3138550867693340381917894716524518028648315342127603295963,14005692743696534979682984657,224091083899144559674927751659,14,"[2, 3, 5, 7, 11, 13, 17, 19, 23, 29, 31, 37, 41, 43]","[4, 9, 25, 49, 121, 169, 289, 361, 529, 841, 961, 1369, 1681, 1849]",64,no_relation,0,0,0,no_relation,0,0,0,False,,,,True,False,0.0002203750191256404,False,False
192,83,3138550867693340381917894716692586341572673761883799111847,14005692743696534979682984657,224091083899144559674927751671,14,"[2, 3, 5, 7, 11, 13, 17, 19, 23, 29, 31, 37, 41, 43]","[4, 9, 25, 49, 121, 169, 289, 361, 529, 841, 961, 1369, 1681, 1849]",64,no_relation,0,0,0,no_relation,0,0,0,False,,,,True,False,0.00022062499192543328,False,False
192,84,3138550867693340381917894716860654654497032181639994927731,14005692743696534979682984657,224091083899144559674927751683,14,"[2, 3, 5, 7, 11, 13, 17, 19, 23, 29, 31, 37, 41, 43]","[4, 9, 25, 49, 121, 169, 289, 361, 529, 841, 961, 1369, 1681, 1849]",64,no_relation,0,0,0,no_relation,0,0,0,False,,,,True,False,0.00022016599541530013,False,False
192,85,3138550867693340381917894717196791280345749021152386559499,14005692743696534979682984657,224091083899144559674927751707,14,"[2, 3, 5, 7, 11, 13, 17, 19, 23, 29, 31, 37, 41, 43]","[4, 9, 25, 49, 121, 169, 289, 361, 529, 841, 961, 1369, 1681, 1849]",64,no_relation,0,0,0,no_relation,0,0,0,False,,,,True,False,0.00021958298748359084,False,False
192,86,3138550867693340381917894717672984833631431210461608037837,14005692743696534979682984657,224091083899144559674927751741,14,"[2, 3, 5, 7, 11, 13, 17, 19, 23, 29, 31, 37, 41, 43]","[4, 9, 25, 49, 121, 169, 289, 361, 529, 841, 961, 1369, 1681, 1849]",64,no_relation,0,0,0,no_relation,0,0,0,False,,,,True,False,0.00021966599160805345,False,False
192,87,3138550867693340381917894717925087303017968840095901761663,14005692743696534979682984657,224091083899144559674927751759,14,"[2, 3, 5, 7, 11, 13, 17, 19, 23, 29, 31, 37, 41, 43]","[4, 9, 25, 49, 121, 169, 289, 361, 529, 841, 961, 1369, 1681, 1849]",64,no_relation,0,0,0,no_relation,0,0,0,False,,,,True,False,0.00022350001381710172,False,False
192,88,3138550867693340381917894718093155615942327259852097577547,14005692743696534979682984657,224091083899144559674927751771,14,"[2, 3, 5, 7, 11, 13, 17, 19, 23, 29, 31, 37, 41, 43]","[4, 9, 25, 49, 121, 169, 289, 361, 529, 841, 961, 1369, 1681, 1849]",64,no_relation,0,0,0,no_relation,0,0,0,False,,,,True,False,0.0002227500081062317,False,False
192,89,3138550867693340381917894720053952600059842157007715429527,14005692743696534979682984657,224091083899144559674927751911,14,"[2, 3, 5, 7, 11, 13, 17, 19, 23, 29, 31, 37, 41, 43]","[4, 9, 25, 49, 121, 169, 289, 361, 529, 841, 961, 1369, 1681, 1849]",64,no_relation,0,0,0,no_relation,0,0,0,False,,,,True,False,0.00022149999858811498,False,False
192,90,3138550867693340381917894721818669885765605564447771496309,14005692743696534979682984657,224091083899144559674927752037,14,"[2, 3, 5, 7, 11, 13, 17, 19, 23, 29, 31, 37, 41, 43]","[4, 9, 25, 49, 121, 169, 289, 361, 529, 841, 961, 1369, 1681, 1849]",64,no_relation,0,0,0,no_relation,0,0,0,False,,,,True,False,0.00022025001817382872,False,False
192,91,3138550867693340381917894722659011450387397663228750575729,14005692743696534979682984657,224091083899144559674927752097,14,"[2, 3, 5, 7, 11, 13, 17, 19, 23, 29, 31, 37, 41, 43]","[4, 9, 25, 49, 121, 169, 289, 361, 529, 841, 961, 1369, 1681, 1849]",64,no_relation,0,0,0,no_relation,0,0,0,False,,,,True,False,0.00021799997193738818,False,False
192,92,3138550867693340381917894723163216389160472922497338023381,14005692743696534979682984657,224091083899144559674927752133,14,"[2, 3, 5, 7, 11, 13, 17, 19, 23, 29, 31, 37, 41, 43]","[4, 9, 25, 49, 121, 169, 289, 361, 529, 841, 961, 1369, 1681, 1849]",64,no_relation,0,0,0,no_relation,0,0,0,False,,,,True,False,0.000219000008655712,False,False
192,93,3138550867693340381917894724815888132916664050099930212907,14005692743696534979682984657,224091083899144559674927752251,14,"[2, 3, 5, 7, 11, 13, 17, 19, 23, 29, 31, 37, 41, 43]","[4, 9, 25, 49, 121, 169, 289, 361, 529, 841, 961, 1369, 1681, 1849]",64,no_relation,0,0,0,no_relation,0,0,0,False,,,,True,False,0.0002185420016758144,False,False
192,94,3138550867693340381917894725768275239488028428718373169583,14005692743696534979682984657,224091083899144559674927752319,14,"[2, 3, 5, 7, 11, 13, 17, 19, 23, 29, 31, 37, 41, 43]","[4, 9, 25, 49, 121, 169, 289, 361, 529, 841, 961, 1369, 1681, 1849]",64,no_relation,0,0,0,no_relation,0,0,0,False,,,,True,False,0.00021912500960752368,False,False
192,95,3138550867693340381917894727280890055807254206524135512539,14005692743696534979682984657,224091083899144559674927752427,14,"[2, 3, 5, 7, 11, 13, 17, 19, 23, 29, 31, 37, 41, 43]","[4, 9, 25, 49, 121, 169, 289, 361, 529, 841, 961, 1369, 1681, 1849]",64,no_relation,0,0,0,no_relation,0,0,0,False,,,,True,False,0.00021845899755135179,False,False
192,96,3138550867693340381917894728877539028588659194207995763437,14005692743696534979682984657,224091083899144559674927752541,14,"[2, 3, 5, 7, 11, 13, 17, 19, 23, 29, 31, 37, 41, 43]","[4, 9, 25, 49, 121, 169, 289, 361, 529, 841, 961, 1369, 1681, 1849]",64,no_relation,0,0,0,no_relation,0,0,0,False,,,,True,False,0.00021895900135859847,False,False
192,97,3138550867693340381917894731370552336966642420591567032383,14005692743696534979682984657,224091083899144559674927752719,14,"[2, 3, 5, 7, 11, 13, 17, 19, 23, 29, 31, 37, 41, 43]","[4, 9, 25, 49, 121, 169, 289, 361, 529, 841, 961, 1369, 1681, 1849]",64,no_relation,0,0,0,no_relation,0,0,0,False,,,,True,False,0.00022058398462831974,False,False
192,98,3138550867693340381917894733723508717907660297178308454759,14005692743696534979682984657,224091083899144559674927752887,14,"[2, 3, 5, 7, 11, 13, 17, 19, 23, 29, 31, 37, 41, 43]","[4, 9, 25, 49, 121, 169, 289, 361, 529, 841, 961, 1369, 1681, 1849]",64,no_relation,0,0,0,no_relation,0,0,0,False,,,,True,False,0.00021945900516584516,False,False
192,99,3138550867693340381917894734731918595453810815715483350063,14005692743696534979682984657,224091083899144559674927752959,14,"[2, 3, 5, 7, 11, 13, 17, 19, 23, 29, 31, 37, 41, 43]","[4, 9, 25, 49, 121, 169, 289, 361, 529, 841, 961, 1369, 1681, 1849]",64,no_relation,0,0,0,no_relation,0,0,0,False,,,,True,False,0.00021845899755135179,False,False
256,0,57896044618658097711785492504343953928083509735227180576557233370505147288463,60153992292001127886258443119406264239,962463876672018046180135089910500227617,16,"[2, 3, 5, 7, 11, 13, 17, 19, 23, 29, 31, 37, 41, 43, 47, 53]","[4, 9, 25, 49, 121, 169, 289, 361, 529, 841, 961, 1369, 1681, 1849, 2209, 2809]",64,no_relation,0,0,0,no_relation,0,0,0,False,,,,True,False,0.0002789999998640269,False,False
256,1,57896044618658097711785492504343953938550304394035376828766202473281837266049,60153992292001127886258443119406264239,962463876672018046180135089910500227791,16,"[2, 3, 5, 7, 11, 13, 17, 19, 23, 29, 31, 37, 41, 43, 47, 53]","[4, 9, 25, 49, 121, 169, 289, 361, 529, 841, 961, 1369, 1681, 1849, 2209, 2809]",64,no_relation,0,0,0,no_relation,0,0,0,False,,,,True,False,0.0002584580215625465,False,False
256,2,57896044618658097711785492504343953950340486883267597894472857324685465056893,60153992292001127886258443119406264239,962463876672018046180135089910500227987,16,"[2, 3, 5, 7, 11, 13, 17, 19, 23, 29, 31, 37, 41, 43, 47, 53]","[4, 9, 25, 49, 121, 169, 289, 361, 529, 841, 961, 1369, 1681, 1849, 2209, 2809]",64,no_relation,0,0,0,no_relation,0,0,0,False,,,,True,False,0.0002566250041127205,False,False
256,3,57896044618658097711785492504343953953949726420787665567648363911849840911233,60153992292001127886258443119406264239,962463876672018046180135089910500228047,16,"[2, 3, 5, 7, 11, 13, 17, 19, 23, 29, 31, 37, 41, 43, 47, 53]","[4, 9, 25, 49, 121, 169, 289, 361, 529, 841, 961, 1369, 1681, 1849, 2209, 2809]",64,no_relation,0,0,0,no_relation,0,0,0,False,,,,True,False,0.00025512499269098043,False,False
256,4,57896044618658097711785492504343953958401121850395749031231488702685904464919,60153992292001127886258443119406264239,962463876672018046180135089910500228121,16,"[2, 3, 5, 7, 11, 13, 17, 19, 23, 29, 31, 37, 41, 43, 47, 53]","[4, 9, 25, 49, 121, 169, 289, 361, 529, 841, 961, 1369, 1681, 1849, 2209, 2809]",64,no_relation,0,0,0,no_relation,0,0,0,False,,,,True,False,0.0002543749869801104,False,False
256,5,57896044618658097711785492504343953960927589526659796402454343313700967562957,60153992292001127886258443119406264239,962463876672018046180135089910500228163,16,"[2, 3, 5, 7, 11, 13, 17, 19, 23, 29, 31, 37, 41, 43, 47, 53]","[4, 9, 25, 49, 121, 169, 289, 361, 529, 841, 961, 1369, 1681, 1849, 2209, 2809]",64,no_relation,0,0,0,no_relation,0,0,0,False,,,,True,False,0.00025420900783501565,False,False
256,6,57896044618658097711785492504343953963093133249171837006359647265999593075561,60153992292001127886258443119406264239,962463876672018046180135089910500228199,16,"[2, 3, 5, 7, 11, 13, 17, 19, 23, 29, 31, 37, 41, 43, 47, 53]","[4, 9, 25, 49, 121, 169, 289, 361, 529, 841, 961, 1369, 1681, 1849, 2209, 2809]",64,no_relation,0,0,0,no_relation,0,0,0,False,,,,True,False,0.0002547919866628945,False,False
256,7,57896044618658097711785492504343953963694673172091848285222231697193655717951,60153992292001127886258443119406264239,962463876672018046180135089910500228209,16,"[2, 3, 5, 7, 11, 13, 17, 19, 23, 29, 31, 37, 41, 43, 47, 53]","[4, 9, 25, 49, 121, 169, 289, 361, 529, 841, 961, 1369, 1681, 1849, 2209, 2809]",64,no_relation,0,0,0,no_relation,0,0,0,False,,,,True,False,0.0002548749907873571,False,False
256,8,57896044618658097711785492504343953971635000154635997166208346188955282597499,60153992292001127886258443119406264239,962463876672018046180135089910500228341,16,"[2, 3, 5, 7, 11, 13, 17, 19, 23, 29, 31, 37, 41, 43, 47, 53]","[4, 9, 25, 49, 121, 169, 289, 361, 529, 841, 961, 1369, 1681, 1849, 2209, 2809]",64,no_relation,0,0,0,no_relation,0,0,0,False,,,,True,False,0.0002570830110926181,False,False
256,9,57896044618658097711785492504343953974642699769236053560521268344925595809449,60153992292001127886258443119406264239,962463876672018046180135089910500228391,16,"[2, 3, 5, 7, 11, 13, 17, 19, 23, 29, 31, 37, 41, 43, 47, 53]","[4, 9, 25, 49, 121, 169, 289, 361, 529, 841, 961, 1369, 1681, 1849, 2209, 2809]",64,no_relation,0,0,0,no_relation,0,0,0,False,,,,True,False,0.0002545829920563847,False,False
256,10,57896044618658097711785492504343953977169167445500100931744122955940658907487,60153992292001127886258443119406264239,962463876672018046180135089910500228433,16,"[2, 3, 5, 7, 11, 13, 17, 19, 23, 29, 31, 37, 41, 43, 47, 53]","[4, 9, 25, 49, 121, 169, 289, 361, 529, 841, 961, 1369, 1681, 1849, 2209, 2809]",64,no_relation,0,0,0,no_relation,0,0,0,False,,,,True,False,0.00025516599998809397,False,False
256,11,57896044618658097711785492504343953980658098998436166349147112656866222233349,60153992292001127886258443119406264239,962463876672018046180135089910500228491,16,"[2, 3, 5, 7, 11, 13, 17, 19, 23, 29, 31, 37, 41, 43, 47, 53]","[4, 9, 25, 49, 121, 169, 289, 361, 529, 841, 961, 1369, 1681, 1849, 2209, 2809]",64,no_relation,0,0,0,no_relation,0,0,0,False,,,,True,False,0.000254832993960008,False,False
256,12,57896044618658097711785492504343953986553190243052276882000440082568036128771,60153992292001127886258443119406264239,962463876672018046180135089910500228589,16,"[2, 3, 5, 7, 11, 13, 17, 19, 23, 29, 31, 37, 41, 43, 47, 53]","[4, 9, 25, 49, 121, 169, 289, 361, 529, 841, 961, 1369, 1681, 1849, 2209, 2809]",64,no_relation,0,0,0,no_relation,0,0,0,False,,,,True,False,0.00025354200624860823,False,False
256,13,57896044618658097711785492504343953989440581873068331020540845352299536812243,60153992292001127886258443119406264239,962463876672018046180135089910500228637,16,"[2, 3, 5, 7, 11, 13, 17, 19, 23, 29, 31, 37, 41, 43, 47, 53]","[4, 9, 25, 49, 121, 169, 289, 361, 529, 841, 961, 1369, 1681, 1849, 2209, 2809]",64,no_relation,0,0,0,no_relation,0,0,0,False,,,,True,False,0.0002593749959487468,False,False
256,14,57896044618658097711785492504343953997019984901860473134209409185344726106357,60153992292001127886258443119406264239,962463876672018046180135089910500228763,16,"[2, 3, 5, 7, 11, 13, 17, 19, 23, 29, 31, 37, 41, 43, 47, 53]","[4, 9, 25, 49, 121, 169, 289, 361, 529, 841, 961, 1369, 1681, 1849, 2209, 2809]",64,no_relation,0,0,0,no_relation,0,0,0,False,,,,True,False,0.00025508299586363137,False,False
256,15,57896044618658097711785492504343953998463680716868500203479611820210476448093,60153992292001127886258443119406264239,962463876672018046180135089910500228787,16,"[2, 3, 5, 7, 11, 13, 17, 19, 23, 29, 31, 37, 41, 43, 47, 53]","[4, 9, 25, 49, 121, 169, 289, 361, 529, 841, 961, 1369, 1681, 1849, 2209, 2809]",64,no_relation,0,0,0,no_relation,0,0,0,False,,,,True,False,0.0002556669933255762,False,False
256,16,57896044618658097711785492504343954003516616069396594945925321042240602644169,60153992292001127886258443119406264239,962463876672018046180135089910500228871,16,"[2, 3, 5, 7, 11, 13, 17, 19, 23, 29, 31, 37, 41, 43, 47, 53]","[4, 9, 25, 49, 121, 169, 289, 361, 529, 841, 961, 1369, 1681, 1849, 2209, 2809]",64,no_relation,0,0,0,no_relation,0,0,0,False,,,,True,False,0.0002588339848443866,False,False
256,17,57896044618658097711785492504343954003877540023148601713242871700957040229603,60153992292001127886258443119406264239,962463876672018046180135089910500228877,16,"[2, 3, 5, 7, 11, 13, 17, 19, 23, 29, 31, 37, 41, 43, 47, 53]","[4, 9, 25, 49, 121, 169, 289, 361, 529, 841, 961, 1369, 1681, 1849, 2209, 2809]",64,no_relation,0,0,0,no_relation,0,0,0,False,,,,True,False,0.0002553749945946038,False,False
256,18,57896044618658097711785492504343954007125855606916662619100827629404978498509,60153992292001127886258443119406264239,962463876672018046180135089910500228931,16,"[2, 3, 5, 7, 11, 13, 17, 19, 23, 29, 31, 37, 41, 43, 47, 53]","[4, 9, 25, 49, 121, 169, 289, 361, 529, 841, 961, 1369, 1681, 1849, 2209, 2809]",64,no_relation,0,0,0,no_relation,0,0,0,False,,,,True,False,0.00025558299967087805,False,False
256,19,57896044618658097711785492504343954007727395529836673897963412060599041140899,60153992292001127886258443119406264239,962463876672018046180135089910500228941,16,"[2, 3, 5, 7, 11, 13, 17, 19, 23, 29, 31, 37, 41, 43, 47, 53]","[4, 9, 25, 49, 121, 169, 289, 361, 529, 841, 961, 1369, 1681, 1849, 2209, 2809]",64,no_relation,0,0,0,no_relation,0,0,0,False,,,,True,False,0.0002543749869801104,False,False
256,20,57896044618658097711785492504343954009532015298596707734551165354181229068069,60153992292001127886258443119406264239,962463876672018046180135089910500228971,16,"[2, 3, 5, 7, 11, 13, 17, 19, 23, 29, 31, 37, 41, 43, 47, 53]","[4, 9, 25, 49, 121, 169, 289, 361, 529, 841, 961, 1369, 1681, 1849, 2209, 2809]",64,no_relation,0,0,0,no_relation,0,0,0,False,,,,True,False,0.0002524169976823032,False,False
256,21,57896044618658097711785492504343954014705258635708804732769391462450167792623,60153992292001127886258443119406264239,962463876672018046180135089910500229057,16,"[2, 3, 5, 7, 11, 13, 17, 19, 23, 29, 31, 37, 41, 43, 47, 53]","[4, 9, 25, 49, 121, 169, 289, 361, 529, 841, 961, 1369, 1681, 1849, 2209, 2809]",64,no_relation,0,0,0,no_relation,0,0,0,False,,,,True,False,0.0002549579949118197,False,False
256,22,57896044618658097711785492504343954017833266234892863382854830504659293533051,60153992292001127886258443119406264239,962463876672018046180135089910500229109,16,"[2, 3, 5, 7, 11, 13, 17, 19, 23, 29, 31, 37, 41, 43, 47, 53]","[4, 9, 25, 49, 121, 169, 289, 361, 529, 841, 961, 1369, 1681, 1849, 2209, 2809]",64,no_relation,0,0,0,no_relation,0,0,0,False,,,,True,False,0.00025312500656582415,False,False
256,23,57896044618658097711785492504343954031909300431221127308239306194600359364977,60153992292001127886258443119406264239,962463876672018046180135089910500229343,16,"[2, 3, 5, 7, 11, 13, 17, 19, 23, 29, 31, 37, 41, 43, 47, 53]","[4, 9, 25, 49, 121, 169, 289, 361, 529, 841, 961, 1369, 1681, 1849, 2209, 2809]",64,no_relation,0,0,0,no_relation,0,0,0,False,,,,True,False,0.00025266699958592653,False,False
256,24,57896044618658097711785492504343954038887163537093258143045285596451486016701,60153992292001127886258443119406264239,962463876672018046180135089910500229459,16,"[2, 3, 5, 7, 11, 13, 17, 19, 23, 29, 31, 37, 41, 43, 47, 53]","[4, 9, 25, 49, 121, 169, 289, 361, 529, 841, 961, 1369, 1681, 1849, 2209, 2809]",64,no_relation,0,0,0,no_relation,0,0,0,False,,,,True,False,0.0002542500151321292,False,False
256,25,57896044618658097711785492504343954039127779506261262654590319368929111073657,60153992292001127886258443119406264239,962463876672018046180135089910500229463,16,"[2, 3, 5, 7, 11, 13, 17, 19, 23, 29, 31, 37, 41, 43, 47, 53]","[4, 9, 25, 49, 121, 169, 289, 361, 529, 841, 961, 1369, 1681, 1849, 2209, 2809]",64,no_relation,0,0,0,no_relation,0,0,0,False,,,,True,False,0.00025420798920094967,False,False
256,26,57896044618658097711785492504343954047910262380893427325984052064362425652551,60153992292001127886258443119406264239,962463876672018046180135089910500229609,16,"[2, 3, 5, 7, 11, 13, 17, 19, 23, 29, 31, 37, 41, 43, 47, 53]","[4, 9, 25, 49, 121, 169, 289, 361, 529, 841, 961, 1369, 1681, 1849, 2209, 2809]",64,no_relation,0,0,0,no_relation,0,0,0,False,,,,True,False,0.0002562500012572855,False,False
256,27,57896044618658097711785492504343954049594574165069458906799288471705801051243,60153992292001127886258443119406264239,962463876672018046180135089910500229637,16,"[2, 3, 5, 7, 11, 13, 17, 19, 23, 29, 31, 37, 41, 43, 47, 53]","[4, 9, 25, 49, 121, 169, 289, 361, 529, 841, 961, 1369, 1681, 1849, 2209, 2809]",64,no_relation,0,0,0,no_relation,0,0,0,False,,,,True,False,0.00025437501608394086,False,False
256,28,57896044618658097711785492504343954055730281378853573951197649669885240003621,60153992292001127886258443119406264239,962463876672018046180135089910500229739,16,"[2, 3, 5, 7, 11, 13, 17, 19, 23, 29, 31, 37, 41, 43, 47, 53]","[4, 9, 25, 49, 121, 169, 289, 361, 529, 841, 961, 1369, 1681, 1849, 2209, 2809]",64,no_relation,0,0,0,no_relation,0,0,0,False,,,,True,False,0.00025599999935366213,False,False
256,29,57896044618658097711785492504343954060181676808461657414780774460721303557307,60153992292001127886258443119406264239,962463876672018046180135089910500229813,16,"[2, 3, 5, 7, 11, 13, 17, 19, 23, 29, 31, 37, 41, 43, 47, 53]","[4, 9, 25, 49, 121, 169, 289, 361, 529, 841, 961, 1369, 1681, 1849, 2209, 2809]",64,no_relation,0,0,0,no_relation,0,0,0,False,,,,True,False,0.00025350000942125916,False,False
256,30,57896044618658097711785492504343954062347220530973698018686078413019929069911,60153992292001127886258443119406264239,962463876672018046180135089910500229849,16,"[2, 3, 5, 7, 11, 13, 17, 19, 23, 29, 31, 37, 41, 43, 47, 53]","[4, 9, 25, 49, 121, 169, 289, 361, 529, 841, 961, 1369, 1681, 1849, 2209, 2809]",64,no_relation,0,0,0,no_relation,0,0,0,False,,,,True,False,0.0002530830097384751,False,False
256,31,57896044618658097711785492504343954063069068438477711553321179730452804240779,60153992292001127886258443119406264239,962463876672018046180135089910500229861,16,"[2, 3, 5, 7, 11, 13, 17, 19, 23, 29, 31, 37, 41, 43, 47, 53]","[4, 9, 25, 49, 121, 169, 289, 361, 529, 841, 961, 1369, 1681, 1849, 2209, 2809]",64,no_relation,0,0,0,no_relation,0,0,0,False,,,,True,False,0.00028004200430586934,False,False
256,32,57896044618658097711785492504343954068362619760173810807311922724960555493811,60153992292001127886258443119406264239,962463876672018046180135089910500229949,16,"[2, 3, 5, 7, 11, 13, 17, 19, 23, 29, 31, 37, 41, 43, 47, 53]","[4, 9, 25, 49, 121, 169, 289, 361, 529, 841, 961, 1369, 1681, 1849, 2209, 2809]",64,no_relation,0,0,0,no_relation,0,0,0,False,,,,True,False,0.0002771250146906823,False,False
256,33,57896044618658097711785492504343954074859250927709932619027834581856432031623,60153992292001127886258443119406264239,962463876672018046180135089910500230057,16,"[2, 3, 5, 7, 11, 13, 17, 19, 23, 29, 31, 37, 41, 43, 47, 53]","[4, 9, 25, 49, 121, 169, 289, 361, 529, 841, 961, 1369, 1681, 1849, 2209, 2809]",64,no_relation,0,0,0,no_relation,0,0,0,False,,,,True,False,0.000266415998339653,False,False
256,34,57896044618658097711785492504343954086890049386110158196279523205737684879423,60153992292001127886258443119406264239,962463876672018046180135089910500230257,16,"[2, 3, 5, 7, 11, 13, 17, 19, 23, 29, 31, 37, 41, 43, 47, 53]","[4, 9, 25, 49, 121, 169, 289, 361, 529, 841, 961, 1369, 1681, 1849, 2209, 2809]",64,no_relation,0,0,0,no_relation,0,0,0,False,,,,True,False,0.0002647500077728182,False,False
256,35,57896044618658097711785492504343954087491589309030169475142107636931747521813,60153992292001127886258443119406264239,962463876672018046180135089910500230267,16,"[2, 3, 5, 7, 11, 13, 17, 19, 23, 29, 31, 37, 41, 43, 47, 53]","[4, 9, 25, 49, 121, 169, 289, 361, 529, 841, 961, 1369, 1681, 1849, 2209, 2809]",64,no_relation,0,0,0,no_relation,0,0,0,False,,,,True,False,0.00025920799816958606,False,False
256,36,57896044618658097711785492504343954087611897293614171730914624523170560050291,60153992292001127886258443119406264239,962463876672018046180135089910500230269,16,"[2, 3, 5, 7, 11, 13, 17, 19, 23, 29, 31, 37, 41, 43, 47, 53]","[4, 9, 25, 49, 121, 169, 289, 361, 529, 841, 961, 1369, 1681, 1849, 2209, 2809]",64,no_relation,0,0,0,no_relation,0,0,0,False,,,,True,False,0.0002687090018298477,False,False
256,37,57896044618658097711785492504343954091822676754054250682952715541528998547021,60153992292001127886258443119406264239,962463876672018046180135089910500230339,16,"[2, 3, 5, 7, 11, 13, 17, 19, 23, 29, 31, 37, 41, 43, 47, 53]","[4, 9, 25, 49, 121, 169, 289, 361, 529, 841, 961, 1369, 1681, 1849, 2209, 2809]",64,no_relation,0,0,0,no_relation,0,0,0,False,,,,True,False,0.0002579999854788184,False,False
256,38,57896044618658097711785492504343954096514688152830338658080874104842687157663,60153992292001127886258443119406264239,962463876672018046180135089910500230417,16,"[2, 3, 5, 7, 11, 13, 17, 19, 23, 29, 31, 37, 41, 43, 47, 53]","[4, 9, 25, 49, 121, 169, 289, 361, 529, 841, 961, 1369, 1681, 1849, 2209, 2809]",64,no_relation,0,0,0,no_relation,0,0,0,False,,,,True,False,0.00025629199808463454,False,False
256,39,57896044618658097711785492504343954115403041732518692814366025244336254128709,60153992292001127886258443119406264239,962463876672018046180135089910500230731,16,"[2, 3, 5, 7, 11, 13, 17, 19, 23, 29, 31, 37, 41, 43, 47, 53]","[4, 9, 25, 49, 121, 169, 289, 361, 529, 841, 961, 1369, 1681, 1849, 2209, 2809]",64,no_relation,0,0,0,no_relation,0,0,0,False,,,,True,False,0.00025812501553446054,False,False
256,40,57896044618658097711785492504343953926639813920219153507287030735639396908801,60153992292001127886258443119406264281,962463876672018046180135089910500226921,16,"[2, 3, 5, 7, 11, 13, 17, 19, 23, 29, 31, 37, 41, 43, 47, 53]","[4, 9, 25, 49, 121, 169, 289, 361, 529, 841, 961, 1369, 1681, 1849, 2209, 2809]",64,no_relation,0,0,0,no_relation,0,0,0,False,,,,True,False,0.00025870802346616983,False,False
256,41,57896044618658097711785492504343953947212479284083539244387418282476339292903,60153992292001127886258443119406264281,962463876672018046180135089910500227263,16,"[2, 3, 5, 7, 11, 13, 17, 19, 23, 29, 31, 37, 41, 43, 47, 53]","[4, 9, 25, 49, 121, 169, 289, 361, 529, 841, 961, 1369, 1681, 1849, 2209, 2809]",64,no_relation,0,0,0,no_relation,0,0,0,False,,,,True,False,0.000255541002843529,False,False
256,42,57896044618658097711785492504343953950460794867851600150245374210924277564077,60153992292001127886258443119406264281,962463876672018046180135089910500227317,16,"[2, 3, 5, 7, 11, 13, 17, 19, 23, 29, 31, 37, 41, 43, 47, 53]","[4, 9, 25, 49, 121, 169, 289, 361, 529, 841, 961, 1369, 1681, 1849, 2209, 2809]",64,no_relation,0,0,0,no_relation,0,0,0,False,,,,True,False,0.0002616249839775264,False,False
256,43,57896044618658097711785492504343953955032498282043685869601015887999153649433,60153992292001127886258443119406264281,962463876672018046180135089910500227393,16,"[2, 3, 5, 7, 11, 13, 17, 19, 23, 29, 31, 37, 41, 43, 47, 53]","[4, 9, 25, 49, 121, 169, 289, 361, 529, 841, 961, 1369, 1681, 1849, 2209, 2809]",64,no_relation,0,0,0,no_relation,0,0,0,False,,,,True,False,0.0002574580139480531,False,False
256,44,57896044618658097711785492504343953961649437434163809937089444631133842720343,60153992292001127886258443119406264281,962463876672018046180135089910500227503,16,"[2, 3, 5, 7, 11, 13, 17, 19, 23, 29, 31, 37, 41, 43, 47, 53]","[4, 9, 25, 49, 121, 169, 289, 361, 529, 841, 961, 1369, 1681, 1849, 2209, 2809]",64,no_relation,0,0,0,no_relation,0,0,0,False,,,,True,False,0.0002562080044299364,False,False
256,45,57896044618658097711785492504343953962250977357083821215952029062327905363153,60153992292001127886258443119406264281,962463876672018046180135089910500227513,16,"[2, 3, 5, 7, 11, 13, 17, 19, 23, 29, 31, 37, 41, 43, 47, 53]","[4, 9, 25, 49, 121, 169, 289, 361, 529, 841, 961, 1369, 1681, 1849, 2209, 2809]",64,no_relation,0,0,0,no_relation,0,0,0,False,,,,True,False,0.0002545420138631016,False,False
256,46,57896044618658097711785492504343953963333749218339841517904681038477218120211,60153992292001127886258443119406264281,962463876672018046180135089910500227531,16,"[2, 3, 5, 7, 11, 13, 17, 19, 23, 29, 31, 37, 41, 43, 47, 53]","[4, 9, 25, 49, 121, 169, 289, 361, 529, 841, 961, 1369, 1681, 1849, 2209, 2809]",64,no_relation,0,0,0,no_relation,0,0,0,False,,,,True,False,0.0002547500189393759,False,False
256,47,57896044618658097711785492504343953968506992555451938516122907146746156848377,60153992292001127886258443119406264281,962463876672018046180135089910500227617,16,"[2, 3, 5, 7, 11, 13, 17, 19, 23, 29, 31, 37, 41, 43, 47, 53]","[4, 9, 25, 49, 121, 169, 289, 361, 529, 841, 961, 1369, 1681, 1849, 2209, 2809]",64,no_relation,0,0,0,no_relation,0,0,0,False,,,,True,False,0.00025675000506453216,False,False
256,48,57896044618658097711785492504343953978973787214260134768331876249522846833271,60153992292001127886258443119406264281,962463876672018046180135089910500227791,16,"[2, 3, 5, 7, 11, 13, 17, 19, 23, 29, 31, 37, 41, 43, 47, 53]","[4, 9, 25, 49, 121, 169, 289, 361, 529, 841, 961, 1369, 1681, 1849, 2209, 2809]",64,no_relation,0,0,0,no_relation,0,0,0,False,,,,True,False,0.0002565000031609088,False,False
256,49,57896044618658097711785492504343953990763969703492355834038531100926474632347,60153992292001127886258443119406264281,962463876672018046180135089910500227987,16,"[2, 3, 5, 7, 11, 13, 17, 19, 23, 29, 31, 37, 41, 43, 47, 53]","[4, 9, 25, 49, 121, 169, 289, 361, 529, 841, 961, 1369, 1681, 1849, 2209, 2809]",64,no_relation,0,0,0,no_relation,0,0,0,False,,,,True,False,0.00025841701426543295,False,False
256,50,57896044618658097711785492504343953994373209241012423507214037688090850489207,60153992292001127886258443119406264281,962463876672018046180135089910500228047,16,"[2, 3, 5, 7, 11, 13, 17, 19, 23, 29, 31, 37, 41, 43, 47, 53]","[4, 9, 25, 49, 121, 169, 289, 361, 529, 841, 961, 1369, 1681, 1849, 2209, 2809]",64,no_relation,0,0,0,no_relation,0,0,0,False,,,,True,False,0.0002542089787311852,False,False
256,51,57896044618658097711785492504343953998824604670620506970797162478926914046001,60153992292001127886258443119406264281,962463876672018046180135089910500228121,16,"[2, 3, 5, 7, 11, 13, 17, 19, 23, 29, 31, 37, 41, 43, 47, 53]","[4, 9, 25, 49, 121, 169, 289, 361, 529, 841, 961, 1369, 1681, 1849, 2209, 2809]",64,no_relation,0,0,0,no_relation,0,0,0,False,,,,True,False,0.0002538750122766942,False,False
256,52,57896044618658097711785492504343954001351072346884554342020017089941977145803,60153992292001127886258443119406264281,962463876672018046180135089910500228163,16,"[2, 3, 5, 7, 11, 13, 17, 19, 23, 29, 31, 37, 41, 43, 47, 53]","[4, 9, 25, 49, 121, 169, 289, 361, 529, 841, 961, 1369, 1681, 1849, 2209, 2809]",64,no_relation,0,0,0,no_relation,0,0,0,False,,,,True,False,0.000257332983892411,False,False
256,53,57896044618658097711785492504343954003516616069396594945925321042240602659919,60153992292001127886258443119406264281,962463876672018046180135089910500228199,16,"[2, 3, 5, 7, 11, 13, 17, 19, 23, 29, 31, 37, 41, 43, 47, 53]","[4, 9, 25, 49, 121, 169, 289, 361, 529, 841, 961, 1369, 1681, 1849, 2209, 2809]",64,no_relation,0,0,0,no_relation,0,0,0,False,,,,True,False,0.00025599999935366213,False,False
256,54,57896044618658097711785492504343954004118155992316606224787905473434665302729,60153992292001127886258443119406264281,962463876672018046180135089910500228209,16,"[2, 3, 5, 7, 11, 13, 17, 19, 23, 29, 31, 37, 41, 43, 47, 53]","[4, 9, 25, 49, 121, 169, 289, 361, 529, 841, 961, 1369, 1681, 1849, 2209, 2809]",64,no_relation,0,0,0,no_relation,0,0,0,False,,,,True,False,0.00025654101045802236,False,False
256,55,57896044618658097711785492504343954012058482974860755105774019965196292187821,60153992292001127886258443119406264281,962463876672018046180135089910500228341,16,"[2, 3, 5, 7, 11, 13, 17, 19, 23, 29, 31, 37, 41, 43, 47, 53]","[4, 9, 25, 49, 121, 169, 289, 361, 529, 841, 961, 1369, 1681, 1849, 2209, 2809]",64,no_relation,0,0,0,no_relation,0,0,0,False,,,,True,False,0.0002573750098235905,False,False
256,56,57896044618658097711785492504343954015066182589460811500086942121166605401871,60153992292001127886258443119406264281,962463876672018046180135089910500228391,16,"[2, 3, 5, 7, 11, 13, 17, 19, 23, 29, 31, 37, 41, 43, 47, 53]","[4, 9, 25, 49, 121, 169, 289, 361, 529, 841, 961, 1369, 1681, 1849, 2209, 2809]",64,no_relation,0,0,0,no_relation,0,0,0,False,,,,True,False,0.00026000000070780516,False,False
256,57,57896044618658097711785492504343954017592650265724858871309796732181668501673,60153992292001127886258443119406264281,962463876672018046180135089910500228433,16,"[2, 3, 5, 7, 11, 13, 17, 19, 23, 29, 31, 37, 41, 43, 47, 53]","[4, 9, 25, 49, 121, 169, 289, 361, 529, 841, 961, 1369, 1681, 1849, 2209, 2809]",64,no_relation,0,0,0,no_relation,0,0,0,False,,,,True,False,0.0002573750098235905,False,False
256,58,57896044618658097711785492504343954021081581818660924288712786433107231829971,60153992292001127886258443119406264281,962463876672018046180135089910500228491,16,"[2, 3, 5, 7, 11, 13, 17, 19, 23, 29, 31, 37, 41, 43, 47, 53]","[4, 9, 25, 49, 121, 169, 289, 361, 529, 841, 961, 1369, 1681, 1849, 2209, 2809]",64,no_relation,0,0,0,no_relation,0,0,0,False,,,,True,False,0.0002575410180725157,False,False
256,59,57896044618658097711785492504343954026976673063277034821566113858809045729509,60153992292001127886258443119406264281,962463876672018046180135089910500228589,16,"[2, 3, 5, 7, 11, 13, 17, 19, 23, 29, 31, 37, 41, 43, 47, 53]","[4, 9, 25, 49, 121, 169, 289, 361, 529, 841, 961, 1369, 1681, 1849, 2209, 2809]",64,no_relation,0,0,0,no_relation,0,0,0,False,,,,True,False,0.00025608300347812474,False,False
256,60,57896044618658097711785492504343954029864064693293088960106519128540546414997,60153992292001127886258443119406264281,962463876672018046180135089910500228637,16,"[2, 3, 5, 7, 11, 13, 17, 19, 23, 29, 31, 37, 41, 43, 47, 53]","[4, 9, 25, 49, 121, 169, 289, 361, 529, 841, 961, 1369, 1681, 1849, 2209, 2809]",64,no_relation,0,0,0,no_relation,0,0,0,False,,,,True,False,0.00025795798865146935,False,False
256,61,57896044618658097711785492504343954037443467722085231073775082961585735714403,60153992292001127886258443119406264281,962463876672018046180135089910500228763,16,"[2, 3, 5, 7, 11, 13, 17, 19, 23, 29, 31, 37, 41, 43, 47, 53]","[4, 9, 25, 49, 121, 169, 289, 361, 529, 841, 961, 1369, 1681, 1849, 2209, 2809]",64,no_relation,0,0,0,no_relation,0,0,0,False,,,,True,False,0.0002573750098235905,False,False
256,62,57896044618658097711785492504343954038887163537093258143045285596451486057147,60153992292001127886258443119406264281,962463876672018046180135089910500228787,16,"[2, 3, 5, 7, 11, 13, 17, 19, 23, 29, 31, 37, 41, 43, 47, 53]","[4, 9, 25, 49, 121, 169, 289, 361, 529, 841, 961, 1369, 1681, 1849, 2209, 2809]",64,no_relation,0,0,0,no_relation,0,0,0,False,,,,True,False,0.00026020800578407943,False,False
256,63,57896044618658097711785492504343954043940098889621352885490994818481612256751,60153992292001127886258443119406264281,962463876672018046180135089910500228871,16,"[2, 3, 5, 7, 11, 13, 17, 19, 23, 29, 31, 37, 41, 43, 47, 53]","[4, 9, 25, 49, 121, 169, 289, 361, 529, 841, 961, 1369, 1681, 1849, 2209, 2809]",64,no_relation,0,0,0,no_relation,0,0,0,False,,,,True,False,0.0002573750098235905,False,False
256,64,57896044618658097711785492504343954044301022843373359652808545477198049842437,60153992292001127886258443119406264281,962463876672018046180135089910500228877,16,"[2, 3, 5, 7, 11, 13, 17, 19, 23, 29, 31, 37, 41, 43, 47, 53]","[4, 9, 25, 49, 121, 169, 289, 361, 529, 841, 961, 1369, 1681, 1849, 2209, 2809]",64,no_relation,0,0,0,no_relation,0,0,0,False,,,,True,False,0.0002567080082371831,False,False
256,65,57896044618658097711785492504343954047549338427141420558666501405645988113611,60153992292001127886258443119406264281,962463876672018046180135089910500228931,16,"[2, 3, 5, 7, 11, 13, 17, 19, 23, 29, 31, 37, 41, 43, 47, 53]","[4, 9, 25, 49, 121, 169, 289, 361, 529, 841, 961, 1369, 1681, 1849, 2209, 2809]",64,no_relation,0,0,0,no_relation,0,0,0,False,,,,True,False,0.00025716598611325026,False,False
256,66,57896044618658097711785492504343954048150878350061431837529085836840050756421,60153992292001127886258443119406264281,962463876672018046180135089910500228941,16,"[2, 3, 5, 7, 11, 13, 17, 19, 23, 29, 31, 37, 41, 43, 47, 53]","[4, 9, 25, 49, 121, 169, 289, 361, 529, 841, 961, 1369, 1681, 1849, 2209, 2809]",64,no_relation,0,0,0,no_relation,0,0,0,False,,,,True,False,0.00025795900728553534,False,False
256,67,57896044618658097711785492504343954049955498118821465674116839130422238684851,60153992292001127886258443119406264281,962463876672018046180135089910500228971,16,"[2, 3, 5, 7, 11, 13, 17, 19, 23, 29, 31, 37, 41, 43, 47, 53]","[4, 9, 25, 49, 121, 169, 289, 361, 529, 841, 961, 1369, 1681, 1849, 2209, 2809]",64,no_relation,0,0,0,no_relation,0,0,0,False,,,,True,False,0.00025695801014080644,False,False
256,68,57896044618658097711785492504343954055128741455933562672335065238691177413017,60153992292001127886258443119406264281,962463876672018046180135089910500229057,16,"[2, 3, 5, 7, 11, 13, 17, 19, 23, 29, 31, 37, 41, 43, 47, 53]","[4, 9, 25, 49, 121, 169, 289, 361, 529, 841, 961, 1369, 1681, 1849, 2209, 2809]",64,no_relation,0,0,0,no_relation,0,0,0,False,,,,True,False,0.00025716598611325026,False,False
256,69,57896044618658097711785492504343954058256749055117621322420504280900303155629,60153992292001127886258443119406264281,962463876672018046180135089910500229109,16,"[2, 3, 5, 7, 11, 13, 17, 19, 23, 29, 31, 37, 41, 43, 47, 53]","[4, 9, 25, 49, 121, 169, 289, 361, 529, 841, 961, 1369, 1681, 1849, 2209, 2809]",64,no_relation,0,0,0,no_relation,0,0,0,False,,,,True,False,0.00026000000070780516,False,False
256,70,57896044618658097711785492504343954072332783251445885247804979970841368997383,60153992292001127886258443119406264281,962463876672018046180135089910500229343,16,"[2, 3, 5, 7, 11, 13, 17, 19, 23, 29, 31, 37, 41, 43, 47, 53]","[4, 9, 25, 49, 121, 169, 289, 361, 529, 841, 961, 1369, 1681, 1849, 2209, 2809]",64,no_relation,0,0,0,no_relation,0,0,0,False,,,,True,False,0.0002572090015746653,False,False
256,71,57896044618658097711785492504343954079310646357318016082610959372692495653979,60153992292001127886258443119406264281,962463876672018046180135089910500229459,16,"[2, 3, 5, 7, 11, 13, 17, 19, 23, 29, 31, 37, 41, 43, 47, 53]","[4, 9, 25, 49, 121, 169, 289, 361, 529, 841, 961, 1369, 1681, 1849, 2209, 2809]",64,no_relation,0,0,0,no_relation,0,0,0,False,,,,True,False,0.0002570409851614386,False,False
256,72,57896044618658097711785492504343954079551262326486020594155993145170120711103,60153992292001127886258443119406264281,962463876672018046180135089910500229463,16,"[2, 3, 5, 7, 11, 13, 17, 19, 23, 29, 31, 37, 41, 43, 47, 53]","[4, 9, 25, 49, 121, 169, 289, 361, 529, 841, 961, 1369, 1681, 1849, 2209, 2809]",64,no_relation,0,0,0,no_relation,0,0,0,False,,,,True,False,0.0002597499988041818,False,False
256,73,57896044618658097711785492504343954088333745201118185265549725840603435296129,60153992292001127886258443119406264281,962463876672018046180135089910500229609,16,"[2, 3, 5, 7, 11, 13, 17, 19, 23, 29, 31, 37, 41, 43, 47, 53]","[4, 9, 25, 49, 121, 169, 289, 361, 529, 841, 961, 1369, 1681, 1849, 2209, 2809]",64,no_relation,0,0,0,no_relation,0,0,0,False,,,,True,False,0.00025787498452700675,False,False
256,74,57896044618658097711785492504343954090018056985294216846364962247946810695997,60153992292001127886258443119406264281,962463876672018046180135089910500229637,16,"[2, 3, 5, 7, 11, 13, 17, 19, 23, 29, 31, 37, 41, 43, 47, 53]","[4, 9, 25, 49, 121, 169, 289, 361, 529, 841, 961, 1369, 1681, 1849, 2209, 2809]",64,no_relation,0,0,0,no_relation,0,0,0,False,,,,True,False,0.00025554202147759497,False,False
256,75,57896044618658097711785492504343954096153764199078331890763323446126249652659,60153992292001127886258443119406264281,962463876672018046180135089910500229739,16,"[2, 3, 5, 7, 11, 13, 17, 19, 23, 29, 31, 37, 41, 43, 47, 53]","[4, 9, 25, 49, 121, 169, 289, 361, 529, 841, 961, 1369, 1681, 1849, 2209, 2809]",64,no_relation,0,0,0,no_relation,0,0,0,False,,,,True,False,0.0002565000031609088,False,False
256,76,57896044618658097711785492504343954100605159628686415354346448236962313209453,60153992292001127886258443119406264281,962463876672018046180135089910500229813,16,"[2, 3, 5, 7, 11, 13, 17, 19, 23, 29, 31, 37, 41, 43, 47, 53]","[4, 9, 25, 49, 121, 169, 289, 361, 529, 841, 961, 1369, 1681, 1849, 2209, 2809]",64,no_relation,0,0,0,no_relation,0,0,0,False,,,,True,False,0.0002566250041127205,False,False
256,77,57896044618658097711785492504343954102770703351198455958251752189260938723569,60153992292001127886258443119406264281,962463876672018046180135089910500229849,16,"[2, 3, 5, 7, 11, 13, 17, 19, 23, 29, 31, 37, 41, 43, 47, 53]","[4, 9, 25, 49, 121, 169, 289, 361, 529, 841, 961, 1369, 1681, 1849, 2209, 2809]",64,no_relation,0,0,0,no_relation,0,0,0,False,,,,True,False,0.0002574169775471091,False,False
256,78,57896044618658097711785492504343954103492551258702469492886853506693813894941,60153992292001127886258443119406264281,962463876672018046180135089910500229861,16,"[2, 3, 5, 7, 11, 13, 17, 19, 23, 29, 31, 37, 41, 43, 47, 53]","[4, 9, 25, 49, 121, 169, 289, 361, 529, 841, 961, 1369, 1681, 1849, 2209, 2809]",64,no_relation,0,0,0,no_relation,0,0,0,False,,,,True,False,0.0002575410180725157,False,False
256,79,57896044618658097711785492504343954108786102580398568746877596501201565151669,60153992292001127886258443119406264281,962463876672018046180135089910500229949,16,"[2, 3, 5, 7, 11, 13, 17, 19, 23, 29, 31, 37, 41, 43, 47, 53]","[4, 9, 25, 49, 121, 169, 289, 361, 529, 841, 961, 1369, 1681, 1849, 2209, 2809]",64,no_relation,0,0,0,no_relation,0,0,0,False,,,,True,False,0.0002549579949118197,False,False
256,80,57896044618658097711785492504343953934098908964427293365183077682445773659929,60153992292001127886258443119406264293,962463876672018046180135089910500226853,16,"[2, 3, 5, 7, 11, 13, 17, 19, 23, 29, 31, 37, 41, 43, 47, 53]","[4, 9, 25, 49, 121, 169, 289, 361, 529, 841, 961, 1369, 1681, 1849, 2209, 2809]",64,no_relation,0,0,0,no_relation,0,0,0,False,,,,True,False,0.0002595839905552566,False,False
256,81,57896044618658097711785492504343953935662912764019322690225797203550336531547,60153992292001127886258443119406264293,962463876672018046180135089910500226879,16,"[2, 3, 5, 7, 11, 13, 17, 19, 23, 29, 31, 37, 41, 43, 47, 53]","[4, 9, 25, 49, 121, 169, 289, 361, 529, 841, 961, 1369, 1681, 1849, 2209, 2809]",64,no_relation,0,0,0,no_relation,0,0,0,False,,,,True,False,0.0002563330053817481,False,False
256,82,57896044618658097711785492504343953937347224548195354271041033610893711931751,60153992292001127886258443119406264293,962463876672018046180135089910500226907,16,"[2, 3, 5, 7, 11, 13, 17, 19, 23, 29, 31, 37, 41, 43, 47, 53]","[4, 9, 25, 49, 121, 169, 289, 361, 529, 841, 961, 1369, 1681, 1849, 2209, 2809]",64,no_relation,0,0,0,no_relation,0,0,0,False,,,,True,False,0.00025691697373986244,False,False
256,83,57896044618658097711785492504343953938189380440283370061448651814565399631853,60153992292001127886258443119406264293,962463876672018046180135089910500226921,16,"[2, 3, 5, 7, 11, 13, 17, 19, 23, 29, 31, 37, 41, 43, 47, 53]","[4, 9, 25, 49, 121, 169, 289, 361, 529, 841, 961, 1369, 1681, 1849, 2209, 2809]",64,no_relation,0,0,0,no_relation,0,0,0,False,,,,True,False,0.00025754200760275126,False,False
256,84,57896044618658097711785492504343953958762045804147755798549039361402342020059,60153992292001127886258443119406264293,962463876672018046180135089910500227263,16,"[2, 3, 5, 7, 11, 13, 17, 19, 23, 29, 31, 37, 41, 43, 47, 53]","[4, 9, 25, 49, 121, 169, 289, 361, 529, 841, 961, 1369, 1681, 1849, 2209, 2809]",64,no_relation,0,0,0,no_relation,0,0,0,False,,,,True,False,0.00025679200189188123,False,False
256,85,57896044618658097711785492504343953962010361387915816704406995289850280291881,60153992292001127886258443119406264293,962463876672018046180135089910500227317,16,"[2, 3, 5, 7, 11, 13, 17, 19, 23, 29, 31, 37, 41, 43, 47, 53]","[4, 9, 25, 49, 121, 169, 289, 361, 529, 841, 961, 1369, 1681, 1849, 2209, 2809]",64,no_relation,0,0,0,no_relation,0,0,0,False,,,,True,False,0.0002564160095062107,False,False
256,86,57896044618658097711785492504343953966582064802107902423762636966925156378149,60153992292001127886258443119406264293,962463876672018046180135089910500227393,16,"[2, 3, 5, 7, 11, 13, 17, 19, 23, 29, 31, 37, 41, 43, 47, 53]","[4, 9, 25, 49, 121, 169, 289, 361, 529, 841, 961, 1369, 1681, 1849, 2209, 2809]",64,no_relation,0,0,0,no_relation,0,0,0,False,,,,True,False,0.0002592089876998216,False,False
256,87,57896044618658097711785492504343953973199003954228026491251065710059845450379,60153992292001127886258443119406264293,962463876672018046180135089910500227503,16,"[2, 3, 5, 7, 11, 13, 17, 19, 23, 29, 31, 37, 41, 43, 47, 53]","[4, 9, 25, 49, 121, 169, 289, 361, 529, 841, 961, 1369, 1681, 1849, 2209, 2809]",64,no_relation,0,0,0,no_relation,0,0,0,False,,,,True,False,0.0002572920056991279,False,False
256,88,57896044618658097711785492504343953973800543877148037770113650141253908093309,60153992292001127886258443119406264293,962463876672018046180135089910500227513,16,"[2, 3, 5, 7, 11, 13, 17, 19, 23, 29, 31, 37, 41, 43, 47, 53]","[4, 9, 25, 49, 121, 169, 289, 361, 529, 841, 961, 1369, 1681, 1849, 2209, 2809]",64,no_relation,0,0,0,no_relation,0,0,0,False,,,,True,False,0.0002582909946795553,False,False
256,89,57896044618658097711785492504343953974883315738404058072066302117403220850583,60153992292001127886258443119406264293,962463876672018046180135089910500227531,16,"[2, 3, 5, 7, 11, 13, 17, 19, 23, 29, 31, 37, 41, 43, 47, 53]","[4, 9, 25, 49, 121, 169, 289, 361, 529, 841, 961, 1369, 1681, 1849, 2209, 2809]",64,no_relation,0,0,0,no_relation,0,0,0,False,,,,True,False,0.00025787498452700675,False,False
256,90,57896044618658097711785492504343953980056559075516155070284528225672159579781,60153992292001127886258443119406264293,962463876672018046180135089910500227617,16,"[2, 3, 5, 7, 11, 13, 17, 19, 23, 29, 31, 37, 41, 43, 47, 53]","[4, 9, 25, 49, 121, 169, 289, 361, 529, 841, 961, 1369, 1681, 1849, 2209, 2809]",64,no_relation,0,0,0,no_relation,0,0,0,False,,,,True,False,0.00025791701045818627,False,False
256,91,57896044618658097711785492504343953990523353734324351322493497328448849566763,60153992292001127886258443119406264293,962463876672018046180135089910500227791,16,"[2, 3, 5, 7, 11, 13, 17, 19, 23, 29, 31, 37, 41, 43, 47, 53]","[4, 9, 25, 49, 121, 169, 289, 361, 529, 841, 961, 1369, 1681, 1849, 2209, 2809]",64,no_relation,0,0,0,no_relation,0,0,0,False,,,,True,False,0.0002615420089568943,False,False
256,92,57896044618658097711785492504343954002313536223556572388200152179852477368191,60153992292001127886258443119406264293,962463876672018046180135089910500227987,16,"[2, 3, 5, 7, 11, 13, 17, 19, 23, 29, 31, 37, 41, 43, 47, 53]","[4, 9, 25, 49, 121, 169, 289, 361, 529, 841, 961, 1369, 1681, 1849, 2209, 2809]",64,no_relation,0,0,0,no_relation,0,0,0,False,,,,True,False,0.00025912499404512346,False,False
256,93,57896044618658097711785492504343954005922775761076640061375658767016853225771,60153992292001127886258443119406264293,962463876672018046180135089910500228047,16,"[2, 3, 5, 7, 11, 13, 17, 19, 23, 29, 31, 37, 41, 43, 47, 53]","[4, 9, 25, 49, 121, 169, 289, 361, 529, 841, 961, 1369, 1681, 1849, 2209, 2809]",64,no_relation,0,0,0,no_relation,0,0,0,False,,,,True,False,0.0002580000145826489,False,False
256,94,57896044618658097711785492504343954010374171190684723524958783557852916783453,60153992292001127886258443119406264293,962463876672018046180135089910500228121,16,"[2, 3, 5, 7, 11, 13, 17, 19, 23, 29, 31, 37, 41, 43, 47, 53]","[4, 9, 25, 49, 121, 169, 289, 361, 529, 841, 961, 1369, 1681, 1849, 2209, 2809]",64,no_relation,0,0,0,no_relation,0,0,0,False,,,,True,False,0.0002782920200843364,False,False
256,95,57896044618658097711785492504343954012900638866948770896181638168867979883759,60153992292001127886258443119406264293,962463876672018046180135089910500228163,16,"[2, 3, 5, 7, 11, 13, 17, 19, 23, 29, 31, 37, 41, 43, 47, 53]","[4, 9, 25, 49, 121, 169, 289, 361, 529, 841, 961, 1369, 1681, 1849, 2209, 2809]",64,no_relation,0,0,0,no_relation,0,0,0,False,,,,True,False,0.00027083398890681565,False,False
256,96,57896044618658097711785492504343954015066182589460811500086942121166605398307,60153992292001127886258443119406264293,962463876672018046180135089910500228199,16,"[2, 3, 5, 7, 11, 13, 17, 19, 23, 29, 31, 37, 41, 43, 47, 53]","[4, 9, 25, 49, 121, 169, 289, 361, 529, 841, 961, 1369, 1681, 1849, 2209, 2809]",64,no_relation,0,0,0,no_relation,0,0,0,False,,,,True,False,0.0002652500115800649,False,False
256,97,57896044618658097711785492504343954015667722512380822778949526552360668041237,60153992292001127886258443119406264293,962463876672018046180135089910500228209,16,"[2, 3, 5, 7, 11, 13, 17, 19, 23, 29, 31, 37, 41, 43, 47, 53]","[4, 9, 25, 49, 121, 169, 289, 361, 529, 841, 961, 1369, 1681, 1849, 2209, 2809]",64,no_relation,0,0,0,no_relation,0,0,0,False,,,,True,False,0.00026483400142751634,False,False
256,98,57896044618658097711785492504343954023608049494924971659935641044122294927913,60153992292001127886258443119406264293,962463876672018046180135089910500228341,16,"[2, 3, 5, 7, 11, 13, 17, 19, 23, 29, 31, 37, 41, 43, 47, 53]","[4, 9, 25, 49, 121, 169, 289, 361, 529, 841, 961, 1369, 1681, 1849, 2209, 2809]",64,no_relation,0,0,0,no_relation,0,0,0,False,,,,True,False,0.0002621249877847731,False,False
256,99,57896044618658097711785492504343954026615749109525028054248563200092608142563,60153992292001127886258443119406264293,962463876672018046180135089910500228391,16,"[2, 3, 5, 7, 11, 13, 17, 19, 23, 29, 31, 37, 41, 43, 47, 53]","[4, 9, 25, 49, 121, 169, 289, 361, 529, 841, 961, 1369, 1681, 1849, 2209, 2809]",64,no_relation,0,0,0,no_relation,0,0,0,False,,,,True,False,0.00025683300918899477,False,False
384,0,19701003098197239606139520050071806902539869635232723334073560779049589959034593228735769358848781374148220185372509,1109645300822441853584793897924632478505655261739860552237,17754324813159069657356702366794119656090484187837768835057,20,"[2, 3, 5, 7, 11, 13, 17, 19, 23, 29, 31, 37, 41, 43, 47, 53, 59, 61, 67, 71]","[4, 9, 25, 49, 121, 169, 289, 361, 529, 841, 961, 1369, 1681, 1849, 2209, 2809, 3481, 3721, 4489, 5041]",64,no_relation,0,0,0,no_relation,0,0,0,False,,,,True,False,0.0003592919965740293,False,False
384,1,19701003098197239606139520050071806902539869635232723334153455240708805772492698389386342897301188552993490145133573,1109645300822441853584793897924632478505655261739860552237,17754324813159069657356702366794119656090484187837768835129,20,"[2, 3, 5, 7, 11, 13, 17, 19, 23, 29, 31, 37, 41, 43, 47, 53, 59, 61, 67, 71]","[4, 9, 25, 49, 121, 169, 289, 361, 529, 841, 961, 1369, 1681, 1849, 2209, 2809, 3481, 3721, 4489, 5041]",64,no_relation,0,0,0,no_relation,0,0,0,False,,,,True,False,0.00034483399940654635,False,False
384,2,19701003098197239606139520050071806902539869635232723334173428856123609725857224679548986281914290347704807635073839,1109645300822441853584793897924632478505655261739860552237,17754324813159069657356702366794119656090484187837768835147,20,"[2, 3, 5, 7, 11, 13, 17, 19, 23, 29, 31, 37, 41, 43, 47, 53, 59, 61, 67, 71]","[4, 9, 25, 49, 121, 169, 289, 361, 529, 841, 961, 1369, 1681, 1849, 2209, 2809, 3481, 3721, 4489, 5041]",64,no_relation,0,0,0,no_relation,0,0,0,False,,,,True,False,0.0003381249844096601,False,False
384,3,19701003098197239606139520050071806902539869635232723334339875651246976003894943764237681153690138636965786717909389,1109645300822441853584793897924632478505655261739860552237,17754324813159069657356702366794119656090484187837768835297,20,"[2, 3, 5, 7, 11, 13, 17, 19, 23, 29, 31, 37, 41, 43, 47, 53, 59, 61, 67, 71]","[4, 9, 25, 49, 121, 169, 289, 361, 529, 841, 961, 1369, 1681, 1849, 2209, 2809, 3481, 3721, 4489, 5041]",64,no_relation,0,0,0,no_relation,0,0,0,False,,,,True,False,0.00033608300145715475,False,False
384,4,19701003098197239606139520050071806902539869635232723334368726429068359492088148405583721598131285673771023092267551,1109645300822441853584793897924632478505655261739860552237,17754324813159069657356702366794119656090484187837768835323,20,"[2, 3, 5, 7, 11, 13, 17, 19, 23, 29, 31, 37, 41, 43, 47, 53, 59, 61, 67, 71]","[4, 9, 25, 49, 121, 169, 289, 361, 529, 841, 961, 1369, 1681, 1849, 2209, 2809, 3481, 3721, 4489, 5041]",64,no_relation,0,0,0,no_relation,0,0,0,False,,,,True,False,0.00033874998916871846,False,False
384,5,19701003098197239606139520050071806902539869635232723334499664574565407630811154085538828230594952994656326637431517,1109645300822441853584793897924632478505655261739860552237,17754324813159069657356702366794119656090484187837768835441,20,"[2, 3, 5, 7, 11, 13, 17, 19, 23, 29, 31, 37, 41, 43, 47, 53, 59, 61, 67, 71]","[4, 9, 25, 49, 121, 169, 289, 361, 529, 841, 961, 1369, 1681, 1849, 2209, 2809, 3481, 3721, 4489, 5041]",64,no_relation,0,0,0,no_relation,0,0,0,False,,,,True,False,0.0003360839909873903,False,False
384,6,19701003098197239606139520050071806902539869635232723334501883865167052514518323673334677495551964305179806358535991,1109645300822441853584793897924632478505655261739860552237,17754324813159069657356702366794119656090484187837768835443,20,"[2, 3, 5, 7, 11, 13, 17, 19, 23, 29, 31, 37, 41, 43, 47, 53, 59, 61, 67, 71]","[4, 9, 25, 49, 121, 169, 289, 361, 529, 841, 961, 1369, 1681, 1849, 2209, 2809, 3481, 3721, 4489, 5041]",64,no_relation,0,0,0,no_relation,0,0,0,False,,,,True,False,0.00033316598273813725,False,False
384,7,19701003098197239606139520050071806902539869635232723334879163267446682744737153598629052538243887094171358946296571,1109645300822441853584793897924632478505655261739860552237,17754324813159069657356702366794119656090484187837768835783,20,"[2, 3, 5, 7, 11, 13, 17, 19, 23, 29, 31, 37, 41, 43, 47, 53, 59, 61, 67, 71]","[4, 9, 25, 49, 121, 169, 289, 361, 529, 841, 961, 1369, 1681, 1849, 2209, 2809, 3481, 3721, 4489, 5041]",64,no_relation,0,0,0,no_relation,0,0,0,False,,,,True,False,0.0003330000035930425,False,False
384,8,19701003098197239606139520050071806902539869635232723334912452626471356000344697415566791512599056752023554762863681,1109645300822441853584793897924632478505655261739860552237,17754324813159069657356702366794119656090484187837768835813,20,"[2, 3, 5, 7, 11, 13, 17, 19, 23, 29, 31, 37, 41, 43, 47, 53, 59, 61, 67, 71]","[4, 9, 25, 49, 121, 169, 289, 361, 529, 841, 961, 1369, 1681, 1849, 2209, 2809, 3481, 3721, 4489, 5041]",64,no_relation,0,0,0,no_relation,0,0,0,False,,,,True,False,0.0003355839871801436,False,False
384,9,19701003098197239606139520050071806902539869635232723334952399857300963907073749995892078281825260341446189742744213,1109645300822441853584793897924632478505655261739860552237,17754324813159069657356702366794119656090484187837768835849,20,"[2, 3, 5, 7, 11, 13, 17, 19, 23, 29, 31, 37, 41, 43, 47, 53, 59, 61, 67, 71]","[4, 9, 25, 49, 121, 169, 289, 361, 529, 841, 961, 1369, 1681, 1849, 2209, 2809, 3481, 3721, 4489, 5041]",64,no_relation,0,0,0,no_relation,0,0,0,False,,,,True,False,0.0003342079871799797,False,False
384,10,19701003098197239606139520050071806902539869635232723335118846652424330185111469080580773153601108630707168825579763,1109645300822441853584793897924632478505655261739860552237,17754324813159069657356702366794119656090484187837768835999,20,"[2, 3, 5, 7, 11, 13, 17, 19, 23, 29, 31, 37, 41, 43, 47, 53, 59, 61, 67, 71]","[4, 9, 25, 49, 121, 169, 289, 361, 529, 841, 961, 1369, 1681, 1849, 2209, 2809, 3481, 3721, 4489, 5041]",64,no_relation,0,0,0,no_relation,0,0,0,False,,,,True,False,0.00033533398527652025,False,False
384,11,19701003098197239606139520050071806902539869635232723335132162396034199487354486607355868743343176493848047152206607,1109645300822441853584793897924632478505655261739860552237,17754324813159069657356702366794119656090484187837768836011,20,"[2, 3, 5, 7, 11, 13, 17, 19, 23, 29, 31, 37, 41, 43, 47, 53, 59, 61, 67, 71]","[4, 9, 25, 49, 121, 169, 289, 361, 529, 841, 961, 1369, 1681, 1849, 2209, 2809, 3481, 3721, 4489, 5041]",64,no_relation,0,0,0,no_relation,0,0,0,False,,,,True,False,0.00033354098559357226,False,False
384,12,19701003098197239606139520050071806902539869635232723335145478139644068789597504134130964333085244356988925478833451,1109645300822441853584793897924632478505655261739860552237,17754324813159069657356702366794119656090484187837768836023,20,"[2, 3, 5, 7, 11, 13, 17, 19, 23, 29, 31, 37, 41, 43, 47, 53, 59, 61, 67, 71]","[4, 9, 25, 49, 121, 169, 289, 361, 529, 841, 961, 1369, 1681, 1849, 2209, 2809, 3481, 3721, 4489, 5041]",64,no_relation,0,0,0,no_relation,0,0,0,False,,,,True,False,0.0003360839909873903,False,False
384,13,19701003098197239606139520050071806902539869635232723335298609191157565765392205692044563615119024783109026235042157,1109645300822441853584793897924632478505655261739860552237,17754324813159069657356702366794119656090484187837768836161,20,"[2, 3, 5, 7, 11, 13, 17, 19, 23, 29, 31, 37, 41, 43, 47, 53, 59, 61, 67, 71]","[4, 9, 25, 49, 121, 169, 289, 361, 529, 841, 961, 1369, 1681, 1849, 2209, 2809, 3481, 3721, 4489, 5041]",64,no_relation,0,0,0,no_relation,0,0,0,False,,,,True,False,0.0003361249982845038,False,False
384,14,19701003098197239606139520050071806902539869635232723335354091456198687858071445386940795239044307546196019262654007,1109645300822441853584793897924632478505655261739860552237,17754324813159069657356702366794119656090484187837768836211,20,"[2, 3, 5, 7, 11, 13, 17, 19, 23, 29, 31, 37, 41, 43, 47, 53, 59, 61, 67, 71]","[4, 9, 25, 49, 121, 169, 289, 361, 529, 841, 961, 1369, 1681, 1849, 2209, 2809, 3481, 3721, 4489, 5041]",64,no_relation,0,0,0,no_relation,0,0,0,False,,,,True,False,0.0003344999859109521,False,False
384,15,19701003098197239606139520050071806902539869635232723335584897678769755763617082517709118794573483840637910257519303,1109645300822441853584793897924632478505655261739860552237,17754324813159069657356702366794119656090484187837768836419,20,"[2, 3, 5, 7, 11, 13, 17, 19, 23, 29, 31, 37, 41, 43, 47, 53, 59, 61, 67, 71]","[4, 9, 25, 49, 121, 169, 289, 361, 529, 841, 961, 1369, 1681, 1849, 2209, 2809, 3481, 3721, 4489, 5041]",64,no_relation,0,0,0,no_relation,0,0,0,False,,,,True,False,0.00033666600938886404,False,False
384,16,19701003098197239606139520050071806902539869635232723335587116969371400647324252105504968059530495151161389978623777,1109645300822441853584793897924632478505655261739860552237,17754324813159069657356702366794119656090484187837768836421,20,"[2, 3, 5, 7, 11, 13, 17, 19, 23, 29, 31, 37, 41, 43, 47, 53, 59, 61, 67, 71]","[4, 9, 25, 49, 121, 169, 289, 361, 529, 841, 961, 1369, 1681, 1849, 2209, 2809, 3481, 3721, 4489, 5041]",64,no_relation,0,0,0,no_relation,0,0,0,False,,,,True,False,0.0003336249792482704,False,False
384,17,19701003098197239606139520050071806902539869635232723335844554679162207157355924289823482794543807171885037626742761,1109645300822441853584793897924632478505655261739860552237,17754324813159069657356702366794119656090484187837768836653,20,"[2, 3, 5, 7, 11, 13, 17, 19, 23, 29, 31, 37, 41, 43, 47, 53, 59, 61, 67, 71]","[4, 9, 25, 49, 121, 169, 289, 361, 529, 841, 961, 1369, 1681, 1849, 2209, 2809, 3481, 3721, 4489, 5041]",64,no_relation,0,0,0,no_relation,0,0,0,False,,,,True,False,0.00033312500454485416,False,False
384,18,19701003098197239606139520050071806902539869635232723335951080628041161575300064504024247512480350077012064239757513,1109645300822441853584793897924632478505655261739860552237,17754324813159069657356702366794119656090484187837768836749,20,"[2, 3, 5, 7, 11, 13, 17, 19, 23, 29, 31, 37, 41, 43, 47, 53, 59, 61, 67, 71]","[4, 9, 25, 49, 121, 169, 289, 361, 529, 841, 961, 1369, 1681, 1849, 2209, 2809, 3481, 3721, 4489, 5041]",64,no_relation,0,0,0,no_relation,0,0,0,False,,,,True,False,0.0003336249792482704,False,False
384,19,19701003098197239606139520050071806902539869635232723335977712115260900179786099557574438691964485803293820893011201,1109645300822441853584793897924632478505655261739860552237,17754324813159069657356702366794119656090484187837768836773,20,"[2, 3, 5, 7, 11, 13, 17, 19, 23, 29, 31, 37, 41, 43, 47, 53, 59, 61, 67, 71]","[4, 9, 25, 49, 121, 169, 289, 361, 529, 841, 961, 1369, 1681, 1849, 2209, 2809, 3481, 3721, 4489, 5041]",64,no_relation,0,0,0,no_relation,0,0,0,False,,,,True,False,0.0003335000074002892,False,False
384,20,19701003098197239606139520050071806902539869635232723336173009688205649946017023283609174008181481129360036350204913,1109645300822441853584793897924632478505655261739860552237,17754324813159069657356702366794119656090484187837768836949,20,"[2, 3, 5, 7, 11, 13, 17, 19, 23, 29, 31, 37, 41, 43, 47, 53, 59, 61, 67, 71]","[4, 9, 25, 49, 121, 169, 289, 361, 529, 841, 961, 1369, 1681, 1849, 2209, 2809, 3481, 3721, 4489, 5041]",64,no_relation,0,0,0,no_relation,0,0,0,False,,,,True,False,0.00033549999352544546,False,False
384,21,19701003098197239606139520050071806902539869635232723336530315475070476222871326918740905666260302123640271448025227,1109645300822441853584793897924632478505655261739860552237,17754324813159069657356702366794119656090484187837768837271,20,"[2, 3, 5, 7, 11, 13, 17, 19, 23, 29, 31, 37, 41, 43, 47, 53, 59, 61, 67, 71]","[4, 9, 25, 49, 121, 169, 289, 361, 529, 841, 961, 1369, 1681, 1849, 2209, 2809, 3481, 3721, 4489, 5041]",64,no_relation,0,0,0,no_relation,0,0,0,False,,,,True,False,0.0003352499916218221,False,False
384,22,19701003098197239606139520050071806902539869635232723336792191766064572500317338278651118931187636765410878538353159,1109645300822441853584793897924632478505655261739860552237,17754324813159069657356702366794119656090484187837768837507,20,"[2, 3, 5, 7, 11, 13, 17, 19, 23, 29, 31, 37, 41, 43, 47, 53, 59, 61, 67, 71]","[4, 9, 25, 49, 121, 169, 289, 361, 529, 841, 961, 1369, 1681, 1849, 2209, 2809, 3481, 3721, 4489, 5041]",64,no_relation,0,0,0,no_relation,0,0,0,False,,,,True,False,0.0003337920061312616,False,False
384,23,19701003098197239606139520050071806902539869635232723336798849637869507151438847042038666726058670696981317701666581,1109645300822441853584793897924632478505655261739860552237,17754324813159069657356702366794119656090484187837768837513,20,"[2, 3, 5, 7, 11, 13, 17, 19, 23, 29, 31, 37, 41, 43, 47, 53, 59, 61, 67, 71]","[4, 9, 25, 49, 121, 169, 289, 361, 529, 841, 961, 1369, 1681, 1849, 2209, 2809, 3481, 3721, 4489, 5041]",64,no_relation,0,0,0,no_relation,0,0,0,False,,,,True,False,0.00033491701469756663,False,False
384,24,19701003098197239606139520050071806902539869635232723336816603962682666221096203744405460845714761181169155470502373,1109645300822441853584793897924632478505655261739860552237,17754324813159069657356702366794119656090484187837768837529,20,"[2, 3, 5, 7, 11, 13, 17, 19, 23, 29, 31, 37, 41, 43, 47, 53, 59, 61, 67, 71]","[4, 9, 25, 49, 121, 169, 289, 361, 529, 841, 961, 1369, 1681, 1849, 2209, 2809, 3481, 3721, 4489, 5041]",64,no_relation,0,0,0,no_relation,0,0,0,False,,,,True,False,0.0003373749786987901,False,False
384,25,19701003098197239606139520050071806902539869635232723336976392886001097848012414065706607922619575538859695390024501,1109645300822441853584793897924632478505655261739860552237,17754324813159069657356702366794119656090484187837768837673,20,"[2, 3, 5, 7, 11, 13, 17, 19, 23, 29, 31, 37, 41, 43, 47, 53, 59, 61, 67, 71]","[4, 9, 25, 49, 121, 169, 289, 361, 529, 841, 961, 1369, 1681, 1849, 2209, 2809, 3481, 3721, 4489, 5041]",64,no_relation,0,0,0,no_relation,0,0,0,False,,,,True,False,0.0003377080138307065,False,False
384,26,19701003098197239606139520050071806902539869635232723337071822381871827847420706340928126315771061891369323397516883,1109645300822441853584793897924632478505655261739860552237,17754324813159069657356702366794119656090484187837768837759,20,"[2, 3, 5, 7, 11, 13, 17, 19, 23, 29, 31, 37, 41, 43, 47, 53, 59, 61, 67, 71]","[4, 9, 25, 49, 121, 169, 289, 361, 529, 841, 961, 1369, 1681, 1849, 2209, 2809, 3481, 3721, 4489, 5041]",64,no_relation,0,0,0,no_relation,0,0,0,False,,,,True,False,0.0003320000250823796,False,False
384,27,19701003098197239606139520050071806902539869635232723337105111740896501103028250157865865290126231549221519214083993,1109645300822441853584793897924632478505655261739860552237,17754324813159069657356702366794119656090484187837768837789,20,"[2, 3, 5, 7, 11, 13, 17, 19, 23, 29, 31, 37, 41, 43, 47, 53, 59, 61, 67, 71]","[4, 9, 25, 49, 121, 169, 289, 361, 529, 841, 961, 1369, 1681, 1849, 2209, 2809, 3481, 3721, 4489, 5041]",64,no_relation,0,0,0,no_relation,0,0,0,False,,,,True,False,0.0003346670127939433,False,False
384,28,19701003098197239606139520050071806902539869635232723337236049886393549241751255837820971922589898870106822759247959,1109645300822441853584793897924632478505655261739860552237,17754324813159069657356702366794119656090484187837768837907,20,"[2, 3, 5, 7, 11, 13, 17, 19, 23, 29, 31, 37, 41, 43, 47, 53, 59, 61, 67, 71]","[4, 9, 25, 49, 121, 169, 289, 361, 529, 841, 961, 1369, 1681, 1849, 2209, 2809, 3481, 3721, 4489, 5041]",64,no_relation,0,0,0,no_relation,0,0,0,False,,,,True,False,0.0003350829938426614,False,False
384,29,19701003098197239606139520050071806902539869635232723337275997117223157148480308418146258691816102459529457739128491,1109645300822441853584793897924632478505655261739860552237,17754324813159069657356702366794119656090484187837768837943,20,"[2, 3, 5, 7, 11, 13, 17, 19, 23, 29, 31, 37, 41, 43, 47, 53, 59, 61, 67, 71]","[4, 9, 25, 49, 121, 169, 289, 361, 529, 841, 961, 1369, 1681, 1849, 2209, 2809, 3481, 3721, 4489, 5041]",64,no_relation,0,0,0,no_relation,0,0,0,False,,,,True,False,0.0003337920061312616,False,False
384,30,19701003098197239606139520050071806902539869635232723337304847895044540636673513059492299136257249496334694113486653,1109645300822441853584793897924632478505655261739860552237,17754324813159069657356702366794119656090484187837768837969,20,"[2, 3, 5, 7, 11, 13, 17, 19, 23, 29, 31, 37, 41, 43, 47, 53, 59, 61, 67, 71]","[4, 9, 25, 49, 121, 169, 289, 361, 529, 841, 961, 1369, 1681, 1849, 2209, 2809, 3481, 3721, 4489, 5041]",64,no_relation,0,0,0,no_relation,0,0,0,False,,,,True,False,0.00033474998781457543,False,False
384,31,19701003098197239606139520050071806902539869635232723337438005331143233659103688327243255033677928127743477379755093,1109645300822441853584793897924632478505655261739860552237,17754324813159069657356702366794119656090484187837768838089,20,"[2, 3, 5, 7, 11, 13, 17, 19, 23, 29, 31, 37, 41, 43, 47, 53, 59, 61, 67, 71]","[4, 9, 25, 49, 121, 169, 289, 361, 529, 841, 961, 1369, 1681, 1849, 2209, 2809, 3481, 3721, 4489, 5041]",64,no_relation,0,0,0,no_relation,0,0,0,False,,,,True,False,0.00033754200558178127,False,False
384,32,19701003098197239606139520050071806902539869635232723338008363015765968771846272390776516127629834932277765703604911,1109645300822441853584793897924632478505655261739860552237,17754324813159069657356702366794119656090484187837768838603,20,"[2, 3, 5, 7, 11, 13, 17, 19, 23, 29, 31, 37, 41, 43, 47, 53, 59, 61, 67, 71]","[4, 9, 25, 49, 121, 169, 289, 361, 529, 841, 961, 1369, 1681, 1849, 2209, 2809, 3481, 3721, 4489, 5041]",64,no_relation,0,0,0,no_relation,0,0,0,False,,,,True,False,0.0003356659726705402,False,False
384,33,19701003098197239606139520050071806902539869635232723338028336631180772725210798680939159512242936726989083193545177,1109645300822441853584793897924632478505655261739860552237,17754324813159069657356702366794119656090484187837768838621,20,"[2, 3, 5, 7, 11, 13, 17, 19, 23, 29, 31, 37, 41, 43, 47, 53, 59, 61, 67, 71]","[4, 9, 25, 49, 121, 169, 289, 361, 529, 841, 961, 1369, 1681, 1849, 2209, 2809, 3481, 3721, 4489, 5041]",64,no_relation,0,0,0,no_relation,0,0,0,False,,,,True,False,0.00033766598789952695,False,False
384,34,19701003098197239606139520050071806902539869635232723338569843537982124349760178103126380161753696494718135143036833,1109645300822441853584793897924632478505655261739860552237,17754324813159069657356702366794119656090484187837768839109,20,"[2, 3, 5, 7, 11, 13, 17, 19, 23, 29, 31, 37, 41, 43, 47, 53, 59, 61, 67, 71]","[4, 9, 25, 49, 121, 169, 289, 361, 529, 841, 961, 1369, 1681, 1849, 2209, 2809, 3481, 3721, 4489, 5041]",64,no_relation,0,0,0,no_relation,0,0,0,False,,,,True,False,0.0003326250007376075,False,False
384,35,19701003098197239606139520050071806902539869635232723338600913606405152721660552332268269871151854842046851238499469,1109645300822441853584793897924632478505655261739860552237,17754324813159069657356702366794119656090484187837768839137,20,"[2, 3, 5, 7, 11, 13, 17, 19, 23, 29, 31, 37, 41, 43, 47, 53, 59, 61, 67, 71]","[4, 9, 25, 49, 121, 169, 289, 361, 529, 841, 961, 1369, 1681, 1849, 2209, 2809, 3481, 3721, 4489, 5041]",64,no_relation,0,0,0,no_relation,0,0,0,False,,,,True,False,0.0003849159984383732,False,False
384,36,19701003098197239606139520050071806902539869635232723338840596991382800162034867814219990486509076378582661117782661,1109645300822441853584793897924632478505655261739860552237,17754324813159069657356702366794119656090484187837768839353,20,"[2, 3, 5, 7, 11, 13, 17, 19, 23, 29, 31, 37, 41, 43, 47, 53, 59, 61, 67, 71]","[4, 9, 25, 49, 121, 169, 289, 361, 529, 841, 961, 1369, 1681, 1849, 2209, 2809, 3481, 3721, 4489, 5041]",64,no_relation,0,0,0,no_relation,0,0,0,False,,,,True,False,0.00036529102362692356,False,False
384,37,19701003098197239606139520050071806902539869635232723338889421384618987603592598745728674315563325210099214982081089,1109645300822441853584793897924632478505655261739860552237,17754324813159069657356702366794119656090484187837768839397,20,"[2, 3, 5, 7, 11, 13, 17, 19, 23, 29, 31, 37, 41, 43, 47, 53, 59, 61, 67, 71]","[4, 9, 25, 49, 121, 169, 289, 361, 529, 841, 961, 1369, 1681, 1849, 2209, 2809, 3481, 3721, 4489, 5041]",64,no_relation,0,0,0,no_relation,0,0,0,False,,,,True,False,0.0003472079988569021,False,False
384,38,19701003098197239606139520050071806902539869635232723339481971975258171553406878687220428059085345119868300516975647,1109645300822441853584793897924632478505655261739860552237,17754324813159069657356702366794119656090484187837768839931,20,"[2, 3, 5, 7, 11, 13, 17, 19, 23, 29, 31, 37, 41, 43, 47, 53, 59, 61, 67, 71]","[4, 9, 25, 49, 121, 169, 289, 361, 529, 841, 961, 1369, 1681, 1849, 2209, 2809, 3481, 3721, 4489, 5041]",64,no_relation,0,0,0,no_relation,0,0,0,False,,,,True,False,0.00033749997965060174,False,False
384,39,19701003098197239606139520050071806902539869635232723339659515223389762249980445710888369255646249961746678205333567,1109645300822441853584793897924632478505655261739860552237,17754324813159069657356702366794119656090484187837768840091,20,"[2, 3, 5, 7, 11, 13, 17, 19, 23, 29, 31, 37, 41, 43, 47, 53, 59, 61, 67, 71]","[4, 9, 25, 49, 121, 169, 289, 361, 529, 841, 961, 1369, 1681, 1849, 2209, 2809, 3481, 3721, 4489, 5041]",64,no_relation,0,0,0,no_relation,0,0,0,False,,,,True,False,0.0003381660208106041,False,False
384,40,19701003098197239606139520050071806902539869635232723334344314232450265771309282939829379683604161258012746158630347,1109645300822441853584793897924632478505655261739860552527,17754324813159069657356702366794119656090484187837768830661,20,"[2, 3, 5, 7, 11, 13, 17, 19, 23, 29, 31, 37, 41, 43, 47, 53, 59, 61, 67, 71]","[4, 9, 25, 49, 121, 169, 289, 361, 529, 841, 961, 1369, 1681, 1849, 2209, 2809, 3481, 3721, 4489, 5041]",64,no_relation,0,0,0,no_relation,0,0,0,False,,,,True,False,0.00033566702040843666,False,False
384,41,19701003098197239606139520050071806902539869635232723334457498053134154840374931917417692196411738094710211934988101,1109645300822441853584793897924632478505655261739860552527,17754324813159069657356702366794119656090484187837768830763,20,"[2, 3, 5, 7, 11, 13, 17, 19, 23, 29, 31, 37, 41, 43, 47, 53, 59, 61, 67, 71]","[4, 9, 25, 49, 121, 169, 289, 361, 529, 841, 961, 1369, 1681, 1849, 2209, 2809, 3481, 3721, 4489, 5041]",64,no_relation,0,0,0,no_relation,0,0,0,False,,,,True,False,0.0003362080024089664,False,False
384,42,19701003098197239606139520050071806902539869635232723334628383429460810885826990177698085598101609005018150460077259,1109645300822441853584793897924632478505655261739860552527,17754324813159069657356702366794119656090484187837768830917,20,"[2, 3, 5, 7, 11, 13, 17, 19, 23, 29, 31, 37, 41, 43, 47, 53, 59, 61, 67, 71]","[4, 9, 25, 49, 121, 169, 289, 361, 529, 841, 961, 1369, 1681, 1849, 2209, 2809, 3481, 3721, 4489, 5041]",64,no_relation,0,0,0,no_relation,0,0,0,False,,,,True,False,0.0003395839885342866,False,False
384,43,19701003098197239606139520050071806902539869635232723334690523566306867629627738635981865016897925699675582651018771,1109645300822441853584793897924632478505655261739860552527,17754324813159069657356702366794119656090484187837768830973,20,"[2, 3, 5, 7, 11, 13, 17, 19, 23, 29, 31, 37, 41, 43, 47, 53, 59, 61, 67, 71]","[4, 9, 25, 49, 121, 169, 289, 361, 529, 841, 961, 1369, 1681, 1849, 2209, 2809, 3481, 3721, 4489, 5041]",64,no_relation,0,0,0,no_relation,0,0,0,False,,,,True,False,0.0003418329870328307,False,False
384,44,19701003098197239606139520050071806902539869635232723334701620019315092048163586574961111341682982252292981256544041,1109645300822441853584793897924632478505655261739860552527,17754324813159069657356702366794119656090484187837768830983,20,"[2, 3, 5, 7, 11, 13, 17, 19, 23, 29, 31, 37, 41, 43, 47, 53, 59, 61, 67, 71]","[4, 9, 25, 49, 121, 169, 289, 361, 529, 841, 961, 1369, 1681, 1849, 2209, 2809, 3481, 3721, 4489, 5041]",64,no_relation,0,0,0,no_relation,0,0,0,False,,,,True,False,0.0003369170008227229,False,False
384,45,19701003098197239606139520050071806902539869635232723334983469925723992278974124225033967991223418688774905836885899,1109645300822441853584793897924632478505655261739860552527,17754324813159069657356702366794119656090484187837768831237,20,"[2, 3, 5, 7, 11, 13, 17, 19, 23, 29, 31, 37, 41, 43, 47, 53, 59, 61, 67, 71]","[4, 9, 25, 49, 121, 169, 289, 361, 529, 841, 961, 1369, 1681, 1849, 2209, 2809, 3481, 3721, 4489, 5041]",64,no_relation,0,0,0,no_relation,0,0,0,False,,,,True,False,0.0003355839871801436,False,False
384,46,19701003098197239606139520050071806902539869635232723335196521823481901114862404653435497427096504499028959062971083,1109645300822441853584793897924632478505655261739860552527,17754324813159069657356702366794119656090484187837768831429,20,"[2, 3, 5, 7, 11, 13, 17, 19, 23, 29, 31, 37, 41, 43, 47, 53, 59, 61, 67, 71]","[4, 9, 25, 49, 121, 169, 289, 361, 529, 841, 961, 1369, 1681, 1849, 2209, 2809, 3481, 3721, 4489, 5041]",64,no_relation,0,0,0,no_relation,0,0,0,False,,,,True,False,0.000337332981871441,False,False
384,47,19701003098197239606139520050071806902539869635232723335453959533272707624894076837754012162109816519752606711157347,1109645300822441853584793897924632478505655261739860552527,17754324813159069657356702366794119656090484187837768831661,20,"[2, 3, 5, 7, 11, 13, 17, 19, 23, 29, 31, 37, 41, 43, 47, 53, 59, 61, 67, 71]","[4, 9, 25, 49, 121, 169, 289, 361, 529, 841, 961, 1369, 1681, 1849, 2209, 2809, 3481, 3721, 4489, 5041]",64,no_relation,0,0,0,no_relation,0,0,0,False,,,,True,False,0.0003338750102557242,False,False
384,48,19701003098197239606139520050071806902539869635232723335640379943810877856296322212605350418498766603724903283981883,1109645300822441853584793897924632478505655261739860552527,17754324813159069657356702366794119656090484187837768831829,20,"[2, 3, 5, 7, 11, 13, 17, 19, 23, 29, 31, 37, 41, 43, 47, 53, 59, 61, 67, 71]","[4, 9, 25, 49, 121, 169, 289, 361, 529, 841, 961, 1369, 1681, 1849, 2209, 2809, 3481, 3721, 4489, 5041]",64,no_relation,0,0,0,no_relation,0,0,0,False,,,,True,False,0.00033749997965060174,False,False
384,49,19701003098197239606139520050071806902539869635232723335842335388560562273648754702027633529586795861361557904541797,1109645300822441853584793897924632478505655261739860552527,17754324813159069657356702366794119656090484187837768832011,20,"[2, 3, 5, 7, 11, 13, 17, 19, 23, 29, 31, 37, 41, 43, 47, 53, 59, 61, 67, 71]","[4, 9, 25, 49, 121, 169, 289, 361, 529, 841, 961, 1369, 1681, 1849, 2209, 2809, 3481, 3721, 4489, 5041]",64,no_relation,0,0,0,no_relation,0,0,0,False,,,,True,False,0.0003358749963808805,False,False
384,50,19701003098197239606139520050071806902539869635232723336075360901733275062901561420591806350072983466326928620572467,1109645300822441853584793897924632478505655261739860552527,17754324813159069657356702366794119656090484187837768832221,20,"[2, 3, 5, 7, 11, 13, 17, 19, 23, 29, 31, 37, 41, 43, 47, 53, 59, 61, 67, 71]","[4, 9, 25, 49, 121, 169, 289, 361, 529, 841, 961, 1369, 1681, 1849, 2209, 2809, 3481, 3721, 4489, 5041]",64,no_relation,0,0,0,no_relation,0,0,0,False,,,,True,False,0.00033412501215934753,False,False
384,51,19701003098197239606139520050071806902539869635232723336119746713766172737044953176508791649213209676796523042673547,1109645300822441853584793897924632478505655261739860552527,17754324813159069657356702366794119656090484187837768832261,20,"[2, 3, 5, 7, 11, 13, 17, 19, 23, 29, 31, 37, 41, 43, 47, 53, 59, 61, 67, 71]","[4, 9, 25, 49, 121, 169, 289, 361, 529, 841, 961, 1369, 1681, 1849, 2209, 2809, 3481, 3721, 4489, 5041]",64,no_relation,0,0,0,no_relation,0,0,0,False,,,,True,False,0.00033433400676585734,False,False
384,52,19701003098197239606139520050071806902539869635232723336232930534450061806110602154097104162020786513493988819031301,1109645300822441853584793897924632478505655261739860552527,17754324813159069657356702366794119656090484187837768832363,20,"[2, 3, 5, 7, 11, 13, 17, 19, 23, 29, 31, 37, 41, 43, 47, 53, 59, 61, 67, 71]","[4, 9, 25, 49, 121, 169, 289, 361, 529, 841, 961, 1369, 1681, 1849, 2209, 2809, 3481, 3721, 4489, 5041]",64,no_relation,0,0,0,no_relation,0,0,0,False,,,,True,False,0.0003342079871799797,False,False
384,53,19701003098197239606139520050071806902539869635232723336354991517540530410004929482868813734656408592285373479809271,1109645300822441853584793897924632478505655261739860552527,17754324813159069657356702366794119656090484187837768832473,20,"[2, 3, 5, 7, 11, 13, 17, 19, 23, 29, 31, 37, 41, 43, 47, 53, 59, 61, 67, 71]","[4, 9, 25, 49, 121, 169, 289, 361, 529, 841, 961, 1369, 1681, 1849, 2209, 2809, 3481, 3721, 4489, 5041]",64,no_relation,0,0,0,no_relation,0,0,0,False,,,,True,False,0.0003362499992363155,False,False
384,54,19701003098197239606139520050071806902539869635232723336459298175817839944241900109273729187635940186888920371746809,1109645300822441853584793897924632478505655261739860552527,17754324813159069657356702366794119656090484187837768832567,20,"[2, 3, 5, 7, 11, 13, 17, 19, 23, 29, 31, 37, 41, 43, 47, 53, 59, 61, 67, 71]","[4, 9, 25, 49, 121, 169, 289, 361, 529, 841, 961, 1369, 1681, 1849, 2209, 2809, 3481, 3721, 4489, 5041]",64,no_relation,0,0,0,no_relation,0,0,0,False,,,,True,False,0.00033833301858976483,False,False
384,55,19701003098197239606139520050071806902539869635232723336621306389737916454865280018370725529497765855102940012415751,1109645300822441853584793897924632478505655261739860552527,17754324813159069657356702366794119656090484187837768832713,20,"[2, 3, 5, 7, 11, 13, 17, 19, 23, 29, 31, 37, 41, 43, 47, 53, 59, 61, 67, 71]","[4, 9, 25, 49, 121, 169, 289, 361, 529, 841, 961, 1369, 1681, 1849, 2209, 2809, 3481, 3721, 4489, 5041]",64,no_relation,0,0,0,no_relation,0,0,0,False,,,,True,False,0.000336957979016006,False,False
384,56,19701003098197239606139520050071806902539869635232723336661253620567524361594332598696012298723969444525574992306723,1109645300822441853584793897924632478505655261739860552527,17754324813159069657356702366794119656090484187837768832749,20,"[2, 3, 5, 7, 11, 13, 17, 19, 23, 29, 31, 37, 41, 43, 47, 53, 59, 61, 67, 71]","[4, 9, 25, 49, 121, 169, 289, 361, 529, 841, 961, 1369, 1681, 1849, 2209, 2809, 3481, 3721, 4489, 5041]",64,no_relation,0,0,0,no_relation,0,0,0,False,,,,True,False,0.0003367080062162131,False,False
384,57,19701003098197239606139520050071806902539869635232723336858770484113919011532425912526596879897976081115270170656529,1109645300822441853584793897924632478505655261739860552527,17754324813159069657356702366794119656090484187837768832927,20,"[2, 3, 5, 7, 11, 13, 17, 19, 23, 29, 31, 37, 41, 43, 47, 53, 59, 61, 67, 71]","[4, 9, 25, 49, 121, 169, 289, 361, 529, 841, 961, 1369, 1681, 1849, 2209, 2809, 3481, 3721, 4489, 5041]",64,no_relation,0,0,0,no_relation,0,0,0,False,,,,True,False,0.0003368339966982603,False,False
384,58,19701003098197239606139520050071806902539869635232723336860989774715563895239595500322446144854987391638749891761583,1109645300822441853584793897924632478505655261739860552527,17754324813159069657356702366794119656090484187837768832929,20,"[2, 3, 5, 7, 11, 13, 17, 19, 23, 29, 31, 37, 41, 43, 47, 53, 59, 61, 67, 71]","[4, 9, 25, 49, 121, 169, 289, 361, 529, 841, 961, 1369, 1681, 1849, 2209, 2809, 3481, 3721, 4489, 5041]",64,no_relation,0,0,0,no_relation,0,0,0,False,,,,True,False,0.00033762500970624387,False,False
384,59,19701003098197239606139520050071806902539869635232723337125085356311305056392776448028508674739333343932836703263009,1109645300822441853584793897924632478505655261739860552527,17754324813159069657356702366794119656090484187837768833167,20,"[2, 3, 5, 7, 11, 13, 17, 19, 23, 29, 31, 37, 41, 43, 47, 53, 59, 61, 67, 71]","[4, 9, 25, 49, 121, 169, 289, 361, 529, 841, 961, 1369, 1681, 1849, 2209, 2809, 3481, 3721, 4489, 5041]",64,no_relation,0,0,0,no_relation,0,0,0,False,,,,True,False,0.0003364589938428253,False,False
384,60,19701003098197239606139520050071806902539869635232723337240488467596839009165595013412670452503921491153782200725817,1109645300822441853584793897924632478505655261739860552527,17754324813159069657356702366794119656090484187837768833271,20,"[2, 3, 5, 7, 11, 13, 17, 19, 23, 29, 31, 37, 41, 43, 47, 53, 59, 61, 67, 71]","[4, 9, 25, 49, 121, 169, 289, 361, 529, 841, 961, 1369, 1681, 1849, 2209, 2809, 3481, 3721, 4489, 5041]",64,no_relation,0,0,0,no_relation,0,0,0,False,,,,True,False,0.0003385419840924442,False,False
384,61,19701003098197239606139520050071806902539869635232723337418031715728429705739162037080611649064826333032159889130137,1109645300822441853584793897924632478505655261739860552527,17754324813159069657356702366794119656090484187837768833431,20,"[2, 3, 5, 7, 11, 13, 17, 19, 23, 29, 31, 37, 41, 43, 47, 53, 59, 61, 67, 71]","[4, 9, 25, 49, 121, 169, 289, 361, 529, 841, 961, 1369, 1681, 1849, 2209, 2809, 3481, 3721, 4489, 5041]",64,no_relation,0,0,0,no_relation,0,0,0,False,,,,True,False,0.0003371660131961107,False,False
384,62,19701003098197239606139520050071806902539869635232723337460198237159682496175384205201747683248041232978274590126163,1109645300822441853584793897924632478505655261739860552527,17754324813159069657356702366794119656090484187837768833469,20,"[2, 3, 5, 7, 11, 13, 17, 19, 23, 29, 31, 37, 41, 43, 47, 53, 59, 61, 67, 71]","[4, 9, 25, 49, 121, 169, 289, 361, 529, 841, 961, 1369, 1681, 1849, 2209, 2809, 3481, 3721, 4489, 5041]",64,no_relation,0,0,0,no_relation,0,0,0,False,,,,True,False,0.0003388750192243606,False,False
384,63,19701003098197239606139520050071806902539869635232723337713197365747199238792717213928563888347330632654962796102319,1109645300822441853584793897924632478505655261739860552527,17754324813159069657356702366794119656090484187837768833697,20,"[2, 3, 5, 7, 11, 13, 17, 19, 23, 29, 31, 37, 41, 43, 47, 53, 59, 61, 67, 71]","[4, 9, 25, 49, 121, 169, 289, 361, 529, 841, 961, 1369, 1681, 1849, 2209, 2809, 3481, 3721, 4489, 5041]",64,no_relation,0,0,0,no_relation,0,0,0,False,,,,True,False,0.0003364170261193067,False,False
384,64,19701003098197239606139520050071806902539869635232723337784214664999835517422144023395740366971692569406313871464047,1109645300822441853584793897924632478505655261739860552527,17754324813159069657356702366794119656090484187837768833761,20,"[2, 3, 5, 7, 11, 13, 17, 19, 23, 29, 31, 37, 41, 43, 47, 53, 59, 61, 67, 71]","[4, 9, 25, 49, 121, 169, 289, 361, 529, 841, 961, 1369, 1681, 1849, 2209, 2809, 3481, 3721, 4489, 5041]",64,no_relation,0,0,0,no_relation,0,0,0,False,,,,True,False,0.00033941600122489035,False,False
384,65,19701003098197239606139520050071806902539869635232723338059406699603801097111172910081049221641095074317799288490743,1109645300822441853584793897924632478505655261739860552527,17754324813159069657356702366794119656090484187837768834009,20,"[2, 3, 5, 7, 11, 13, 17, 19, 23, 29, 31, 37, 41, 43, 47, 53, 59, 61, 67, 71]","[4, 9, 25, 49, 121, 169, 289, 361, 529, 841, 961, 1369, 1681, 1849, 2209, 2809, 3481, 3721, 4489, 5041]",64,no_relation,0,0,0,no_relation,0,0,0,False,,,,True,False,0.00033666699891909957,False,False
384,66,19701003098197239606139520050071806902539869635232723338103792511636698771254564665998034520781321284787393710591823,1109645300822441853584793897924632478505655261739860552527,17754324813159069657356702366794119656090484187837768834049,20,"[2, 3, 5, 7, 11, 13, 17, 19, 23, 29, 31, 37, 41, 43, 47, 53, 59, 61, 67, 71]","[4, 9, 25, 49, 121, 169, 289, 361, 529, 841, 961, 1369, 1681, 1849, 2209, 2809, 3481, 3721, 4489, 5041]",64,no_relation,0,0,0,no_relation,0,0,0,False,,,,True,False,0.0003371660131961107,False,False
384,67,19701003098197239606139520050071806902539869635232723338123766127051502724619090956160677905394423079498711200537309,1109645300822441853584793897924632478505655261739860552527,17754324813159069657356702366794119656090484187837768834067,20,"[2, 3, 5, 7, 11, 13, 17, 19, 23, 29, 31, 37, 41, 43, 47, 53, 59, 61, 67, 71]","[4, 9, 25, 49, 121, 169, 289, 361, 529, 841, 961, 1369, 1681, 1849, 2209, 2809, 3481, 3721, 4489, 5041]",64,no_relation,0,0,0,no_relation,0,0,0,False,,,,True,False,0.0003364579752087593,False,False
384,68,19701003098197239606139520050071806902539869635232723338152616904872886212812295597506718349835570116303947574903011,1109645300822441853584793897924632478505655261739860552527,17754324813159069657356702366794119656090484187837768834093,20,"[2, 3, 5, 7, 11, 13, 17, 19, 23, 29, 31, 37, 41, 43, 47, 53, 59, 61, 67, 71]","[4, 9, 25, 49, 121, 169, 289, 361, 529, 841, 961, 1369, 1681, 1849, 2209, 2809, 3481, 3721, 4489, 5041]",64,no_relation,0,0,0,no_relation,0,0,0,False,,,,True,False,0.0003368339966982603,False,False
384,69,19701003098197239606139520050071806902539869635232723338197002716905783886955687353423703648975796326773541997004091,1109645300822441853584793897924632478505655261739860552527,17754324813159069657356702366794119656090484187837768834133,20,"[2, 3, 5, 7, 11, 13, 17, 19, 23, 29, 31, 37, 41, 43, 47, 53, 59, 61, 67, 71]","[4, 9, 25, 49, 121, 169, 289, 361, 529, 841, 961, 1369, 1681, 1849, 2209, 2809, 3481, 3721, 4489, 5041]",64,no_relation,0,0,0,no_relation,0,0,0,False,,,,True,False,0.0003367080062162131,False,False
384,70,19701003098197239606139520050071806902539869635232723338592036443998573186831873981084872811323809599952932353703703,1109645300822441853584793897924632478505655261739860552527,17754324813159069657356702366794119656090484187837768834489,20,"[2, 3, 5, 7, 11, 13, 17, 19, 23, 29, 31, 37, 41, 43, 47, 53, 59, 61, 67, 71]","[4, 9, 25, 49, 121, 169, 289, 361, 529, 841, 961, 1369, 1681, 1849, 2209, 2809, 3481, 3721, 4489, 5041]",64,no_relation,0,0,0,no_relation,0,0,0,False,,,,True,False,0.00033512499067001045,False,False
384,71,19701003098197239606139520050071806902539869635232723338745167495512070162626575538998472093357590026073033109952429,1109645300822441853584793897924632478505655261739860552527,17754324813159069657356702366794119656090484187837768834627,20,"[2, 3, 5, 7, 11, 13, 17, 19, 23, 29, 31, 37, 41, 43, 47, 53, 59, 61, 67, 71]","[4, 9, 25, 49, 121, 169, 289, 361, 529, 841, 961, 1369, 1681, 1849, 2209, 2809, 3481, 3721, 4489, 5041]",64,no_relation,0,0,0,no_relation,0,0,0,False,,,,True,False,0.0003343749849591404,False,False
384,72,19701003098197239606139520050071806902539869635232723338762921820325229232283932241365266213013680510260870878792861,1109645300822441853584793897924632478505655261739860552527,17754324813159069657356702366794119656090484187837768834643,20,"[2, 3, 5, 7, 11, 13, 17, 19, 23, 29, 31, 37, 41, 43, 47, 53, 59, 61, 67, 71]","[4, 9, 25, 49, 121, 169, 289, 361, 529, 841, 961, 1369, 1681, 1849, 2209, 2809, 3481, 3721, 4489, 5041]",64,no_relation,0,0,0,no_relation,0,0,0,False,,,,True,False,0.0003360419941600412,False,False
384,73,19701003098197239606139520050071806902539869635232723338811746213561416673841663172873950042067929341777424743104049,1109645300822441853584793897924632478505655261739860552527,17754324813159069657356702366794119656090484187837768834687,20,"[2, 3, 5, 7, 11, 13, 17, 19, 23, 29, 31, 37, 41, 43, 47, 53, 59, 61, 67, 71]","[4, 9, 25, 49, 121, 169, 289, 361, 529, 841, 961, 1369, 1681, 1849, 2209, 2809, 3481, 3721, 4489, 5041]",64,no_relation,0,0,0,no_relation,0,0,0,False,,,,True,False,0.0003320419928058982,False,False
384,74,19701003098197239606139520050071806902539869635232723338878324931610763185056750806749427990778268657481816376255669,1109645300822441853584793897924632478505655261739860552527,17754324813159069657356702366794119656090484187837768834747,20,"[2, 3, 5, 7, 11, 13, 17, 19, 23, 29, 31, 37, 41, 43, 47, 53, 59, 61, 67, 71]","[4, 9, 25, 49, 121, 169, 289, 361, 529, 841, 961, 1369, 1681, 1849, 2209, 2809, 3481, 3721, 4489, 5041]",64,no_relation,0,0,0,no_relation,0,0,0,False,,,,True,False,0.00033404098940081894,False,False
384,75,19701003098197239606139520050071806902539869635232723339002605205302876672658247723316986828370902046796680758138693,1109645300822441853584793897924632478505655261739860552527,17754324813159069657356702366794119656090484187837768834859,20,"[2, 3, 5, 7, 11, 13, 17, 19, 23, 29, 31, 37, 41, 43, 47, 53, 59, 61, 67, 71]","[4, 9, 25, 49, 121, 169, 289, 361, 529, 841, 961, 1369, 1681, 1849, 2209, 2809, 3481, 3721, 4489, 5041]",64,no_relation,0,0,0,no_relation,0,0,0,False,,,,True,False,0.0003350409970153123,False,False
384,76,19701003098197239606139520050071806902539869635232723339084718957563737369823522471763409631780320536165430439025691,1109645300822441853584793897924632478505655261739860552527,17754324813159069657356702366794119656090484187837768834933,20,"[2, 3, 5, 7, 11, 13, 17, 19, 23, 29, 31, 37, 41, 43, 47, 53, 59, 61, 67, 71]","[4, 9, 25, 49, 121, 169, 289, 361, 529, 841, 961, 1369, 1681, 1849, 2209, 2809, 3481, 3721, 4489, 5041]",64,no_relation,0,0,0,no_relation,0,0,0,False,,,,True,False,0.0003337920061312616,False,False
384,77,19701003098197239606139520050071806902539869635232723339222314974865720159668036915106064059115021788621173147539039,1109645300822441853584793897924632478505655261739860552527,17754324813159069657356702366794119656090484187837768835057,20,"[2, 3, 5, 7, 11, 13, 17, 19, 23, 29, 31, 37, 41, 43, 47, 53, 59, 61, 67, 71]","[4, 9, 25, 49, 121, 169, 289, 361, 529, 841, 961, 1369, 1681, 1849, 2209, 2809, 3481, 3721, 4489, 5041]",64,no_relation,0,0,0,no_relation,0,0,0,False,,,,True,False,0.00034120900090783834,False,False
384,78,19701003098197239606139520050071806902539869635232723339302209436524935973126142075756637597567428967466443107320983,1109645300822441853584793897924632478505655261739860552527,17754324813159069657356702366794119656090484187837768835129,20,"[2, 3, 5, 7, 11, 13, 17, 19, 23, 29, 31, 37, 41, 43, 47, 53, 59, 61, 67, 71]","[4, 9, 25, 49, 121, 169, 289, 361, 529, 841, 961, 1369, 1681, 1849, 2209, 2809, 3481, 3721, 4489, 5041]",64,no_relation,0,0,0,no_relation,0,0,0,False,,,,True,False,0.0003367500030435622,False,False
384,79,19701003098197239606139520050071806902539869635232723339322183051939739926490668365919280982180530762177760597266469,1109645300822441853584793897924632478505655261739860552527,17754324813159069657356702366794119656090484187837768835147,20,"[2, 3, 5, 7, 11, 13, 17, 19, 23, 29, 31, 37, 41, 43, 47, 53, 59, 61, 67, 71]","[4, 9, 25, 49, 121, 169, 289, 361, 529, 841, 961, 1369, 1681, 1849, 2209, 2809, 3481, 3721, 4489, 5041]",64,no_relation,0,0,0,no_relation,0,0,0,False,,,,True,False,0.0003359589900355786,False,False
384,80,19701003098197239606139520050071806902539869635232723334790391643380887396450370086795081939963434673232170097877739,1109645300822441853584793897924632478505655261739860552749,17754324813159069657356702366794119656090484187837768827511,20,"[2, 3, 5, 7, 11, 13, 17, 19, 23, 29, 31, 37, 41, 43, 47, 53, 59, 61, 67, 71]","[4, 9, 25, 49, 121, 169, 289, 361, 529, 841, 961, 1369, 1681, 1849, 2209, 2809, 3481, 3721, 4489, 5041]",64,no_relation,0,0,0,no_relation,0,0,0,False,,,,True,False,0.0003357499954290688,False,False
384,81,19701003098197239606139520050071806902539869635232723334814803839998981117229235552549423854490559088990447030038217,1109645300822441853584793897924632478505655261739860552749,17754324813159069657356702366794119656090484187837768827533,20,"[2, 3, 5, 7, 11, 13, 17, 19, 23, 29, 31, 37, 41, 43, 47, 53, 59, 61, 67, 71]","[4, 9, 25, 49, 121, 169, 289, 361, 529, 841, 961, 1369, 1681, 1849, 2209, 2809, 3481, 3721, 4489, 5041]",64,no_relation,0,0,0,no_relation,0,0,0,False,,,,True,False,0.0003382079885341227,False,False
384,82,19701003098197239606139520050071806902539869635232723334890259720454907163273001537608298863028943646788757547625149,1109645300822441853584793897924632478505655261739860552749,17754324813159069657356702366794119656090484187837768827601,20,"[2, 3, 5, 7, 11, 13, 17, 19, 23, 29, 31, 37, 41, 43, 47, 53, 59, 61, 67, 71]","[4, 9, 25, 49, 121, 169, 289, 361, 529, 841, 961, 1369, 1681, 1849, 2209, 2809, 3481, 3721, 4489, 5041]",64,no_relation,0,0,0,no_relation,0,0,0,False,,,,True,False,0.0003621659998316318,False,False
384,83,19701003098197239606139520050071806902539869635232723335010101412943730883460159278584159170707554415056662487322041,1109645300822441853584793897924632478505655261739860552749,17754324813159069657356702366794119656090484187837768827709,20,"[2, 3, 5, 7, 11, 13, 17, 19, 23, 29, 31, 37, 41, 43, 47, 53, 59, 61, 67, 71]","[4, 9, 25, 49, 121, 169, 289, 361, 529, 841, 961, 1369, 1681, 1849, 2209, 2809, 3481, 3721, 4489, 5041]",64,no_relation,0,0,0,no_relation,0,0,0,False,,,,True,False,0.00033604202326387167,False,False
384,84,19701003098197239606139520050071806902539869635232723335154355302050648324426182485314361392913289599082844359179411,1109645300822441853584793897924632478505655261739860552749,17754324813159069657356702366794119656090484187837768827839,20,"[2, 3, 5, 7, 11, 13, 17, 19, 23, 29, 31, 37, 41, 43, 47, 53, 59, 61, 67, 71]","[4, 9, 25, 49, 121, 169, 289, 361, 529, 841, 961, 1369, 1681, 1849, 2209, 2809, 3481, 3721, 4489, 5041]",64,no_relation,0,0,0,no_relation,0,0,0,False,,,,True,False,0.00034108301042579114,False,False
384,85,19701003098197239606139520050071806902539869635232723335409573721239809950750685081837026862969590309283012286311681,1109645300822441853584793897924632478505655261739860552749,17754324813159069657356702366794119656090484187837768828069,20,"[2, 3, 5, 7, 11, 13, 17, 19, 23, 29, 31, 37, 41, 43, 47, 53, 59, 61, 67, 71]","[4, 9, 25, 49, 121, 169, 289, 361, 529, 841, 961, 1369, 1681, 1849, 2209, 2809, 3481, 3721, 4489, 5041]",64,no_relation,0,0,0,no_relation,0,0,0,False,,,,True,False,0.00033424998400732875,False,False
384,86,19701003098197239606139520050071806902539869635232723335456178823874352508601246425549861427066827830276086429527139,1109645300822441853584793897924632478505655261739860552749,17754324813159069657356702366794119656090484187837768828111,20,"[2, 3, 5, 7, 11, 13, 17, 19, 23, 29, 31, 37, 41, 43, 47, 53, 59, 61, 67, 71]","[4, 9, 25, 49, 121, 169, 289, 361, 529, 841, 961, 1369, 1681, 1849, 2209, 2809, 3481, 3721, 4489, 5041]",64,no_relation,0,0,0,no_relation,0,0,0,False,,,,True,False,0.00033433298813179135,False,False
384,87,19701003098197239606139520050071806902539869635232723335473933148687511578258603127916655546722918314463924198371123,1109645300822441853584793897924632478505655261739860552749,17754324813159069657356702366794119656090484187837768828127,20,"[2, 3, 5, 7, 11, 13, 17, 19, 23, 29, 31, 37, 41, 43, 47, 53, 59, 61, 67, 71]","[4, 9, 25, 49, 121, 169, 289, 361, 529, 841, 961, 1369, 1681, 1849, 2209, 2809, 3481, 3721, 4489, 5041]",64,no_relation,0,0,0,no_relation,0,0,0,False,,,,True,False,0.0003375830128788948,False,False
384,88,19701003098197239606139520050071806902539869635232723335529415413728633670937842822812887170648201077550917226008573,1109645300822441853584793897924632478505655261739860552749,17754324813159069657356702366794119656090484187837768828177,20,"[2, 3, 5, 7, 11, 13, 17, 19, 23, 29, 31, 37, 41, 43, 47, 53, 59, 61, 67, 71]","[4, 9, 25, 49, 121, 169, 289, 361, 529, 841, 961, 1369, 1681, 1849, 2209, 2809, 3481, 3721, 4489, 5041]",64,no_relation,0,0,0,no_relation,0,0,0,False,,,,True,False,0.0003325419966131449,False,False
384,89,19701003098197239606139520050071806902539869635232723335653695687420747158539339739380446008240834466865781607916461,1109645300822441853584793897924632478505655261739860552749,17754324813159069657356702366794119656090484187837768828289,20,"[2, 3, 5, 7, 11, 13, 17, 19, 23, 29, 31, 37, 41, 43, 47, 53, 59, 61, 67, 71]","[4, 9, 25, 49, 121, 169, 289, 361, 529, 841, 961, 1369, 1681, 1849, 2209, 2809, 3481, 3721, 4489, 5041]",64,no_relation,0,0,0,no_relation,0,0,0,False,,,,True,False,0.00033837498631328344,False,False
384,90,19701003098197239606139520050071806902539869635232723335740248020884897623118953663418567341564275577281490731030883,1109645300822441853584793897924632478505655261739860552749,17754324813159069657356702366794119656090484187837768828367,20,"[2, 3, 5, 7, 11, 13, 17, 19, 23, 29, 31, 37, 41, 43, 47, 53, 59, 61, 67, 71]","[4, 9, 25, 49, 121, 169, 289, 361, 529, 841, 961, 1369, 1681, 1849, 2209, 2809, 3481, 3721, 4489, 5041]",64,no_relation,0,0,0,no_relation,0,0,0,False,,,,True,False,0.00033570799860171974,False,False
384,91,19701003098197239606139520050071806902539869635232723335773537379909570878726497480356306315919445235133686547613353,1109645300822441853584793897924632478505655261739860552749,17754324813159069657356702366794119656090484187837768828397,20,"[2, 3, 5, 7, 11, 13, 17, 19, 23, 29, 31, 37, 41, 43, 47, 53, 59, 61, 67, 71]","[4, 9, 25, 49, 121, 169, 289, 361, 529, 841, 961, 1369, 1681, 1849, 2209, 2809, 3481, 3721, 4489, 5041]",64,no_relation,0,0,0,no_relation,0,0,0,False,,,,True,False,0.00033541599987074733,False,False
384,92,19701003098197239606139520050071806902539869635232723335829019644950692971405737175252537939844727998220679575250803,1109645300822441853584793897924632478505655261739860552749,17754324813159069657356702366794119656090484187837768828447,20,"[2, 3, 5, 7, 11, 13, 17, 19, 23, 29, 31, 37, 41, 43, 47, 53, 59, 61, 67, 71]","[4, 9, 25, 49, 121, 169, 289, 361, 529, 841, 961, 1369, 1681, 1849, 2209, 2809, 3481, 3721, 4489, 5041]",64,no_relation,0,0,0,no_relation,0,0,0,False,,,,True,False,0.0003333750064484775,False,False
384,93,19701003098197239606139520050071806902539869635232723335855651132170431575891772228802729119328863724502436228516779,1109645300822441853584793897924632478505655261739860552749,17754324813159069657356702366794119656090484187837768828471,20,"[2, 3, 5, 7, 11, 13, 17, 19, 23, 29, 31, 37, 41, 43, 47, 53, 59, 61, 67, 71]","[4, 9, 25, 49, 121, 169, 289, 361, 529, 841, 961, 1369, 1681, 1849, 2209, 2809, 3481, 3721, 4489, 5041]",64,no_relation,0,0,0,no_relation,0,0,0,False,,,,True,False,0.0003355000226292759,False,False
384,94,19701003098197239606139520050071806902539869635232723335868966875780300878134789755577824709070931587643314555149767,1109645300822441853584793897924632478505655261739860552749,17754324813159069657356702366794119656090484187837768828483,20,"[2, 3, 5, 7, 11, 13, 17, 19, 23, 29, 31, 37, 41, 43, 47, 53, 59, 61, 67, 71]","[4, 9, 25, 49, 121, 169, 289, 361, 529, 841, 961, 1369, 1681, 1849, 2209, 2809, 3481, 3721, 4489, 5041]",64,no_relation,0,0,0,no_relation,0,0,0,False,,,,True,False,0.0003376249806024134,False,False
384,95,19701003098197239606139520050071806902539869635232723336022097927293797853929491313491423991104712013763415311429129,1109645300822441853584793897924632478505655261739860552749,17754324813159069657356702366794119656090484187837768828621,20,"[2, 3, 5, 7, 11, 13, 17, 19, 23, 29, 31, 37, 41, 43, 47, 53, 59, 61, 67, 71]","[4, 9, 25, 49, 121, 169, 289, 361, 529, 841, 961, 1369, 1681, 1849, 2209, 2809, 3481, 3721, 4489, 5041]",64,no_relation,0,0,0,no_relation,0,0,0,False,,,,True,False,0.00033599999733269215,False,False
384,96,19701003098197239606139520050071806902539869635232723336268439184076379945425315558830692401332967481869664354139407,1109645300822441853584793897924632478505655261739860552749,17754324813159069657356702366794119656090484187837768828843,20,"[2, 3, 5, 7, 11, 13, 17, 19, 23, 29, 31, 37, 41, 43, 47, 53, 59, 61, 67, 71]","[4, 9, 25, 49, 121, 169, 289, 361, 529, 841, 961, 1369, 1681, 1849, 2209, 2809, 3481, 3721, 4489, 5041]",64,no_relation,0,0,0,no_relation,0,0,0,False,,,,True,False,0.00033537502167746425,False,False
384,97,19701003098197239606139520050071806902539869635232723336306167124304342968447198551360129905602159760768819612932873,1109645300822441853584793897924632478505655261739860552749,17754324813159069657356702366794119656090484187837768828877,20,"[2, 3, 5, 7, 11, 13, 17, 19, 23, 29, 31, 37, 41, 43, 47, 53, 59, 61, 67, 71]","[4, 9, 25, 49, 121, 169, 289, 361, 529, 841, 961, 1369, 1681, 1849, 2209, 2809, 3481, 3721, 4489, 5041]",64,no_relation,0,0,0,no_relation,0,0,0,False,,,,True,False,0.00033558299764990807,False,False
384,98,19701003098197239606139520050071806902539869635232723336539192637477055757700005269924302726088347365734190329010163,1109645300822441853584793897924632478505655261739860552749,17754324813159069657356702366794119656090484187837768829087,20,"[2, 3, 5, 7, 11, 13, 17, 19, 23, 29, 31, 37, 41, 43, 47, 53, 59, 61, 67, 71]","[4, 9, 25, 49, 121, 169, 289, 361, 529, 841, 961, 1369, 1681, 1849, 2209, 2809, 3481, 3721, 4489, 5041]",64,no_relation,0,0,0,no_relation,0,0,0,False,,,,True,False,0.00033429200993850827,False,False
384,99,19701003098197239606139520050071806902539869635232723336574701287103373897014718674657890965400528334109865866698131,1109645300822441853584793897924632478505655261739860552749,17754324813159069657356702366794119656090484187837768829119,20,"[2, 3, 5, 7, 11, 13, 17, 19, 23, 29, 31, 37, 41, 43, 47, 53, 59, 61, 67, 71]","[4, 9, 25, 49, 121, 169, 289, 361, 529, 841, 961, 1369, 1681, 1849, 2209, 2809, 3481, 3721, 4489, 5041]",64,no_relation,0,0,0,no_relation,0,0,0,False,,,,True,False,0.0003325419966131449,False,False
512,0,6703903964971298549787012499102923063739682910296196688861780721860882015037073500923480118689627443140165754355047892888328318395860449070617135870500381,20469342876866031904387800385744907076876858117810809265455463400189188695701,327509486029856510470204806171918513230029729884972948247287414403027019128681,23,"[2, 3, 5, 7, 11, 13, 17, 19, 23, 29, 31, 37, 41, 43, 47, 53, 59, 61, 67, 71, 73, 79, 83]","[4, 9, 25, 49, 121, 169, 289, 361, 529, 841, 961, 1369, 1681, 1849, 2209, 2809, 3481, 3721, 4489, 5041, 5329, 6241, 6889]",64,no_relation,0,0,0,no_relation,0,0,0,False,,,,True,False,0.00043612500303424895,False,False
512,1,6703903964971298549787012499102923063739682910296196688861780721860882015041085492127345860942887452015771756142115757079419237011889719897054216854857777,20469342876866031904387800385744907076876858117810809265455463400189188695701,327509486029856510470204806171918513230029729884972948247287414403027019128877,23,"[2, 3, 5, 7, 11, 13, 17, 19, 23, 29, 31, 37, 41, 43, 47, 53, 59, 61, 67, 71, 73, 79, 83]","[4, 9, 25, 49, 121, 169, 289, 361, 529, 841, 961, 1369, 1681, 1849, 2209, 2809, 3481, 3721, 4489, 5041, 5329, 6241, 6889]",64,no_relation,0,0,0,no_relation,0,0,0,False,,,,True,False,0.00039637499139644206,False,False
512,2,6703903964971298549787012499102923063739682910296196688861780721860882015048249762134248972109423182150782473619022657420653020254799132087120432898353127,20469342876866031904387800385744907076876858117810809265455463400189188695701,327509486029856510470204806171918513230029729884972948247287414403027019129227,23,"[2, 3, 5, 7, 11, 13, 17, 19, 23, 29, 31, 37, 41, 43, 47, 53, 59, 61, 67, 71, 73, 79, 83]","[4, 9, 25, 49, 121, 169, 289, 361, 529, 841, 961, 1369, 1681, 1849, 2209, 2809, 3481, 3721, 4489, 5041, 5329, 6241, 6889]",64,no_relation,0,0,0,no_relation,0,0,0,False,,,,True,False,0.000384749990189448,False,False
512,3,6703903964971298549787012499102923063739682910296196688861780721860882015049600738764122130215112776976241637486096530056428533666319192671532919352269393,20469342876866031904387800385744907076876858117810809265455463400189188695701,327509486029856510470204806171918513230029729884972948247287414403027019129293,23,"[2, 3, 5, 7, 11, 13, 17, 19, 23, 29, 31, 37, 41, 43, 47, 53, 59, 61, 67, 71, 73, 79, 83]","[4, 9, 25, 49, 121, 169, 289, 361, 529, 841, 961, 1369, 1681, 1849, 2209, 2809, 3481, 3721, 4489, 5041, 5329, 6241, 6889]",64,no_relation,0,0,0,no_relation,0,0,0,False,,,,True,False,0.0003817919932771474,False,False
512,4,6703903964971298549787012499102923063739682910296196688861780721860882015049682616135629594342730328177784617114404037488899776903381014525133676107052197,20469342876866031904387800385744907076876858117810809265455463400189188695701,327509486029856510470204806171918513230029729884972948247287414403027019129297,23,"[2, 3, 5, 7, 11, 13, 17, 19, 23, 29, 31, 37, 41, 43, 47, 53, 59, 61, 67, 71, 73, 79, 83]","[4, 9, 25, 49, 121, 169, 289, 361, 529, 841, 961, 1369, 1681, 1849, 2209, 2809, 3481, 3721, 4489, 5041, 5329, 6241, 6889]",64,no_relation,0,0,0,no_relation,0,0,0,False,,,,True,False,0.0003804159932769835,False,False
512,5,6703903964971298549787012499102923063739682910296196688861780721860882015051647673051808733405551557014816128193784215868209614592864739011551838221839493,20469342876866031904387800385744907076876858117810809265455463400189188695701,327509486029856510470204806171918513230029729884972948247287414403027019129393,23,"[2, 3, 5, 7, 11, 13, 17, 19, 23, 29, 31, 37, 41, 43, 47, 53, 59, 61, 67, 71, 73, 79, 83]","[4, 9, 25, 49, 121, 169, 289, 361, 529, 841, 961, 1369, 1681, 1849, 2209, 2809, 3481, 3721, 4489, 5041, 5329, 6241, 6889]",64,no_relation,0,0,0,no_relation,0,0,0,False,,,,True,False,0.00038129198946990073,False,False
512,6,6703903964971298549787012499102923063739682910296196688861780721860882015053408036539219212149328907847990190202395625666341344189693908863968108449669779,20469342876866031904387800385744907076876858117810809265455463400189188695701,327509486029856510470204806171918513230029729884972948247287414403027019129479,23,"[2, 3, 5, 7, 11, 13, 17, 19, 23, 29, 31, 37, 41, 43, 47, 53, 59, 61, 67, 71, 73, 79, 83]","[4, 9, 25, 49, 121, 169, 289, 361, 529, 841, 961, 1369, 1681, 1849, 2209, 2809, 3481, 3721, 4489, 5041, 5329, 6241, 6889]",64,no_relation,0,0,0,no_relation,0,0,0,False,,,,True,False,0.00039241599733941257,False,False
512,7,6703903964971298549787012499102923063739682910296196688861780721860882015056478437970749116934987077905851926263927154384012965579512228373996486754024929,20469342876866031904387800385744907076876858117810809265455463400189188695701,327509486029856510470204806171918513230029729884972948247287414403027019129629,23,"[2, 3, 5, 7, 11, 13, 17, 19, 23, 29, 31, 37, 41, 43, 47, 53, 59, 61, 67, 71, 73, 79, 83]","[4, 9, 25, 49, 121, 169, 289, 361, 529, 841, 961, 1369, 1681, 1849, 2209, 2809, 3481, 3721, 4489, 5041, 5329, 6241, 6889]",64,no_relation,0,0,0,no_relation,0,0,0,False,,,,True,False,0.00038016599137336016,False,False
512,8,6703903964971298549787012499102923063739682910296196688861780721860882015056724070085271509317839731510480865148849676681426695290697693934798757018373341,20469342876866031904387800385744907076876858117810809265455463400189188695701,327509486029856510470204806171918513230029729884972948247287414403027019129641,23,"[2, 3, 5, 7, 11, 13, 17, 19, 23, 29, 31, 37, 41, 43, 47, 53, 59, 61, 67, 71, 73, 79, 83]","[4, 9, 25, 49, 121, 169, 289, 361, 529, 841, 961, 1369, 1681, 1849, 2209, 2809, 3481, 3721, 4489, 5041, 5329, 6241, 6889]",64,no_relation,0,0,0,no_relation,0,0,0,False,,,,True,False,0.000380083016352728,False,False
512,9,6703903964971298549787012499102923063739682910296196688861780721860882015058156924086652131551146877537483008644231056749673451939279576372812000227072411,20469342876866031904387800385744907076876858117810809265455463400189188695701,327509486029856510470204806171918513230029729884972948247287414403027019129711,23,"[2, 3, 5, 7, 11, 13, 17, 19, 23, 29, 31, 37, 41, 43, 47, 53, 59, 61, 67, 71, 73, 79, 83]","[4, 9, 25, 49, 121, 169, 289, 361, 529, 841, 961, 1369, 1681, 1849, 2209, 2809, 3481, 3721, 4489, 5041, 5329, 6241, 6889]",64,no_relation,0,0,0,no_relation,0,0,0,False,,,,True,False,0.0003778329992201179,False,False
512,10,6703903964971298549787012499102923063739682910296196688861780721860882015058197862772405863614955653138254498458384810465909073557810487299612378604463813,20469342876866031904387800385744907076876858117810809265455463400189188695701,327509486029856510470204806171918513230029729884972948247287414403027019129713,23,"[2, 3, 5, 7, 11, 13, 17, 19, 23, 29, 31, 37, 41, 43, 47, 53, 59, 61, 67, 71, 73, 79, 83]","[4, 9, 25, 49, 121, 169, 289, 361, 529, 841, 961, 1369, 1681, 1849, 2209, 2809, 3481, 3721, 4489, 5041, 5329, 6241, 6889]",64,no_relation,0,0,0,no_relation,0,0,0,False,,,,True,False,0.0003803329891525209,False,False
512,11,6703903964971298549787012499102923063739682910296196688861780721860882015067368128381241845908121387711068216828825642902688316108734534902897135140137861,20469342876866031904387800385744907076876858117810809265455463400189188695701,327509486029856510470204806171918513230029729884972948247287414403027019130161,23,"[2, 3, 5, 7, 11, 13, 17, 19, 23, 29, 31, 37, 41, 43, 47, 53, 59, 61, 67, 71, 73, 79, 83]","[4, 9, 25, 49, 121, 169, 289, 361, 529, 841, 961, 1369, 1681, 1849, 2209, 2809, 3481, 3721, 4489, 5041, 5329, 6241, 6889]",64,no_relation,0,0,0,no_relation,0,0,0,False,,,,True,False,0.00037937500746920705,False,False
512,12,6703903964971298549787012499102923063739682910296196688861780721860882015075269294731712134223215078659965750960500110136163288485200343775370161976678447,20469342876866031904387800385744907076876858117810809265455463400189188695701,327509486029856510470204806171918513230029729884972948247287414403027019130547,23,"[2, 3, 5, 7, 11, 13, 17, 19, 23, 29, 31, 37, 41, 43, 47, 53, 59, 61, 67, 71, 73, 79, 83]","[4, 9, 25, 49, 121, 169, 289, 361, 529, 841, 961, 1369, 1681, 1849, 2209, 2809, 3481, 3721, 4489, 5041, 5329, 6241, 6889]",64,no_relation,0,0,0,no_relation,0,0,0,False,,,,True,False,0.00037895800778642297,False,False
512,13,6703903964971298549787012499102923063739682910296196688861780721860882015077561861133921129796506512303169180553110318245358099122931355676191351110596959,20469342876866031904387800385744907076876858117810809265455463400189188695701,327509486029856510470204806171918513230029729884972948247287414403027019130659,23,"[2, 3, 5, 7, 11, 13, 17, 19, 23, 29, 31, 37, 41, 43, 47, 53, 59, 61, 67, 71, 73, 79, 83]","[4, 9, 25, 49, 121, 169, 289, 361, 529, 841, 961, 1369, 1681, 1849, 2209, 2809, 3481, 3721, 4489, 5041, 5329, 6241, 6889]",64,no_relation,0,0,0,no_relation,0,0,0,False,,,,True,False,0.0003809169866144657,False,False
512,14,6703903964971298549787012499102923063739682910296196688861780721860882015081860423138062996496427950384175611039254458450098369068677002990231080736694169,20469342876866031904387800385744907076876858117810809265455463400189188695701,327509486029856510470204806171918513230029729884972948247287414403027019130869,23,"[2, 3, 5, 7, 11, 13, 17, 19, 23, 29, 31, 37, 41, 43, 47, 53, 59, 61, 67, 71, 73, 79, 83]","[4, 9, 25, 49, 121, 169, 289, 361, 529, 841, 961, 1369, 1681, 1849, 2209, 2809, 3481, 3721, 4489, 5041, 5329, 6241, 6889]",64,no_relation,0,0,0,no_relation,0,0,0,False,,,,True,False,0.000378625001758337,False,False
512,15,6703903964971298549787012499102923063739682910296196688861780721860882015086773065428510844153481022476754388737704904398372963292386314206276486023662409,20469342876866031904387800385744907076876858117810809265455463400189188695701,327509486029856510470204806171918513230029729884972948247287414403027019131109,23,"[2, 3, 5, 7, 11, 13, 17, 19, 23, 29, 31, 37, 41, 43, 47, 53, 59, 61, 67, 71, 73, 79, 83]","[4, 9, 25, 49, 121, 169, 289, 361, 529, 841, 961, 1369, 1681, 1849, 2209, 2809, 3481, 3721, 4489, 5041, 5329, 6241, 6889]",64,no_relation,0,0,0,no_relation,0,0,0,False,,,,True,False,0.0003844589809887111,False,False
512,16,6703903964971298549787012499102923063739682910296196688861780721860882015087428084400570557174421432089098225764164963858142909188880889035082540061924841,20469342876866031904387800385744907076876858117810809265455463400189188695701,327509486029856510470204806171918513230029729884972948247287414403027019131141,23,"[2, 3, 5, 7, 11, 13, 17, 19, 23, 29, 31, 37, 41, 43, 47, 53, 59, 61, 67, 71, 73, 79, 83]","[4, 9, 25, 49, 121, 169, 289, 361, 529, 841, 961, 1369, 1681, 1849, 2209, 2809, 3481, 3721, 4489, 5041, 5329, 6241, 6889]",64,no_relation,0,0,0,no_relation,0,0,0,False,,,,True,False,0.00039087500772438943,False,False
512,17,6703903964971298549787012499102923063739682910296196688861780721860882015088246858115645198450596944104528022047240038182855341559499107571090107609752881,20469342876866031904387800385744907076876858117810809265455463400189188695701,327509486029856510470204806171918513230029729884972948247287414403027019131181,23,"[2, 3, 5, 7, 11, 13, 17, 19, 23, 29, 31, 37, 41, 43, 47, 53, 59, 61, 67, 71, 73, 79, 83]","[4, 9, 25, 49, 121, 169, 289, 361, 529, 841, 961, 1369, 1681, 1849, 2209, 2809, 3481, 3721, 4489, 5041, 5329, 6241, 6889]",64,no_relation,0,0,0,no_relation,0,0,0,False,,,,True,False,0.00038054099422879517,False,False
512,18,6703903964971298549787012499102923063739682910296196688861780721860882015094510477035966204213339611022565963612764356766905449194728479371547999350637387,20469342876866031904387800385744907076876858117810809265455463400189188695701,327509486029856510470204806171918513230029729884972948247287414403027019131487,23,"[2, 3, 5, 7, 11, 13, 17, 19, 23, 29, 31, 37, 41, 43, 47, 53, 59, 61, 67, 71, 73, 79, 83]","[4, 9, 25, 49, 121, 169, 289, 361, 529, 841, 961, 1369, 1681, 1849, 2209, 2809, 3481, 3721, 4489, 5041, 5329, 6241, 6889]",64,no_relation,0,0,0,no_relation,0,0,0,False,,,,True,False,0.00037945801159366965,False,False
512,19,6703903964971298549787012499102923063739682910296196688861780721860882015095533944179809505808559001041853208966608199672795989658001252541557458785422437,20469342876866031904387800385744907076876858117810809265455463400189188695701,327509486029856510470204806171918513230029729884972948247287414403027019131537,23,"[2, 3, 5, 7, 11, 13, 17, 19, 23, 29, 31, 37, 41, 43, 47, 53, 59, 61, 67, 71, 73, 79, 83]","[4, 9, 25, 49, 121, 169, 289, 361, 529, 841, 961, 1369, 1681, 1849, 2209, 2809, 3481, 3721, 4489, 5041, 5329, 6241, 6889]",64,no_relation,0,0,0,no_relation,0,0,0,False,,,,True,False,0.00038633300573565066,False,False
512,20,6703903964971298549787012499102923063739682910296196688861780721860882015098072142696540893764703088289685577444140930079404530006917730003180918183689361,20469342876866031904387800385744907076876858117810809265455463400189188695701,327509486029856510470204806171918513230029729884972948247287414403027019131661,23,"[2, 3, 5, 7, 11, 13, 17, 19, 23, 29, 31, 37, 41, 43, 47, 53, 59, 61, 67, 71, 73, 79, 83]","[4, 9, 25, 49, 121, 169, 289, 361, 529, 841, 961, 1369, 1681, 1849, 2209, 2809, 3481, 3721, 4489, 5041, 5329, 6241, 6889]",64,no_relation,0,0,0,no_relation,0,0,0,False,,,,True,False,0.0003807079920079559,False,False
512,21,6703903964971298549787012499102923063739682910296196688861780721860882015098604345611339410594217171099714945028139728390467611047819572051585837089777587,20469342876866031904387800385744907076876858117810809265455463400189188695701,327509486029856510470204806171918513230029729884972948247287414403027019131687,23,"[2, 3, 5, 7, 11, 13, 17, 19, 23, 29, 31, 37, 41, 43, 47, 53, 59, 61, 67, 71, 73, 79, 83]","[4, 9, 25, 49, 121, 169, 289, 361, 529, 841, 961, 1369, 1681, 1849, 2209, 2809, 3481, 3721, 4489, 5041, 5329, 6241, 6889]",64,no_relation,0,0,0,no_relation,0,0,0,False,,,,True,False,0.0003785410081036389,False,False
512,22,6703903964971298549787012499102923063739682910296196688861780721860882015099218425897645391551348805111287292240446034134001935325783235953591512750648617,20469342876866031904387800385744907076876858117810809265455463400189188695701,327509486029856510470204806171918513230029729884972948247287414403027019131717,23,"[2, 3, 5, 7, 11, 13, 17, 19, 23, 29, 31, 37, 41, 43, 47, 53, 59, 61, 67, 71, 73, 79, 83]","[4, 9, 25, 49, 121, 169, 289, 361, 529, 841, 961, 1369, 1681, 1849, 2209, 2809, 3481, 3721, 4489, 5041, 5329, 6241, 6889]",64,no_relation,0,0,0,no_relation,0,0,0,False,,,,True,False,0.0003797499812208116,False,False
512,23,6703903964971298549787012499102923063739682910296196688861780721860882015099668751440936444253245336719773680196137325012593773129623256148395674901954039,20469342876866031904387800385744907076876858117810809265455463400189188695701,327509486029856510470204806171918513230029729884972948247287414403027019131739,23,"[2, 3, 5, 7, 11, 13, 17, 19, 23, 29, 31, 37, 41, 43, 47, 53, 59, 61, 67, 71, 73, 79, 83]","[4, 9, 25, 49, 121, 169, 289, 361, 529, 841, 961, 1369, 1681, 1849, 2209, 2809, 3481, 3721, 4489, 5041, 5329, 6241, 6889]",64,no_relation,0,0,0,no_relation,0,0,0,False,,,,True,False,0.00037908399826847017,False,False
512,24,6703903964971298549787012499102923063739682910296196688861780721860882015099709690126690176317054112320545170010291078728829394748154167075196053279345441,20469342876866031904387800385744907076876858117810809265455463400189188695701,327509486029856510470204806171918513230029729884972948247287414403027019131741,23,"[2, 3, 5, 7, 11, 13, 17, 19, 23, 29, 31, 37, 41, 43, 47, 53, 59, 61, 67, 71, 73, 79, 83]","[4, 9, 25, 49, 121, 169, 289, 361, 529, 841, 961, 1369, 1681, 1849, 2209, 2809, 3481, 3721, 4489, 5041, 5329, 6241, 6889]",64,no_relation,0,0,0,no_relation,0,0,0,False,,,,True,False,0.0003812920185737312,False,False
512,25,6703903964971298549787012499102923063739682910296196688861780721860882015102493520757943956656050853173006477372746331432851664808256110097621782941960777,20469342876866031904387800385744907076876858117810809265455463400189188695701,327509486029856510470204806171918513230029729884972948247287414403027019131877,23,"[2, 3, 5, 7, 11, 13, 17, 19, 23, 29, 31, 37, 41, 43, 47, 53, 59, 61, 67, 71, 73, 79, 83]","[4, 9, 25, 49, 121, 169, 289, 361, 529, 841, 961, 1369, 1681, 1849, 2209, 2809, 3481, 3721, 4489, 5041, 5329, 6241, 6889]",64,no_relation,0,0,0,no_relation,0,0,0,False,,,,True,False,0.0003777499950956553,False,False
512,26,6703903964971298549787012499102923063739682910296196688861780721860882015104867964531660416356959838017752886593664046974517718683048943852043728830662093,20469342876866031904387800385744907076876858117810809265455463400189188695701,327509486029856510470204806171918513230029729884972948247287414403027019131993,23,"[2, 3, 5, 7, 11, 13, 17, 19, 23, 29, 31, 37, 41, 43, 47, 53, 59, 61, 67, 71, 73, 79, 83]","[4, 9, 25, 49, 121, 169, 289, 361, 529, 841, 961, 1369, 1681, 1849, 2209, 2809, 3481, 3721, 4489, 5041, 5329, 6241, 6889]",64,no_relation,0,0,0,no_relation,0,0,0,False,,,,True,False,0.00037850000080652535,False,False
512,27,6703903964971298549787012499102923063739682910296196688861780721860882015106300818533041038590266984044755030089045427042764475331630826290056972039361163,20469342876866031904387800385744907076876858117810809265455463400189188695701,327509486029856510470204806171918513230029729884972948247287414403027019132063,23,"[2, 3, 5, 7, 11, 13, 17, 19, 23, 29, 31, 37, 41, 43, 47, 53, 59, 61, 67, 71, 73, 79, 83]","[4, 9, 25, 49, 121, 169, 289, 361, 529, 841, 961, 1369, 1681, 1849, 2209, 2809, 3481, 3721, 4489, 5041, 5329, 6241, 6889]",64,no_relation,0,0,0,no_relation,0,0,0,False,,,,True,False,0.00037895800778642297,False,False
512,28,6703903964971298549787012499102923063739682910296196688861780721860882015107651795162914196695956578870214193956119299678539988743150886874469458493277429,20469342876866031904387800385744907076876858117810809265455463400189188695701,327509486029856510470204806171918513230029729884972948247287414403027019132129,23,"[2, 3, 5, 7, 11, 13, 17, 19, 23, 29, 31, 37, 41, 43, 47, 53, 59, 61, 67, 71, 73, 79, 83]","[4, 9, 25, 49, 121, 169, 289, 361, 529, 841, 961, 1369, 1681, 1849, 2209, 2809, 3481, 3721, 4489, 5041, 5329, 6241, 6889]",64,no_relation,0,0,0,no_relation,0,0,0,False,,,,True,False,0.0003802079882007092,False,False
512,29,6703903964971298549787012499102923063739682910296196688861780721860882015109371219964570943375925154102616766150576955760436096721449145800085350343716313,20469342876866031904387800385744907076876858117810809265455463400189188695701,327509486029856510470204806171918513230029729884972948247287414403027019132213,23,"[2, 3, 5, 7, 11, 13, 17, 19, 23, 29, 31, 37, 41, 43, 47, 53, 59, 61, 67, 71, 73, 79, 83]","[4, 9, 25, 49, 121, 169, 289, 361, 529, 841, 961, 1369, 1681, 1849, 2209, 2809, 3481, 3721, 4489, 5041, 5329, 6241, 6889]",64,no_relation,0,0,0,no_relation,0,0,0,False,,,,True,False,0.00037887500366196036,False,False
512,30,6703903964971298549787012499102923063739682910296196688861780721860882015111090644766227690055893729335019338345034611842332204699747404725701242194155197,20469342876866031904387800385744907076876858117810809265455463400189188695701,327509486029856510470204806171918513230029729884972948247287414403027019132297,23,"[2, 3, 5, 7, 11, 13, 17, 19, 23, 29, 31, 37, 41, 43, 47, 53, 59, 61, 67, 71, 73, 79, 83]","[4, 9, 25, 49, 121, 169, 289, 361, 529, 841, 961, 1369, 1681, 1849, 2209, 2809, 3481, 3721, 4489, 5041, 5329, 6241, 6889]",64,no_relation,0,0,0,no_relation,0,0,0,False,,,,True,False,0.00040599997737444937,False,False
512,31,6703903964971298549787012499102923063739682910296196688861780721860882015111377215566503814502555158540419767044110887855981556029463781213303890835895011,20469342876866031904387800385744907076876858117810809265455463400189188695701,327509486029856510470204806171918513230029729884972948247287414403027019132311,23,"[2, 3, 5, 7, 11, 13, 17, 19, 23, 29, 31, 37, 41, 43, 47, 53, 59, 61, 67, 71, 73, 79, 83]","[4, 9, 25, 49, 121, 169, 289, 361, 529, 841, 961, 1369, 1681, 1849, 2209, 2809, 3481, 3721, 4489, 5041, 5329, 6241, 6889]",64,no_relation,0,0,0,no_relation,0,0,0,False,,,,True,False,0.000440500007243827,False,False
512,32,6703903964971298549787012499102923063739682910296196688861780721860882015113956352768988934522508021389023625335797371978825717996911169601727728611553337,20469342876866031904387800385744907076876858117810809265455463400189188695701,327509486029856510470204806171918513230029729884972948247287414403027019132437,23,"[2, 3, 5, 7, 11, 13, 17, 19, 23, 29, 31, 37, 41, 43, 47, 53, 59, 61, 67, 71, 73, 79, 83]","[4, 9, 25, 49, 121, 169, 289, 361, 529, 841, 961, 1369, 1681, 1849, 2209, 2809, 3481, 3721, 4489, 5041, 5329, 6241, 6889]",64,no_relation,0,0,0,no_relation,0,0,0,False,,,,True,False,0.0003997919848188758,False,False
512,33,6703903964971298549787012499102923063739682910296196688861780721860882015114693249112556111671065982202910441990564938871066907130467566284134539404598573,20469342876866031904387800385744907076876858117810809265455463400189188695701,327509486029856510470204806171918513230029729884972948247287414403027019132473,23,"[2, 3, 5, 7, 11, 13, 17, 19, 23, 29, 31, 37, 41, 43, 47, 53, 59, 61, 67, 71, 73, 79, 83]","[4, 9, 25, 49, 121, 169, 289, 361, 529, 841, 961, 1369, 1681, 1849, 2209, 2809, 3481, 3721, 4489, 5041, 5329, 6241, 6889]",64,no_relation,0,0,0,no_relation,0,0,0,False,,,,True,False,0.0003868329804390669,False,False
512,34,6703903964971298549787012499102923063739682910296196688861780721860882015126974854838675730813698662434357386236691053741753392689740844324248052622019173,20469342876866031904387800385744907076876858117810809265455463400189188695701,327509486029856510470204806171918513230029729884972948247287414403027019133073,23,"[2, 3, 5, 7, 11, 13, 17, 19, 23, 29, 31, 37, 41, 43, 47, 53, 59, 61, 67, 71, 73, 79, 83]","[4, 9, 25, 49, 121, 169, 289, 361, 529, 841, 961, 1369, 1681, 1849, 2209, 2809, 3481, 3721, 4489, 5041, 5329, 6241, 6889]",64,no_relation,0,0,0,no_relation,0,0,0,False,,,,True,False,0.0003809589834418148,False,False
512,35,6703903964971298549787012499102923063739682910296196688861780721860882015132092190557892238789795612530793613005910268271206095006104710174295349795944423,20469342876866031904387800385744907076876858117810809265455463400189188695701,327509486029856510470204806171918513230029729884972948247287414403027019133323,23,"[2, 3, 5, 7, 11, 13, 17, 19, 23, 29, 31, 37, 41, 43, 47, 53, 59, 61, 67, 71, 73, 79, 83]","[4, 9, 25, 49, 121, 169, 289, 361, 529, 841, 961, 1369, 1681, 1849, 2209, 2809, 3481, 3721, 4489, 5041, 5329, 6241, 6889]",64,no_relation,0,0,0,no_relation,0,0,0,False,,,,True,False,0.00038004200905561447,False,False
512,36,6703903964971298549787012499102923063739682910296196688861780721860882015136882016791078890255422357821057921261899453070773824374221288609939619950738457,20469342876866031904387800385744907076876858117810809265455463400189188695701,327509486029856510470204806171918513230029729884972948247287414403027019133557,23,"[2, 3, 5, 7, 11, 13, 17, 19, 23, 29, 31, 37, 41, 43, 47, 53, 59, 61, 67, 71, 73, 79, 83]","[4, 9, 25, 49, 121, 169, 289, 361, 529, 841, 961, 1369, 1681, 1849, 2209, 2809, 3481, 3721, 4489, 5041, 5329, 6241, 6889]",64,no_relation,0,0,0,no_relation,0,0,0,False,,,,True,False,0.0003781669947784394,False,False
512,37,6703903964971298549787012499102923063739682910296196688861780721860882015137373281020123675021127665030315799031744497665601283796592219731544160479435281,20469342876866031904387800385744907076876858117810809265455463400189188695701,327509486029856510470204806171918513230029729884972948247287414403027019133581,23,"[2, 3, 5, 7, 11, 13, 17, 19, 23, 29, 31, 37, 41, 43, 47, 53, 59, 61, 67, 71, 73, 79, 83]","[4, 9, 25, 49, 121, 169, 289, 361, 529, 841, 961, 1369, 1681, 1849, 2209, 2809, 3481, 3721, 4489, 5041, 5329, 6241, 6889]",64,no_relation,0,0,0,no_relation,0,0,0,False,,,,True,False,0.00038270800723694265,False,False
512,38,6703903964971298549787012499102923063739682910296196688861780721860882015139215521879041617892522567065032840668663414896204256630483211437561187462048371,20469342876866031904387800385744907076876858117810809265455463400189188695701,327509486029856510470204806171918513230029729884972948247287414403027019133671,23,"[2, 3, 5, 7, 11, 13, 17, 19, 23, 29, 31, 37, 41, 43, 47, 53, 59, 61, 67, 71, 73, 79, 83]","[4, 9, 25, 49, 121, 169, 289, 361, 529, 841, 961, 1369, 1681, 1849, 2209, 2809, 3481, 3721, 4489, 5041, 5329, 6241, 6889]",64,no_relation,0,0,0,no_relation,0,0,0,False,,,,True,False,0.00037895800778642297,False,False
512,39,6703903964971298549787012499102923063739682910296196688861780721860882015139747724793840134722036649875062208252662213207267337671385053485966106368136597,20469342876866031904387800385744907076876858117810809265455463400189188695701,327509486029856510470204806171918513230029729884972948247287414403027019133697,23,"[2, 3, 5, 7, 11, 13, 17, 19, 23, 29, 31, 37, 41, 43, 47, 53, 59, 61, 67, 71, 73, 79, 83]","[4, 9, 25, 49, 121, 169, 289, 361, 529, 841, 961, 1369, 1681, 1849, 2209, 2809, 3481, 3721, 4489, 5041, 5329, 6241, 6889]",64,no_relation,0,0,0,no_relation,0,0,0,False,,,,True,False,0.0003773749922402203,False,False
512,40,6703903964971298549787012499102923063739682910296196688861780721860882015038015090695815956157229281957910020080584228361747615622071400387025838549648557,20469342876866031904387800385744907076876858117810809265455463400189188695867,327509486029856510470204806171918513230029729884972948247287414403027019126071,23,"[2, 3, 5, 7, 11, 13, 17, 19, 23, 29, 31, 37, 41, 43, 47, 53, 59, 61, 67, 71, 73, 79, 83]","[4, 9, 25, 49, 121, 169, 289, 361, 529, 841, 961, 1369, 1681, 1849, 2209, 2809, 3481, 3721, 4489, 5041, 5329, 6241, 6889]",64,no_relation,0,0,0,no_relation,0,0,0,False,,,,True,False,0.00037762499414384365,False,False
512,41,6703903964971298549787012499102923063739682910296196688861780721860882015039693576811718970773389081589541102460888130727408101981838748385841352022709651,20469342876866031904387800385744907076876858117810809265455463400189188695867,327509486029856510470204806171918513230029729884972948247287414403027019126153,23,"[2, 3, 5, 7, 11, 13, 17, 19, 23, 29, 31, 37, 41, 43, 47, 53, 59, 61, 67, 71, 73, 79, 83]","[4, 9, 25, 49, 121, 169, 289, 361, 529, 841, 961, 1369, 1681, 1849, 2209, 2809, 3481, 3721, 4489, 5041, 5329, 6241, 6889]",64,no_relation,0,0,0,no_relation,0,0,0,False,,,,True,False,0.000376791984308511,False,False
512,42,6703903964971298549787012499102923063739682910296196688861780721860882015040839860012823468560034798411142817257193234782005507300704254336251946589678203,20469342876866031904387800385744907076876858117810809265455463400189188695867,327509486029856510470204806171918513230029729884972948247287414403027019126209,23,"[2, 3, 5, 7, 11, 13, 17, 19, 23, 29, 31, 37, 41, 43, 47, 53, 59, 61, 67, 71, 73, 79, 83]","[4, 9, 25, 49, 121, 169, 289, 361, 529, 841, 961, 1369, 1681, 1849, 2209, 2809, 3481, 3721, 4489, 5041, 5329, 6241, 6889]",64,no_relation,0,0,0,no_relation,0,0,0,False,,,,True,False,0.000378249998902902,False,False
512,43,6703903964971298549787012499102923063739682910296196688861780721860882015041413001613375717453357656821943674655345786809304209960137007311457243873162479,20469342876866031904387800385744907076876858117810809265455463400189188695867,327509486029856510470204806171918513230029729884972948247287414403027019126237,23,"[2, 3, 5, 7, 11, 13, 17, 19, 23, 29, 31, 37, 41, 43, 47, 53, 59, 61, 67, 71, 73, 79, 83]","[4, 9, 25, 49, 121, 169, 289, 361, 529, 841, 961, 1369, 1681, 1849, 2209, 2809, 3481, 3721, 4489, 5041, 5329, 6241, 6889]",64,no_relation,0,0,0,no_relation,0,0,0,False,,,,True,False,0.00037700001848861575,False,False
512,44,6703903964971298549787012499102923063739682910296196688861780721860882015046571276018345957493263382519151391238718755054992533895031784088304919424520963,20469342876866031904387800385744907076876858117810809265455463400189188695867,327509486029856510470204806171918513230029729884972948247287414403027019126489,23,"[2, 3, 5, 7, 11, 13, 17, 19, 23, 29, 31, 37, 41, 43, 47, 53, 59, 61, 67, 71, 73, 79, 83]","[4, 9, 25, 49, 121, 169, 289, 361, 529, 841, 961, 1369, 1681, 1849, 2209, 2809, 3481, 3721, 4489, 5041, 5329, 6241, 6889]",64,no_relation,0,0,0,no_relation,0,0,0,False,,,,True,False,0.00037708302261307836,False,False
512,45,6703903964971298549787012499102923063739682910296196688861780721860882015052998649681681891511241151840275292060858088503985128004384799595964324675023201,20469342876866031904387800385744907076876858117810809265455463400189188695867,327509486029856510470204806171918513230029729884972948247287414403027019126803,23,"[2, 3, 5, 7, 11, 13, 17, 19, 23, 29, 31, 37, 41, 43, 47, 53, 59, 61, 67, 71, 73, 79, 83]","[4, 9, 25, 49, 121, 169, 289, 361, 529, 841, 961, 1369, 1681, 1849, 2209, 2809, 3481, 3721, 4489, 5041, 5329, 6241, 6889]",64,no_relation,0,0,0,no_relation,0,0,0,False,,,,True,False,0.0003780839906539768,False,False
512,46,6703903964971298549787012499102923063739682910296196688861780721860882015054554319740323709935974624669591904998700729720938749508559414814378703015909093,20469342876866031904387800385744907076876858117810809265455463400189188695867,327509486029856510470204806171918513230029729884972948247287414403027019126879,23,"[2, 3, 5, 7, 11, 13, 17, 19, 23, 29, 31, 37, 41, 43, 47, 53, 59, 61, 67, 71, 73, 79, 83]","[4, 9, 25, 49, 121, 169, 289, 361, 529, 841, 961, 1369, 1681, 1849, 2209, 2809, 3481, 3721, 4489, 5041, 5329, 6241, 6889]",64,no_relation,0,0,0,no_relation,0,0,0,False,,,,True,False,0.00038245899486355484,False,False
512,47,6703903964971298549787012499102923063739682910296196688861780721860882015076333700561309167882243244280024486128497706758289450567004027872179999788311581,20469342876866031904387800385744907076876858117810809265455463400189188695867,327509486029856510470204806171918513230029729884972948247287414403027019127943,23,"[2, 3, 5, 7, 11, 13, 17, 19, 23, 29, 31, 37, 41, 43, 47, 53, 59, 61, 67, 71, 73, 79, 83]","[4, 9, 25, 49, 121, 169, 289, 361, 529, 841, 961, 1369, 1681, 1849, 2209, 2809, 3481, 3721, 4489, 5041, 5329, 6241, 6889]",64,no_relation,0,0,0,no_relation,0,0,0,False,,,,True,False,0.000377499993192032,False,False
512,48,6703903964971298549787012499102923063739682910296196688861780721860882015076947780847615148839374878291596833340804012501823774844967691774185675449187591,20469342876866031904387800385744907076876858117810809265455463400189188695867,327509486029856510470204806171918513230029729884972948247287414403027019127973,23,"[2, 3, 5, 7, 11, 13, 17, 19, 23, 29, 31, 37, 41, 43, 47, 53, 59, 61, 67, 71, 73, 79, 83]","[4, 9, 25, 49, 121, 169, 289, 361, 529, 841, 961, 1369, 1681, 1849, 2209, 2809, 3481, 3721, 4489, 5041, 5329, 6241, 6889]",64,no_relation,0,0,0,no_relation,0,0,0,False,,,,True,False,0.0003774579963646829,False,False
512,49,6703903964971298549787012499102923063739682910296196688861780721860882015077316229019398737413653858698540241668187795947944369411745890115389080845713197,20469342876866031904387800385744907076876858117810809265455463400189188695867,327509486029856510470204806171918513230029729884972948247287414403027019127991,23,"[2, 3, 5, 7, 11, 13, 17, 19, 23, 29, 31, 37, 41, 43, 47, 53, 59, 61, 67, 71, 73, 79, 83]","[4, 9, 25, 49, 121, 169, 289, 361, 529, 841, 961, 1369, 1681, 1849, 2209, 2809, 3481, 3721, 4489, 5041, 5329, 6241, 6889]",64,no_relation,0,0,0,no_relation,0,0,0,False,,,,True,False,0.0003776669909711927,False,False
512,50,6703903964971298549787012499102923063739682910296196688861780721860882015078380634848995771072682024318598976836185392570070531493549574212198918657898281,20469342876866031904387800385744907076876858117810809265455463400189188695867,327509486029856510470204806171918513230029729884972948247287414403027019128043,23,"[2, 3, 5, 7, 11, 13, 17, 19, 23, 29, 31, 37, 41, 43, 47, 53, 59, 61, 67, 71, 73, 79, 83]","[4, 9, 25, 49, 121, 169, 289, 361, 529, 841, 961, 1369, 1681, 1849, 2209, 2809, 3481, 3721, 4489, 5041, 5329, 6241, 6889]",64,no_relation,0,0,0,no_relation,0,0,0,False,,,,True,False,0.0003786669985856861,False,False
512,51,6703903964971298549787012499102923063739682910296196688861780721860882015080632262565451034582164682361030916614641846963029720512749675186219729414443651,20469342876866031904387800385744907076876858117810809265455463400189188695867,327509486029856510470204806171918513230029729884972948247287414403027019128153,23,"[2, 3, 5, 7, 11, 13, 17, 19, 23, 29, 31, 37, 41, 43, 47, 53, 59, 61, 67, 71, 73, 79, 83]","[4, 9, 25, 49, 121, 169, 289, 361, 529, 841, 961, 1369, 1681, 1849, 2209, 2809, 3481, 3721, 4489, 5041, 5329, 6241, 6889]",64,no_relation,0,0,0,no_relation,0,0,0,False,,,,True,False,0.00037891598185524344,False,False
512,52,6703903964971298549787012499102923063739682910296196688861780721860882015082842951596152566027838564802691366578944547639753287913418865233440161793597287,20469342876866031904387800385744907076876858117810809265455463400189188695867,327509486029856510470204806171918513230029729884972948247287414403027019128261,23,"[2, 3, 5, 7, 11, 13, 17, 19, 23, 29, 31, 37, 41, 43, 47, 53, 59, 61, 67, 71, 73, 79, 83]","[4, 9, 25, 49, 121, 169, 289, 361, 529, 841, 961, 1369, 1681, 1849, 2209, 2809, 3481, 3721, 4489, 5041, 5329, 6241, 6889]",64,no_relation,0,0,0,no_relation,0,0,0,False,,,,True,False,0.00037612501182593405,False,False
512,53,6703903964971298549787012499102923063739682910296196688861780721860882015091440075604436299427681440964704227551232828049233827804910159861519621045861427,20469342876866031904387800385744907076876858117810809265455463400189188695867,327509486029856510470204806171918513230029729884972948247287414403027019128681,23,"[2, 3, 5, 7, 11, 13, 17, 19, 23, 29, 31, 37, 41, 43, 47, 53, 59, 61, 67, 71, 73, 79, 83]","[4, 9, 25, 49, 121, 169, 289, 361, 529, 841, 961, 1369, 1681, 1849, 2209, 2809, 3481, 3721, 4489, 5041, 5329, 6241, 6889]",64,no_relation,0,0,0,no_relation,0,0,0,False,,,,True,False,0.00037791600334458053,False,False
512,54,6703903964971298549787012499102923063739682910296196688861780721860882015095452066808302041680941449840310229338300692240324746420939430687956702030251359,20469342876866031904387800385744907076876858117810809265455463400189188695867,327509486029856510470204806171918513230029729884972948247287414403027019128877,23,"[2, 3, 5, 7, 11, 13, 17, 19, 23, 29, 31, 37, 41, 43, 47, 53, 59, 61, 67, 71, 73, 79, 83]","[4, 9, 25, 49, 121, 169, 289, 361, 529, 841, 961, 1369, 1681, 1849, 2209, 2809, 3481, 3721, 4489, 5041, 5329, 6241, 6889]",64,no_relation,0,0,0,no_relation,0,0,0,False,,,,True,False,0.0003775410004891455,False,False
512,55,6703903964971298549787012499102923063739682910296196688861780721860882015102616336815205152847477179975320946815207592581558529663848842878022918073804809,20469342876866031904387800385744907076876858117810809265455463400189188695867,327509486029856510470204806171918513230029729884972948247287414403027019129227,23,"[2, 3, 5, 7, 11, 13, 17, 19, 23, 29, 31, 37, 41, 43, 47, 53, 59, 61, 67, 71, 73, 79, 83]","[4, 9, 25, 49, 121, 169, 289, 361, 529, 841, 961, 1369, 1681, 1849, 2209, 2809, 3481, 3721, 4489, 5041, 5329, 6241, 6889]",64,no_relation,0,0,0,no_relation,0,0,0,False,,,,True,False,0.0003776250232476741,False,False
512,56,6703903964971298549787012499102923063739682910296196688861780721860882015103967313445078310953166774800780110682281465217334043075368903462435404527732031,20469342876866031904387800385744907076876858117810809265455463400189188695867,327509486029856510470204806171918513230029729884972948247287414403027019129293,23,"[2, 3, 5, 7, 11, 13, 17, 19, 23, 29, 31, 37, 41, 43, 47, 53, 59, 61, 67, 71, 73, 79, 83]","[4, 9, 25, 49, 121, 169, 289, 361, 529, 841, 961, 1369, 1681, 1849, 2209, 2809, 3481, 3721, 4489, 5041, 5329, 6241, 6889]",64,no_relation,0,0,0,no_relation,0,0,0,False,,,,True,False,0.0003791250055655837,False,False
512,57,6703903964971298549787012499102923063739682910296196688861780721860882015104049190816585775080784326002323090310588972649805286312430725316036161282515499,20469342876866031904387800385744907076876858117810809265455463400189188695867,327509486029856510470204806171918513230029729884972948247287414403027019129297,23,"[2, 3, 5, 7, 11, 13, 17, 19, 23, 29, 31, 37, 41, 43, 47, 53, 59, 61, 67, 71, 73, 79, 83]","[4, 9, 25, 49, 121, 169, 289, 361, 529, 841, 961, 1369, 1681, 1849, 2209, 2809, 3481, 3721, 4489, 5041, 5329, 6241, 6889]",64,no_relation,0,0,0,no_relation,0,0,0,False,,,,True,False,0.000379708013497293,False,False
512,58,6703903964971298549787012499102923063739682910296196688861780721860882015106014247732764914143605554839354601389969151029115124001914449802454323397318731,20469342876866031904387800385744907076876858117810809265455463400189188695867,327509486029856510470204806171918513230029729884972948247287414403027019129393,23,"[2, 3, 5, 7, 11, 13, 17, 19, 23, 29, 31, 37, 41, 43, 47, 53, 59, 61, 67, 71, 73, 79, 83]","[4, 9, 25, 49, 121, 169, 289, 361, 529, 841, 961, 1369, 1681, 1849, 2209, 2809, 3481, 3721, 4489, 5041, 5329, 6241, 6889]",64,no_relation,0,0,0,no_relation,0,0,0,False,,,,True,False,0.0003857910051010549,False,False
512,59,6703903964971298549787012499102923063739682910296196688861780721860882015107774611220175392887382905672528663398580560827246853598743619654870593625163293,20469342876866031904387800385744907076876858117810809265455463400189188695867,327509486029856510470204806171918513230029729884972948247287414403027019129479,23,"[2, 3, 5, 7, 11, 13, 17, 19, 23, 29, 31, 37, 41, 43, 47, 53, 59, 61, 67, 71, 73, 79, 83]","[4, 9, 25, 49, 121, 169, 289, 361, 529, 841, 961, 1369, 1681, 1849, 2209, 2809, 3481, 3721, 4489, 5041, 5329, 6241, 6889]",64,no_relation,0,0,0,no_relation,0,0,0,False,,,,True,False,0.00037695799255743623,False,False
512,60,6703903964971298549787012499102923063739682910296196688861780721860882015110845012651705297673041075730390399460112089544918474988561939164898971929543343,20469342876866031904387800385744907076876858117810809265455463400189188695867,327509486029856510470204806171918513230029729884972948247287414403027019129629,23,"[2, 3, 5, 7, 11, 13, 17, 19, 23, 29, 31, 37, 41, 43, 47, 53, 59, 61, 67, 71, 73, 79, 83]","[4, 9, 25, 49, 121, 169, 289, 361, 529, 841, 961, 1369, 1681, 1849, 2209, 2809, 3481, 3721, 4489, 5041, 5329, 6241, 6889]",64,no_relation,0,0,0,no_relation,0,0,0,False,,,,True,False,0.00037691599573008716,False,False
512,61,6703903964971298549787012499102923063739682910296196688861780721860882015111090644766227690055893729335019338345034611842332204699747404725701242193893747,20469342876866031904387800385744907076876858117810809265455463400189188695867,327509486029856510470204806171918513230029729884972948247287414403027019129641,23,"[2, 3, 5, 7, 11, 13, 17, 19, 23, 29, 31, 37, 41, 43, 47, 53, 59, 61, 67, 71, 73, 79, 83]","[4, 9, 25, 49, 121, 169, 289, 361, 529, 841, 961, 1369, 1681, 1849, 2209, 2809, 3481, 3721, 4489, 5041, 5329, 6241, 6889]",64,no_relation,0,0,0,no_relation,0,0,0,False,,,,True,False,0.00037695799255743623,False,False
512,62,6703903964971298549787012499102923063739682910296196688861780721860882015112523498767608312289200875362021481840415991910578961348329287163714485402604437,20469342876866031904387800385744907076876858117810809265455463400189188695867,327509486029856510470204806171918513230029729884972948247287414403027019129711,23,"[2, 3, 5, 7, 11, 13, 17, 19, 23, 29, 31, 37, 41, 43, 47, 53, 59, 61, 67, 71, 73, 79, 83]","[4, 9, 25, 49, 121, 169, 289, 361, 529, 841, 961, 1369, 1681, 1849, 2209, 2809, 3481, 3721, 4489, 5041, 5329, 6241, 6889]",64,no_relation,0,0,0,no_relation,0,0,0,False,,,,True,False,0.000380458019208163,False,False
512,63,6703903964971298549787012499102923063739682910296196688861780721860882015112564437453362044353009650962792971654569745626814582966860198090514863779996171,20469342876866031904387800385744907076876858117810809265455463400189188695867,327509486029856510470204806171918513230029729884972948247287414403027019129713,23,"[2, 3, 5, 7, 11, 13, 17, 19, 23, 29, 31, 37, 41, 43, 47, 53, 59, 61, 67, 71, 73, 79, 83]","[4, 9, 25, 49, 121, 169, 289, 361, 529, 841, 961, 1369, 1681, 1849, 2209, 2809, 3481, 3721, 4489, 5041, 5329, 6241, 6889]",64,no_relation,0,0,0,no_relation,0,0,0,False,,,,True,False,0.0003811670176219195,False,False
512,64,6703903964971298549787012499102923063739682910296196688861780721860882015121734703062198026646175385535606690025010578063593825517784245693799620315744587,20469342876866031904387800385744907076876858117810809265455463400189188695867,327509486029856510470204806171918513230029729884972948247287414403027019130161,23,"[2, 3, 5, 7, 11, 13, 17, 19, 23, 29, 31, 37, 41, 43, 47, 53, 59, 61, 67, 71, 73, 79, 83]","[4, 9, 25, 49, 121, 169, 289, 361, 529, 841, 961, 1369, 1681, 1849, 2209, 2809, 3481, 3721, 4489, 5041, 5329, 6241, 6889]",64,no_relation,0,0,0,no_relation,0,0,0,False,,,,True,False,0.00037729201721958816,False,False
512,65,6703903964971298549787012499102923063739682910296196688861780721860882015129635869412668314961269076484504224156685045297068797894250054566272647152349249,20469342876866031904387800385744907076876858117810809265455463400189188695867,327509486029856510470204806171918513230029729884972948247287414403027019130547,23,"[2, 3, 5, 7, 11, 13, 17, 19, 23, 29, 31, 37, 41, 43, 47, 53, 59, 61, 67, 71, 73, 79, 83]","[4, 9, 25, 49, 121, 169, 289, 361, 529, 841, 961, 1369, 1681, 1849, 2209, 2809, 3481, 3721, 4489, 5041, 5329, 6241, 6889]",64,no_relation,0,0,0,no_relation,0,0,0,False,,,,True,False,0.00037683299160562456,False,False
512,66,6703903964971298549787012499102923063739682910296196688861780721860882015131928435814877310534560510127707653749295253406263608531981066467093836286286353,20469342876866031904387800385744907076876858117810809265455463400189188695867,327509486029856510470204806171918513230029729884972948247287414403027019130659,23,"[2, 3, 5, 7, 11, 13, 17, 19, 23, 29, 31, 37, 41, 43, 47, 53, 59, 61, 67, 71, 73, 79, 83]","[4, 9, 25, 49, 121, 169, 289, 361, 529, 841, 961, 1369, 1681, 1849, 2209, 2809, 3481, 3721, 4489, 5041, 5329, 6241, 6889]",64,no_relation,0,0,0,no_relation,0,0,0,False,,,,True,False,0.00037791699287481606,False,False
512,67,6703903964971298549787012499102923063739682910296196688861780721860882015136226997819019177234481948208714084235439393611003878477726713781133565912418423,20469342876866031904387800385744907076876858117810809265455463400189188695867,327509486029856510470204806171918513230029729884972948247287414403027019130869,23,"[2, 3, 5, 7, 11, 13, 17, 19, 23, 29, 31, 37, 41, 43, 47, 53, 59, 61, 67, 71, 73, 79, 83]","[4, 9, 25, 49, 121, 169, 289, 361, 529, 841, 961, 1369, 1681, 1849, 2209, 2809, 3481, 3721, 4489, 5041, 5329, 6241, 6889]",64,no_relation,0,0,0,no_relation,0,0,0,False,,,,True,False,0.000378625001758337,False,False
512,68,6703903964971298549787012499102923063739682910296196688861780721860882015141139640109467024891535020301292861933889839559278472701436024997178971199426503,20469342876866031904387800385744907076876858117810809265455463400189188695867,327509486029856510470204806171918513230029729884972948247287414403027019131109,23,"[2, 3, 5, 7, 11, 13, 17, 19, 23, 29, 31, 37, 41, 43, 47, 53, 59, 61, 67, 71, 73, 79, 83]","[4, 9, 25, 49, 121, 169, 289, 361, 529, 841, 961, 1369, 1681, 1849, 2209, 2809, 3481, 3721, 4489, 5041, 5329, 6241, 6889]",64,no_relation,0,0,0,no_relation,0,0,0,False,,,,True,False,0.0003807920147664845,False,False
512,69,6703903964971298549787012499102923063739682910296196688861780721860882015141794659081526737912475429913636698960349899019048418597930599825985025237694247,20469342876866031904387800385744907076876858117810809265455463400189188695867,327509486029856510470204806171918513230029729884972948247287414403027019131141,23,"[2, 3, 5, 7, 11, 13, 17, 19, 23, 29, 31, 37, 41, 43, 47, 53, 59, 61, 67, 71, 73, 79, 83]","[4, 9, 25, 49, 121, 169, 289, 361, 529, 841, 961, 1369, 1681, 1849, 2209, 2809, 3481, 3721, 4489, 5041, 5329, 6241, 6889]",64,no_relation,0,0,0,no_relation,0,0,0,False,,,,True,False,0.00037779202102683485,False,False
512,70,6703903964971298549787012499102923063739682910296196688861780721860882015142613432796601379188650941929066495243424973343760850968548818361992592785528927,20469342876866031904387800385744907076876858117810809265455463400189188695867,327509486029856510470204806171918513230029729884972948247287414403027019131181,23,"[2, 3, 5, 7, 11, 13, 17, 19, 23, 29, 31, 37, 41, 43, 47, 53, 59, 61, 67, 71, 73, 79, 83]","[4, 9, 25, 49, 121, 169, 289, 361, 529, 841, 961, 1369, 1681, 1849, 2209, 2809, 3481, 3721, 4489, 5041, 5329, 6241, 6889]",64,no_relation,0,0,0,no_relation,0,0,0,False,,,,True,False,0.0003834590024780482,False,False
512,71,6703903964971298549787012499102923063739682910296196688861780721860882015148877051716922384951393608847104436808949291927810958603778190162450484526464229,20469342876866031904387800385744907076876858117810809265455463400189188695867,327509486029856510470204806171918513230029729884972948247287414403027019131487,23,"[2, 3, 5, 7, 11, 13, 17, 19, 23, 29, 31, 37, 41, 43, 47, 53, 59, 61, 67, 71, 73, 79, 83]","[4, 9, 25, 49, 121, 169, 289, 361, 529, 841, 961, 1369, 1681, 1849, 2209, 2809, 3481, 3721, 4489, 5041, 5329, 6241, 6889]",64,no_relation,0,0,0,no_relation,0,0,0,False,,,,True,False,0.00038037498597986996,False,False
512,72,6703903964971298549787012499102923063739682910296196688861780721860882015149900518860765686546612998866391682162793134833701499067050963332459943961257579,20469342876866031904387800385744907076876858117810809265455463400189188695867,327509486029856510470204806171918513230029729884972948247287414403027019131537,23,"[2, 3, 5, 7, 11, 13, 17, 19, 23, 29, 31, 37, 41, 43, 47, 53, 59, 61, 67, 71, 73, 79, 83]","[4, 9, 25, 49, 121, 169, 289, 361, 529, 841, 961, 1369, 1681, 1849, 2209, 2809, 3481, 3721, 4489, 5041, 5329, 6241, 6889]",64,no_relation,0,0,0,no_relation,0,0,0,False,,,,True,False,0.0003776660014409572,False,False
512,73,6703903964971298549787012499102923063739682910296196688861780721860882015152438717377497074502757086114224050640325865240310039415967440794083403359545087,20469342876866031904387800385744907076876858117810809265455463400189188695867,327509486029856510470204806171918513230029729884972948247287414403027019131661,23,"[2, 3, 5, 7, 11, 13, 17, 19, 23, 29, 31, 37, 41, 43, 47, 53, 59, 61, 67, 71, 73, 79, 83]","[4, 9, 25, 49, 121, 169, 289, 361, 529, 841, 961, 1369, 1681, 1849, 2209, 2809, 3481, 3721, 4489, 5041, 5329, 6241, 6889]",64,no_relation,0,0,0,no_relation,0,0,0,False,,,,True,False,0.00042295799357816577,False,False
512,74,6703903964971298549787012499102923063739682910296196688861780721860882015152970920292295591332271168924253418224324663551373120456869282842488322265637629,20469342876866031904387800385744907076876858117810809265455463400189188695867,327509486029856510470204806171918513230029729884972948247287414403027019131687,23,"[2, 3, 5, 7, 11, 13, 17, 19, 23, 29, 31, 37, 41, 43, 47, 53, 59, 61, 67, 71, 73, 79, 83]","[4, 9, 25, 49, 121, 169, 289, 361, 529, 841, 961, 1369, 1681, 1849, 2209, 2809, 3481, 3721, 4489, 5041, 5329, 6241, 6889]",64,no_relation,0,0,0,no_relation,0,0,0,False,,,,True,False,0.00041758400038816035,False,False
512,75,6703903964971298549787012499102923063739682910296196688861780721860882015153585000578601572289402802935825765436630969294907444734832946744493997926513639,20469342876866031904387800385744907076876858117810809265455463400189188695867,327509486029856510470204806171918513230029729884972948247287414403027019131717,23,"[2, 3, 5, 7, 11, 13, 17, 19, 23, 29, 31, 37, 41, 43, 47, 53, 59, 61, 67, 71, 73, 79, 83]","[4, 9, 25, 49, 121, 169, 289, 361, 529, 841, 961, 1369, 1681, 1849, 2209, 2809, 3481, 3721, 4489, 5041, 5329, 6241, 6889]",64,no_relation,0,0,0,no_relation,0,0,0,False,,,,True,False,0.0003909159859176725,False,False
512,76,6703903964971298549787012499102923063739682910296196688861780721860882015154035326121892624991299334544312153392322260173499282538672966939298160077822713,20469342876866031904387800385744907076876858117810809265455463400189188695867,327509486029856510470204806171918513230029729884972948247287414403027019131739,23,"[2, 3, 5, 7, 11, 13, 17, 19, 23, 29, 31, 37, 41, 43, 47, 53, 59, 61, 67, 71, 73, 79, 83]","[4, 9, 25, 49, 121, 169, 289, 361, 529, 841, 961, 1369, 1681, 1849, 2209, 2809, 3481, 3721, 4489, 5041, 5329, 6241, 6889]",64,no_relation,0,0,0,no_relation,0,0,0,False,,,,True,False,0.0003889579966198653,False,False
512,77,6703903964971298549787012499102923063739682910296196688861780721860882015154076264807646357055108110145083643206476013889734904157203877866098538455214447,20469342876866031904387800385744907076876858117810809265455463400189188695867,327509486029856510470204806171918513230029729884972948247287414403027019131741,23,"[2, 3, 5, 7, 11, 13, 17, 19, 23, 29, 31, 37, 41, 43, 47, 53, 59, 61, 67, 71, 73, 79, 83]","[4, 9, 25, 49, 121, 169, 289, 361, 529, 841, 961, 1369, 1681, 1849, 2209, 2809, 3481, 3721, 4489, 5041, 5329, 6241, 6889]",64,no_relation,0,0,0,no_relation,0,0,0,False,,,,True,False,0.00038124999264255166,False,False
512,78,6703903964971298549787012499102923063739682910296196688861780721860882015156860095438900137394104850997544950568931266593757174217305820888524268117852359,20469342876866031904387800385744907076876858117810809265455463400189188695867,327509486029856510470204806171918513230029729884972948247287414403027019131877,23,"[2, 3, 5, 7, 11, 13, 17, 19, 23, 29, 31, 37, 41, 43, 47, 53, 59, 61, 67, 71, 73, 79, 83]","[4, 9, 25, 49, 121, 169, 289, 361, 529, 841, 961, 1369, 1681, 1849, 2209, 2809, 3481, 3721, 4489, 5041, 5329, 6241, 6889]",64,no_relation,0,0,0,no_relation,0,0,0,False,,,,True,False,0.0003799579862970859,False,False
512,79,6703903964971298549787012499102923063739682910296196688861780721860882015159234539212616597095013835842291359789848982135423228092098654642946214006572931,20469342876866031904387800385744907076876858117810809265455463400189188695867,327509486029856510470204806171918513230029729884972948247287414403027019131993,23,"[2, 3, 5, 7, 11, 13, 17, 19, 23, 29, 31, 37, 41, 43, 47, 53, 59, 61, 67, 71, 73, 79, 83]","[4, 9, 25, 49, 121, 169, 289, 361, 529, 841, 961, 1369, 1681, 1849, 2209, 2809, 3481, 3721, 4489, 5041, 5329, 6241, 6889]",64,no_relation,0,0,0,no_relation,0,0,0,False,,,,True,False,0.0003816249954979867,False,False
512,80,6703903964971298549787012499102923063739682910296196688861780721860882015046243766532316100982793177712979472725488725325107560946784496673901892403457341,20469342876866031904387800385744907076876858117810809265455463400189188696053,327509486029856510470204806171918513230029729884972948247287414403027019123497,23,"[2, 3, 5, 7, 11, 13, 17, 19, 23, 29, 31, 37, 41, 43, 47, 53, 59, 61, 67, 71, 73, 79, 83]","[4, 9, 25, 49, 121, 169, 289, 361, 529, 841, 961, 1369, 1681, 1849, 2209, 2809, 3481, 3721, 4489, 5041, 5329, 6241, 6889]",64,no_relation,0,0,0,no_relation,0,0,0,False,,,,True,False,0.0003802920109592378,False,False
512,81,6703903964971298549787012499102923063739682910296196688861780721860882015047553804476435527024673996937667146778408844244647452739773646331514000480004733,20469342876866031904387800385744907076876858117810809265455463400189188696053,327509486029856510470204806171918513230029729884972948247287414403027019123561,23,"[2, 3, 5, 7, 11, 13, 17, 19, 23, 29, 31, 37, 41, 43, 47, 53, 59, 61, 67, 71, 73, 79, 83]","[4, 9, 25, 49, 121, 169, 289, 361, 529, 841, 961, 1369, 1681, 1849, 2209, 2809, 3481, 3721, 4489, 5041, 5329, 6241, 6889]",64,no_relation,0,0,0,no_relation,0,0,0,False,,,,True,False,0.0003781250270549208,False,False
512,82,6703903964971298549787012499102923063739682910296196688861780721860882015049641677449875862278921552577013127300250283772664155284850103598333297727002139,20469342876866031904387800385744907076876858117810809265455463400189188696053,327509486029856510470204806171918513230029729884972948247287414403027019123663,23,"[2, 3, 5, 7, 11, 13, 17, 19, 23, 29, 31, 37, 41, 43, 47, 53, 59, 61, 67, 71, 73, 79, 83]","[4, 9, 25, 49, 121, 169, 289, 361, 529, 841, 961, 1369, 1681, 1849, 2209, 2809, 3481, 3721, 4489, 5041, 5329, 6241, 6889]",64,no_relation,0,0,0,no_relation,0,0,0,False,,,,True,False,0.00037983301444910467,False,False
512,83,6703903964971298549787012499102923063739682910296196688861780721860882015053735546025249068659799112654162108715625655396226317137941196278371135466212739,20469342876866031904387800385744907076876858117810809265455463400189188696053,327509486029856510470204806171918513230029729884972948247287414403027019123863,23,"[2, 3, 5, 7, 11, 13, 17, 19, 23, 29, 31, 37, 41, 43, 47, 53, 59, 61, 67, 71, 73, 79, 83]","[4, 9, 25, 49, 121, 169, 289, 361, 529, 841, 961, 1369, 1681, 1849, 2209, 2809, 3481, 3721, 4489, 5041, 5329, 6241, 6889]",64,no_relation,0,0,0,no_relation,0,0,0,False,,,,True,False,0.00038241699803620577,False,False
512,84,6703903964971298549787012499102923063739682910296196688861780721860882015062946750319838783016773622827747316900220241549241181307396154808456270379436589,20469342876866031904387800385744907076876858117810809265455463400189188696053,327509486029856510470204806171918513230029729884972948247287414403027019124313,23,"[2, 3, 5, 7, 11, 13, 17, 19, 23, 29, 31, 37, 41, 43, 47, 53, 59, 61, 67, 71, 73, 79, 83]","[4, 9, 25, 49, 121, 169, 289, 361, 529, 841, 961, 1369, 1681, 1849, 2209, 2809, 3481, 3721, 4489, 5041, 5329, 6241, 6889]",64,no_relation,0,0,0,no_relation,0,0,0,False,,,,True,False,0.00037912497646175325,False,False
512,85,6703903964971298549787012499102923063739682910296196688861780721860882015075105539988697205967979976256879791703885095271220802011076700068168648464892071,20469342876866031904387800385744907076876858117810809265455463400189188696053,327509486029856510470204806171918513230029729884972948247287414403027019124907,23,"[2, 3, 5, 7, 11, 13, 17, 19, 23, 29, 31, 37, 41, 43, 47, 53, 59, 61, 67, 71, 73, 79, 83]","[4, 9, 25, 49, 121, 169, 289, 361, 529, 841, 961, 1369, 1681, 1849, 2209, 2809, 3481, 3721, 4489, 5041, 5329, 6241, 6889]",64,no_relation,0,0,0,no_relation,0,0,0,False,,,,True,False,0.00037841699668206275,False,False
512,86,6703903964971298549787012499102923063739682910296196688861780721860882015094878925207749792787618591429509371940148140213026043761506677712751404745279269,20469342876866031904387800385744907076876858117810809265455463400189188696053,327509486029856510470204806171918513230029729884972948247287414403027019125873,23,"[2, 3, 5, 7, 11, 13, 17, 19, 23, 29, 31, 37, 41, 43, 47, 53, 59, 61, 67, 71, 73, 79, 83]","[4, 9, 25, 49, 121, 169, 289, 361, 529, 841, 961, 1369, 1681, 1849, 2209, 2809, 3481, 3721, 4489, 5041, 5329, 6241, 6889]",64,no_relation,0,0,0,no_relation,0,0,0,False,,,,True,False,0.0003790420014411211,False,False
512,87,6703903964971298549787012499102923063739682910296196688861780721860882015097539939781742376935189005479656209860142131768341448966015887954775999275766159,20469342876866031904387800385744907076876858117810809265455463400189188696053,327509486029856510470204806171918513230029729884972948247287414403027019126003,23,"[2, 3, 5, 7, 11, 13, 17, 19, 23, 29, 31, 37, 41, 43, 47, 53, 59, 61, 67, 71, 73, 79, 83]","[4, 9, 25, 49, 121, 169, 289, 361, 529, 841, 961, 1369, 1681, 1849, 2209, 2809, 3481, 3721, 4489, 5041, 5329, 6241, 6889]",64,no_relation,0,0,0,no_relation,0,0,0,False,,,,True,False,0.0003779580001719296,False,False
512,88,6703903964971298549787012499102923063739682910296196688861780721860882015098931855097369267104687375905886863541369758120352583996066859465988864107097763,20469342876866031904387800385744907076876858117810809265455463400189188696053,327509486029856510470204806171918513230029729884972948247287414403027019126071,23,"[2, 3, 5, 7, 11, 13, 17, 19, 23, 29, 31, 37, 41, 43, 47, 53, 59, 61, 67, 71, 73, 79, 83]","[4, 9, 25, 49, 121, 169, 289, 361, 529, 841, 961, 1369, 1681, 1849, 2209, 2809, 3481, 3721, 4489, 5041, 5329, 6241, 6889]",64,no_relation,0,0,0,no_relation,0,0,0,False,,,,True,False,0.0003784160071518272,False,False
512,89,6703903964971298549787012499102923063739682910296196688861780721860882015100610341213272281720847175537517945921673660486013070355834207464804377580174109,20469342876866031904387800385744907076876858117810809265455463400189188696053,327509486029856510470204806171918513230029729884972948247287414403027019126153,23,"[2, 3, 5, 7, 11, 13, 17, 19, 23, 29, 31, 37, 41, 43, 47, 53, 59, 61, 67, 71, 73, 79, 83]","[4, 9, 25, 49, 121, 169, 289, 361, 529, 841, 961, 1369, 1681, 1849, 2209, 2809, 3481, 3721, 4489, 5041, 5329, 6241, 6889]",64,no_relation,0,0,0,no_relation,0,0,0,False,,,,True,False,0.0003784580039791763,False,False
512,90,6703903964971298549787012499102923063739682910296196688861780721860882015101756624414376779507492892359119660717978764540610475674699713415214972147153077,20469342876866031904387800385744907076876858117810809265455463400189188696053,327509486029856510470204806171918513230029729884972948247287414403027019126209,23,"[2, 3, 5, 7, 11, 13, 17, 19, 23, 29, 31, 37, 41, 43, 47, 53, 59, 61, 67, 71, 73, 79, 83]","[4, 9, 25, 49, 121, 169, 289, 361, 529, 841, 961, 1369, 1681, 1849, 2209, 2809, 3481, 3721, 4489, 5041, 5329, 6241, 6889]",64,no_relation,0,0,0,no_relation,0,0,0,False,,,,True,False,0.0003787080058827996,False,False
512,91,6703903964971298549787012499102923063739682910296196688861780721860882015102329766014929028400815750769920518116131316567909178334132466390420269430642561,20469342876866031904387800385744907076876858117810809265455463400189188696053,327509486029856510470204806171918513230029729884972948247287414403027019126237,23,"[2, 3, 5, 7, 11, 13, 17, 19, 23, 29, 31, 37, 41, 43, 47, 53, 59, 61, 67, 71, 73, 79, 83]","[4, 9, 25, 49, 121, 169, 289, 361, 529, 841, 961, 1369, 1681, 1849, 2209, 2809, 3481, 3721, 4489, 5041, 5329, 6241, 6889]",64,no_relation,0,0,0,no_relation,0,0,0,False,,,,True,False,0.00037929200334474444,False,False
512,92,6703903964971298549787012499102923063739682910296196688861780721860882015107488040419899268440721476467128234699504284813597502269027243167267944982047917,20469342876866031904387800385744907076876858117810809265455463400189188696053,327509486029856510470204806171918513230029729884972948247287414403027019126489,23,"[2, 3, 5, 7, 11, 13, 17, 19, 23, 29, 31, 37, 41, 43, 47, 53, 59, 61, 67, 71, 73, 79, 83]","[4, 9, 25, 49, 121, 169, 289, 361, 529, 841, 961, 1369, 1681, 1849, 2209, 2809, 3481, 3721, 4489, 5041, 5329, 6241, 6889]",64,no_relation,0,0,0,no_relation,0,0,0,False,,,,True,False,0.0003788330068346113,False,False
512,93,6703903964971298549787012499102923063739682910296196688861780721860882015113915414083235202458699245788252135521643618262590096378380258674927350232608559,20469342876866031904387800385744907076876858117810809265455463400189188696053,327509486029856510470204806171918513230029729884972948247287414403027019126803,23,"[2, 3, 5, 7, 11, 13, 17, 19, 23, 29, 31, 37, 41, 43, 47, 53, 59, 61, 67, 71, 73, 79, 83]","[4, 9, 25, 49, 121, 169, 289, 361, 529, 841, 961, 1369, 1681, 1849, 2209, 2809, 3481, 3721, 4489, 5041, 5329, 6241, 6889]",64,no_relation,0,0,0,no_relation,0,0,0,False,,,,True,False,0.0003787080058827996,False,False
512,94,6703903964971298549787012499102923063739682910296196688861780721860882015115471084141877020883432718617568748459486259479543717882554873893341728573508587,20469342876866031904387800385744907076876858117810809265455463400189188696053,327509486029856510470204806171918513230029729884972948247287414403027019126879,23,"[2, 3, 5, 7, 11, 13, 17, 19, 23, 29, 31, 37, 41, 43, 47, 53, 59, 61, 67, 71, 73, 79, 83]","[4, 9, 25, 49, 121, 169, 289, 361, 529, 841, 961, 1369, 1681, 1849, 2209, 2809, 3481, 3721, 4489, 5041, 5329, 6241, 6889]",64,no_relation,0,0,0,no_relation,0,0,0,False,,,,True,False,0.0003795000084210187,False,False
512,95,6703903964971298549787012499102923063739682910296196688861780721860882015137250464962862478829701338228001329589283236516894418940999486951143025346108979,20469342876866031904387800385744907076876858117810809265455463400189188696053,327509486029856510470204806171918513230029729884972948247287414403027019127943,23,"[2, 3, 5, 7, 11, 13, 17, 19, 23, 29, 31, 37, 41, 43, 47, 53, 59, 61, 67, 71, 73, 79, 83]","[4, 9, 25, 49, 121, 169, 289, 361, 529, 841, 961, 1369, 1681, 1849, 2209, 2809, 3481, 3721, 4489, 5041, 5329, 6241, 6889]",64,no_relation,0,0,0,no_relation,0,0,0,False,,,,True,False,0.00037908399826847017,False,False
512,96,6703903964971298549787012499102923063739682910296196688861780721860882015137864545249168459786832972239573676801589542260428743218963150853148701006990569,20469342876866031904387800385744907076876858117810809265455463400189188696053,327509486029856510470204806171918513230029729884972948247287414403027019127973,23,"[2, 3, 5, 7, 11, 13, 17, 19, 23, 29, 31, 37, 41, 43, 47, 53, 59, 61, 67, 71, 73, 79, 83]","[4, 9, 25, 49, 121, 169, 289, 361, 529, 841, 961, 1369, 1681, 1849, 2209, 2809, 3481, 3721, 4489, 5041, 5329, 6241, 6889]",64,no_relation,0,0,0,no_relation,0,0,0,False,,,,True,False,0.0003805840096902102,False,False
512,97,6703903964971298549787012499102923063739682910296196688861780721860882015138232993420952048361111952646517085128973325706549337785741349194352106403519523,20469342876866031904387800385744907076876858117810809265455463400189188696053,327509486029856510470204806171918513230029729884972948247287414403027019127991,23,"[2, 3, 5, 7, 11, 13, 17, 19, 23, 29, 31, 37, 41, 43, 47, 53, 59, 61, 67, 71, 73, 79, 83]","[4, 9, 25, 49, 121, 169, 289, 361, 529, 841, 961, 1369, 1681, 1849, 2209, 2809, 3481, 3721, 4489, 5041, 5329, 6241, 6889]",64,no_relation,0,0,0,no_relation,0,0,0,False,,,,True,False,0.0003806249878834933,False,False
512,98,6703903964971298549787012499102923063739682910296196688861780721860882015139297399250549082020140118266575820296970922328675499867545033291161944215714279,20469342876866031904387800385744907076876858117810809265455463400189188696053,327509486029856510470204806171918513230029729884972948247287414403027019128043,23,"[2, 3, 5, 7, 11, 13, 17, 19, 23, 29, 31, 37, 41, 43, 47, 53, 59, 61, 67, 71, 73, 79, 83]","[4, 9, 25, 49, 121, 169, 289, 361, 529, 841, 961, 1369, 1681, 1849, 2209, 2809, 3481, 3721, 4489, 5041, 5329, 6241, 6889]",64,no_relation,0,0,0,no_relation,0,0,0,False,,,,True,False,0.00037879199953749776,False,False
512,99,6703903964971298549787012499102923063739682910296196688861780721860882015141549026967004345529622776309007760075427376721634688886745134265182754972280109,20469342876866031904387800385744907076876858117810809265455463400189188696053,327509486029856510470204806171918513230029729884972948247287414403027019128153,23,"[2, 3, 5, 7, 11, 13, 17, 19, 23, 29, 31, 37, 41, 43, 47, 53, 59, 61, 67, 71, 73, 79, 83]","[4, 9, 25, 49, 121, 169, 289, 361, 529, 841, 961, 1369, 1681, 1849, 2209, 2809, 3481, 3721, 4489, 5041, 5329, 6241, 6889]",64,no_relation,0,0,0,no_relation,0,0,0,False,,,,True,False,0.00038075001793913543,False,False
768,0,776259046150354467574489744231251277628443008558348305569526019013025476343188443165439204414323238975243865348566111363470020211270300023324618524805161638528154700642726857026252981467069128022635788891733313488666884255485184013,6965356443456225178582541895686911984737741817648114362688025087736877003305694738732073194799727775358989570733863,111445703095299602857320670330990591755803869082369829803008401403790032052891115819713171116795644405743833131739051,28,"[2, 3, 5, 7, 11, 13, 17, 19, 23, 29, 31, 37, 41, 43, 47, 53, 59, 61, 67, 71, 73, 79, 83, 89, 97, 101, 103, 107]","[4, 9, 25, 49, 121, 169, 289, 361, 529, 841, 961, 1369, 1681, 1849, 2209, 2809, 3481, 3721, 4489, 5041, 5329, 6241, 6889, 7921, 9409, 10201, 10609, 11449]",64,no_relation,0,0,0,no_relation,0,0,0,False,,,,True,False,0.000527750002220273,False,False
768,1,776259046150354467574489744231251277628443008558348305569526019013025476343188443165439204414323238975243865348566222809173115510873157343994949515396917442397237070472529865427656771499122019138455502062850109133072628088616925821,6965356443456225178582541895686911984737741817648114362688025087736877003305694738732073194799727775358989570733863,111445703095299602857320670330990591755803869082369829803008401403790032052891115819713171116795644405743833131739067,28,"[2, 3, 5, 7, 11, 13, 17, 19, 23, 29, 31, 37, 41, 43, 47, 53, 59, 61, 67, 71, 73, 79, 83, 89, 97, 101, 103, 107]","[4, 9, 25, 49, 121, 169, 289, 361, 529, 841, 961, 1369, 1681, 1849, 2209, 2809, 3481, 3721, 4489, 5041, 5329, 6241, 6889, 7921, 9409, 10201, 10609, 11449]",64,no_relation,0,0,0,no_relation,0,0,0,False,,,,True,False,0.0004735830007120967,False,False
768,2,776259046150354467574489744231251277628443008558348305569526019013025476343188443165439204414323238975243865348566821829827252746238515442597978589827604888193554808307721035585202142921406308885986460357602885721753501191700038039,6965356443456225178582541895686911984737741817648114362688025087736877003305694738732073194799727775358989570733863,111445703095299602857320670330990591755803869082369829803008401403790032052891115819713171116795644405743833131739153,28,"[2, 3, 5, 7, 11, 13, 17, 19, 23, 29, 31, 37, 41, 43, 47, 53, 59, 61, 67, 71, 73, 79, 83, 89, 97, 101, 103, 107]","[4, 9, 25, 49, 121, 169, 289, 361, 529, 841, 961, 1369, 1681, 1849, 2209, 2809, 3481, 3721, 4489, 5041, 5329, 6241, 6889, 7921, 9409, 10201, 10609, 11449]",64,no_relation,0,0,0,no_relation,0,0,0,False,,,,True,False,0.0005053339991718531,False,False
768,3,776259046150354467574489744231251277628443008558348305569526019013025476343188443165439204414323238975243865348567476573332937631405302201536173159554170235924413731057813709943449409359717044191427275237914060132637246211349021161,6965356443456225178582541895686911984737741817648114362688025087736877003305694738732073194799727775358989570733863,111445703095299602857320670330990591755803869082369829803008401403790032052891115819713171116795644405743833131739247,28,"[2, 3, 5, 7, 11, 13, 17, 19, 23, 29, 31, 37, 41, 43, 47, 53, 59, 61, 67, 71, 73, 79, 83, 89, 97, 101, 103, 107]","[4, 9, 25, 49, 121, 169, 289, 361, 529, 841, 961, 1369, 1681, 1849, 2209, 2809, 3481, 3721, 4489, 5041, 5329, 6241, 6889, 7921, 9409, 10201, 10609, 11449]",64,no_relation,0,0,0,no_relation,0,0,0,False,,,,True,False,0.0004878329928033054,False,False
768,4,776259046150354467574489744231251277628443008558348305569526019013025476343188443165439204414323238975243865348567615880461806755908873852374086897793864990760766693345067470445204146899783158086201916701810054688144426002763698421,6965356443456225178582541895686911984737741817648114362688025087736877003305694738732073194799727775358989570733863,111445703095299602857320670330990591755803869082369829803008401403790032052891115819713171116795644405743833131739267,28,"[2, 3, 5, 7, 11, 13, 17, 19, 23, 29, 31, 37, 41, 43, 47, 53, 59, 61, 67, 71, 73, 79, 83, 89, 97, 101, 103, 107]","[4, 9, 25, 49, 121, 169, 289, 361, 529, 841, 961, 1369, 1681, 1849, 2209, 2809, 3481, 3721, 4489, 5041, 5329, 6241, 6889, 7921, 9409, 10201, 10609, 11449]",64,no_relation,0,0,0,no_relation,0,0,0,False,,,,True,False,0.0004722920130006969,False,False
768,5,776259046150354467574489744231251277628443008558348305569526019013025476343188443165439204414323238975243865348571530410783029154459237240919462942329287601662284933616898140544512271775640958529369341837287501697896178141516129427,6965356443456225178582541895686911984737741817648114362688025087736877003305694738732073194799727775358989570733863,111445703095299602857320670330990591755803869082369829803008401403790032052891115819713171116795644405743833131739829,28,"[2, 3, 5, 7, 11, 13, 17, 19, 23, 29, 31, 37, 41, 43, 47, 53, 59, 61, 67, 71, 73, 79, 83, 89, 97, 101, 103, 107]","[4, 9, 25, 49, 121, 169, 289, 361, 529, 841, 961, 1369, 1681, 1849, 2209, 2809, 3481, 3721, 4489, 5041, 5329, 6241, 6889, 7921, 9409, 10201, 10609, 11449]",64,no_relation,0,0,0,no_relation,0,0,0,False,,,,True,False,0.00046045801718719304,False,False
768,6,776259046150354467574489744231251277628443008558348305569526019013025476343188443165439204414323238975243865348573202096329458648502097050974427801205624659698520481063943266565569122256434325266665039404039436363982335638492256547,6965356443456225178582541895686911984737741817648114362688025087736877003305694738732073194799727775358989570733863,111445703095299602857320670330990591755803869082369829803008401403790032052891115819713171116795644405743833131740069,28,"[2, 3, 5, 7, 11, 13, 17, 19, 23, 29, 31, 37, 41, 43, 47, 53, 59, 61, 67, 71, 73, 79, 83, 89, 97, 101, 103, 107]","[4, 9, 25, 49, 121, 169, 289, 361, 529, 841, 961, 1369, 1681, 1849, 2209, 2809, 3481, 3721, 4489, 5041, 5329, 6241, 6889, 7921, 9409, 10201, 10609, 11449]",64,no_relation,0,0,0,no_relation,0,0,0,False,,,,True,False,0.00045625001075677574,False,False
768,7,776259046150354467574489744231251277628443008558348305569526019013025476343188443165439204414323238975243865348575040950430531091949242842034889145969595423538379583255692905188731657785307028677690306727466564496677108885165996379,6965356443456225178582541895686911984737741817648114362688025087736877003305694738732073194799727775358989570733863,111445703095299602857320670330990591755803869082369829803008401403790032052891115819713171116795644405743833131740333,28,"[2, 3, 5, 7, 11, 13, 17, 19, 23, 29, 31, 37, 41, 43, 47, 53, 59, 61, 67, 71, 73, 79, 83, 89, 97, 101, 103, 107]","[4, 9, 25, 49, 121, 169, 289, 361, 529, 841, 961, 1369, 1681, 1849, 2209, 2809, 3481, 3721, 4489, 5041, 5329, 6241, 6889, 7921, 9409, 10201, 10609, 11449]",64,no_relation,0,0,0,no_relation,0,0,0,False,,,,True,False,0.0004582500259857625,False,False
768,8,776259046150354467574489744231251277628443008558348305569526019013025476343188443165439204414323238975243865348576810150967168973144602807676393621613718809960062204303815663561016824544146675141328253318945695351618292236132397581,6965356443456225178582541895686911984737741817648114362688025087736877003305694738732073194799727775358989570733863,111445703095299602857320670330990591755803869082369829803008401403790032052891115819713171116795644405743833131740587,28,"[2, 3, 5, 7, 11, 13, 17, 19, 23, 29, 31, 37, 41, 43, 47, 53, 59, 61, 67, 71, 73, 79, 83, 89, 97, 101, 103, 107]","[4, 9, 25, 49, 121, 169, 289, 361, 529, 841, 961, 1369, 1681, 1849, 2209, 2809, 3481, 3721, 4489, 5041, 5329, 6241, 6889, 7921, 9409, 10201, 10609, 11449]",64,no_relation,0,0,0,no_relation,0,0,0,False,,,,True,False,0.0004531250160653144,False,False
768,9,776259046150354467574489744231251277628443008558348305569526019013025476343188443165439204414323238975243865348579136580019283352354249376669553050216621215727156674500953463940320941463250777184064765766008804428588194752757507823,6965356443456225178582541895686911984737741817648114362688025087736877003305694738732073194799727775358989570733863,111445703095299602857320670330990591755803869082369829803008401403790032052891115819713171116795644405743833131740921,28,"[2, 3, 5, 7, 11, 13, 17, 19, 23, 29, 31, 37, 41, 43, 47, 53, 59, 61, 67, 71, 73, 79, 83, 89, 97, 101, 103, 107]","[4, 9, 25, 49, 121, 169, 289, 361, 529, 841, 961, 1369, 1681, 1849, 2209, 2809, 3481, 3721, 4489, 5041, 5329, 6241, 6889, 7921, 9409, 10201, 10609, 11449]",64,no_relation,0,0,0,no_relation,0,0,0,False,,,,True,False,0.00045449999743141234,False,False
768,10,776259046150354467574489744231251277628443008558348305569526019013025476343188443165439204414323238975243865348579178372157944089705320871920927171688529642178062563187129592090847362725270611352497158205177602795240348690181911001,6965356443456225178582541895686911984737741817648114362688025087736877003305694738732073194799727775358989570733863,111445703095299602857320670330990591755803869082369829803008401403790032052891115819713171116795644405743833131740927,28,"[2, 3, 5, 7, 11, 13, 17, 19, 23, 29, 31, 37, 41, 43, 47, 53, 59, 61, 67, 71, 73, 79, 83, 89, 97, 101, 103, 107]","[4, 9, 25, 49, 121, 169, 289, 361, 529, 841, 961, 1369, 1681, 1849, 2209, 2809, 3481, 3721, 4489, 5041, 5329, 6241, 6889, 7921, 9409, 10201, 10609, 11449]",64,no_relation,0,0,0,no_relation,0,0,0,False,,,,True,False,0.000457874994026497,False,False
768,11,776259046150354467574489744231251277628443008558348305569526019013025476343188443165439204414323238975243865348580850057704373583748180681975892030564866700214298110634174718111904213206063978089792855771929537461326506187158038121,6965356443456225178582541895686911984737741817648114362688025087736877003305694738732073194799727775358989570733863,111445703095299602857320670330990591755803869082369829803008401403790032052891115819713171116795644405743833131741167,28,"[2, 3, 5, 7, 11, 13, 17, 19, 23, 29, 31, 37, 41, 43, 47, 53, 59, 61, 67, 71, 73, 79, 83, 89, 97, 101, 103, 107]","[4, 9, 25, 49, 121, 169, 289, 361, 529, 841, 961, 1369, 1681, 1849, 2209, 2809, 3481, 3721, 4489, 5041, 5329, 6241, 6889, 7921, 9409, 10201, 10609, 11449]",64,no_relation,0,0,0,no_relation,0,0,0,False,,,,True,False,0.0004519580106716603,False,False
768,12,776259046150354467574489744231251277628443008558348305569526019013025476343188443165439204414323238975243865348582563535389463815142111987282231010913112184701439546767395972283487484948877178995520945777850270494064817621558568419,6965356443456225178582541895686911984737741817648114362688025087736877003305694738732073194799727775358989570733863,111445703095299602857320670330990591755803869082369829803008401403790032052891115819713171116795644405743833131741413,28,"[2, 3, 5, 7, 11, 13, 17, 19, 23, 29, 31, 37, 41, 43, 47, 53, 59, 61, 67, 71, 73, 79, 83, 89, 97, 101, 103, 107]","[4, 9, 25, 49, 121, 169, 289, 361, 529, 841, 961, 1369, 1681, 1849, 2209, 2809, 3481, 3721, 4489, 5041, 5329, 6241, 6889, 7921, 9409, 10201, 10609, 11449]",64,no_relation,0,0,0,no_relation,0,0,0,False,,,,True,False,0.00045220801257528365,False,False
768,13,776259046150354467574489744231251277628443008558348305569526019013025476343188443165439204414323238975243865348583315793885357087461398901806965197407463860817745543118566278992963067665234194027304009682888641093803588495197825623,6965356443456225178582541895686911984737741817648114362688025087736877003305694738732073194799727775358989570733863,111445703095299602857320670330990591755803869082369829803008401403790032052891115819713171116795644405743833131741521,28,"[2, 3, 5, 7, 11, 13, 17, 19, 23, 29, 31, 37, 41, 43, 47, 53, 59, 61, 67, 71, 73, 79, 83, 89, 97, 101, 103, 107]","[4, 9, 25, 49, 121, 169, 289, 361, 529, 841, 961, 1369, 1681, 1849, 2209, 2809, 3481, 3721, 4489, 5041, 5329, 6241, 6889, 7921, 9409, 10201, 10609, 11449]",64,no_relation,0,0,0,no_relation,0,0,0,False,,,,True,False,0.0004556250059977174,False,False
768,14,776259046150354467574489744231251277628443008558348305569526019013025476343188443165439204414323238975243865348584416320203423171039614943426483729501052424024933945187870986956825494231756493796023677247666998082310308847373775977,6965356443456225178582541895686911984737741817648114362688025087736877003305694738732073194799727775358989570733863,111445703095299602857320670330990591755803869082369829803008401403790032052891115819713171116795644405743833131741679,28,"[2, 3, 5, 7, 11, 13, 17, 19, 23, 29, 31, 37, 41, 43, 47, 53, 59, 61, 67, 71, 73, 79, 83, 89, 97, 101, 103, 107]","[4, 9, 25, 49, 121, 169, 289, 361, 529, 841, 961, 1369, 1681, 1849, 2209, 2809, 3481, 3721, 4489, 5041, 5329, 6241, 6889, 7921, 9409, 10201, 10609, 11449]",64,no_relation,0,0,0,no_relation,0,0,0,False,,,,True,False,0.000451375002739951,False,False
768,15,776259046150354467574489744231251277628443008558348305569526019013025476343188443165439204414323238975243865348587467146325656997667834096776794596950367554941063819278728341945254246359204388091588325306989278847917546279355207971,6965356443456225178582541895686911984737741817648114362688025087736877003305694738732073194799727775358989570733863,111445703095299602857320670330990591755803869082369829803008401403790032052891115819713171116795644405743833131742117,28,"[2, 3, 5, 7, 11, 13, 17, 19, 23, 29, 31, 37, 41, 43, 47, 53, 59, 61, 67, 71, 73, 79, 83, 89, 97, 101, 103, 107]","[4, 9, 25, 49, 121, 169, 289, 361, 529, 841, 961, 1369, 1681, 1849, 2209, 2809, 3481, 3721, 4489, 5041, 5329, 6241, 6889, 7921, 9409, 10201, 10609, 11449]",64,no_relation,0,0,0,no_relation,0,0,0,False,,,,True,False,0.0004573339829221368,False,False
768,16,776259046150354467574489744231251277628443008558348305569526019013025476343188443165439204414323238975243865348590545833873664649196767580294688212047621636824464285827036449034033945994665505166107901659090758524626219669619575417,6965356443456225178582541895686911984737741817648114362688025087736877003305694738732073194799727775358989570733863,111445703095299602857320670330990591755803869082369829803008401403790032052891115819713171116795644405743833131742559,28,"[2, 3, 5, 7, 11, 13, 17, 19, 23, 29, 31, 37, 41, 43, 47, 53, 59, 61, 67, 71, 73, 79, 83, 89, 97, 101, 103, 107]","[4, 9, 25, 49, 121, 169, 289, 361, 529, 841, 961, 1369, 1681, 1849, 2209, 2809, 3481, 3721, 4489, 5041, 5329, 6241, 6889, 7921, 9409, 10201, 10609, 11449]",64,no_relation,0,0,0,no_relation,0,0,0,False,,,,True,False,0.0004514169995673001,False,False
768,17,776259046150354467574489744231251277628443008558348305569526019013025476343188443165439204414323238975243865348595407652671197094371418194537877676612968580613182669652192690545274286142972880093742888749060968511826794389991811791,6965356443456225178582541895686911984737741817648114362688025087736877003305694738732073194799727775358989570733863,111445703095299602857320670330990591755803869082369829803008401403790032052891115819713171116795644405743833131743257,28,"[2, 3, 5, 7, 11, 13, 17, 19, 23, 29, 31, 37, 41, 43, 47, 53, 59, 61, 67, 71, 73, 79, 83, 89, 97, 101, 103, 107]","[4, 9, 25, 49, 121, 169, 289, 361, 529, 841, 961, 1369, 1681, 1849, 2209, 2809, 3481, 3721, 4489, 5041, 5329, 6241, 6889, 7921, 9409, 10201, 10609, 11449]",64,no_relation,0,0,0,no_relation,0,0,0,False,,,,True,False,0.0004549160075839609,False,False
768,18,776259046150354467574489744231251277628443008558348305569526019013025476343188443165439204414323238975243865348596480317563489353048919905989813461058618192853100479264046646408785765201481957083507628021060126589232078783884826693,6965356443456225178582541895686911984737741817648114362688025087736877003305694738732073194799727775358989570733863,111445703095299602857320670330990591755803869082369829803008401403790032052891115819713171116795644405743833131743411,28,"[2, 3, 5, 7, 11, 13, 17, 19, 23, 29, 31, 37, 41, 43, 47, 53, 59, 61, 67, 71, 73, 79, 83, 89, 97, 101, 103, 107]","[4, 9, 25, 49, 121, 169, 289, 361, 529, 841, 961, 1369, 1681, 1849, 2209, 2809, 3481, 3721, 4489, 5041, 5329, 6241, 6889, 7921, 9409, 10201, 10609, 11449]",64,no_relation,0,0,0,no_relation,0,0,0,False,,,,True,False,0.000465832999907434,False,False
768,19,776259046150354467574489744231251277628443008558348305569526019013025476343188443165439204414323238975243865348596731070395453777155348877498058189890068751558535811381103415311944292773600962094101982656072916789145002408431245761,6965356443456225178582541895686911984737741817648114362688025087736877003305694738732073194799727775358989570733863,111445703095299602857320670330990591755803869082369829803008401403790032052891115819713171116795644405743833131743447,28,"[2, 3, 5, 7, 11, 13, 17, 19, 23, 29, 31, 37, 41, 43, 47, 53, 59, 61, 67, 71, 73, 79, 83, 89, 97, 101, 103, 107]","[4, 9, 25, 49, 121, 169, 289, 361, 529, 841, 961, 1369, 1681, 1849, 2209, 2809, 3481, 3721, 4489, 5041, 5329, 6241, 6889, 7921, 9409, 10201, 10609, 11449]",64,no_relation,0,0,0,no_relation,0,0,0,False,,,,True,False,0.00045408401638269424,False,False
768,20,776259046150354467574489744231251277628443008558348305569526019013025476343188443165439204414323238975243865348597121130356287325765349499844216656961214065100324105785413944716857557885786080999470978754981701544565105824392342089,6965356443456225178582541895686911984737741817648114362688025087736877003305694738732073194799727775358989570733863,111445703095299602857320670330990591755803869082369829803008401403790032052891115819713171116795644405743833131743503,28,"[2, 3, 5, 7, 11, 13, 17, 19, 23, 29, 31, 37, 41, 43, 47, 53, 59, 61, 67, 71, 73, 79, 83, 89, 97, 101, 103, 107]","[4, 9, 25, 49, 121, 169, 289, 361, 529, 841, 961, 1369, 1681, 1849, 2209, 2809, 3481, 3721, 4489, 5041, 5329, 6241, 6889, 7921, 9409, 10201, 10609, 11449]",64,no_relation,0,0,0,no_relation,0,0,0,False,,,,True,False,0.0004549589939415455,False,False
768,21,776259046150354467574489744231251277628443008558348305569526019013025476343188443165439204414323238975243865348598542063070752395701780338390936787006100564431124321115402301834755880794460442726172321686720846010738339696822050141,6965356443456225178582541895686911984737741817648114362688025087736877003305694738732073194799727775358989570733863,111445703095299602857320670330990591755803869082369829803008401403790032052891115819713171116795644405743833131743707,28,"[2, 3, 5, 7, 11, 13, 17, 19, 23, 29, 31, 37, 41, 43, 47, 53, 59, 61, 67, 71, 73, 79, 83, 89, 97, 101, 103, 107]","[4, 9, 25, 49, 121, 169, 289, 361, 529, 841, 961, 1369, 1681, 1849, 2209, 2809, 3481, 3721, 4489, 5041, 5329, 6241, 6889, 7921, 9409, 10201, 10609, 11449]",64,no_relation,0,0,0,no_relation,0,0,0,False,,,,True,False,0.0004627919988706708,False,False
768,22,776259046150354467574489744231251277628443008558348305569526019013025476343188443165439204414323238975243865348601467512777004010276785005987125290039690415994536529147731272371605369135848834516439792428536731676389115316530272601,6965356443456225178582541895686911984737741817648114362688025087736877003305694738732073194799727775358989570733863,111445703095299602857320670330990591755803869082369829803008401403790032052891115819713171116795644405743833131744127,28,"[2, 3, 5, 7, 11, 13, 17, 19, 23, 29, 31, 37, 41, 43, 47, 53, 59, 61, 67, 71, 73, 79, 83, 89, 97, 101, 103, 107]","[4, 9, 25, 49, 121, 169, 289, 361, 529, 841, 961, 1369, 1681, 1849, 2209, 2809, 3481, 3721, 4489, 5041, 5329, 6241, 6889, 7921, 9409, 10201, 10609, 11449]",64,no_relation,0,0,0,no_relation,0,0,0,False,,,,True,False,0.00045658298768103123,False,False
768,23,776259046150354467574489744231251277628443008558348305569526019013025476343188443165439204414323238975243865348601537166341438572528570831406082159159537793412713010291358152622482737905881891463827113160484728954142705212237611231,6965356443456225178582541895686911984737741817648114362688025087736877003305694738732073194799727775358989570733863,111445703095299602857320670330990591755803869082369829803008401403790032052891115819713171116795644405743833131744137,28,"[2, 3, 5, 7, 11, 13, 17, 19, 23, 29, 31, 37, 41, 43, 47, 53, 59, 61, 67, 71, 73, 79, 83, 89, 97, 101, 103, 107]","[4, 9, 25, 49, 121, 169, 289, 361, 529, 841, 961, 1369, 1681, 1849, 2209, 2809, 3481, 3721, 4489, 5041, 5329, 6241, 6889, 7921, 9409, 10201, 10609, 11449]",64,no_relation,0,0,0,no_relation,0,0,0,False,,,,True,False,0.0004576250212267041,False,False
768,24,776259046150354467574489744231251277628443008558348305569526019013025476343188443165439204414323238975243865348603180990462094241670716311293464270387935900481677965280952526543188640878662035422167882434457464709127426750930802899,6965356443456225178582541895686911984737741817648114362688025087736877003305694738732073194799727775358989570733863,111445703095299602857320670330990591755803869082369829803008401403790032052891115819713171116795644405743833131744373,28,"[2, 3, 5, 7, 11, 13, 17, 19, 23, 29, 31, 37, 41, 43, 47, 53, 59, 61, 67, 71, 73, 79, 83, 89, 97, 101, 103, 107]","[4, 9, 25, 49, 121, 169, 289, 361, 529, 841, 961, 1369, 1681, 1849, 2209, 2809, 3481, 3721, 4489, 5041, 5329, 6241, 6889, 7921, 9409, 10201, 10609, 11449]",64,no_relation,0,0,0,no_relation,0,0,0,False,,,,True,False,0.0004555420018732548,False,False
768,25,776259046150354467574489744231251277628443008558348305569526019013025476343188443165439204414323238975243865348603724288264683827234645749561327849522745444343454518201242192500032117284919879611788984143651843475605427937448044213,6965356443456225178582541895686911984737741817648114362688025087736877003305694738732073194799727775358989570733863,111445703095299602857320670330990591755803869082369829803008401403790032052891115819713171116795644405743833131744451,28,"[2, 3, 5, 7, 11, 13, 17, 19, 23, 29, 31, 37, 41, 43, 47, 53, 59, 61, 67, 71, 73, 79, 83, 89, 97, 101, 103, 107]","[4, 9, 25, 49, 121, 169, 289, 361, 529, 841, 961, 1369, 1681, 1849, 2209, 2809, 3481, 3721, 4489, 5041, 5329, 6241, 6889, 7921, 9409, 10201, 10609, 11449]",64,no_relation,0,0,0,no_relation,0,0,0,False,,,,True,False,0.000454249995527789,False,False
768,26,776259046150354467574489744231251277628443008558348305569526019013025476343188443165439204414323238975243865348613754401543260791491804609891117002780767792560867802883512948626373220169680080035563169544163451472122372919304806933,6965356443456225178582541895686911984737741817648114362688025087736877003305694738732073194799727775358989570733863,111445703095299602857320670330990591755803869082369829803008401403790032052891115819713171116795644405743833131745891,28,"[2, 3, 5, 7, 11, 13, 17, 19, 23, 29, 31, 37, 41, 43, 47, 53, 59, 61, 67, 71, 73, 79, 83, 89, 97, 101, 103, 107]","[4, 9, 25, 49, 121, 169, 289, 361, 529, 841, 961, 1369, 1681, 1849, 2209, 2809, 3481, 3721, 4489, 5041, 5329, 6241, 6889, 7921, 9409, 10201, 10609, 11449]",64,no_relation,0,0,0,no_relation,0,0,0,False,,,,True,False,0.00046320800902321935,False,False
768,27,776259046150354467574489744231251277628443008558348305569526019013025476343188443165439204414323238975243865348614868858574213787520377816594426908698325831251691501181543032640411120490208991193760301255331407916179811250622225013,6965356443456225178582541895686911984737741817648114362688025087736877003305694738732073194799727775358989570733863,111445703095299602857320670330990591755803869082369829803008401403790032052891115819713171116795644405743833131746051,28,"[2, 3, 5, 7, 11, 13, 17, 19, 23, 29, 31, 37, 41, 43, 47, 53, 59, 61, 67, 71, 73, 79, 83, 89, 97, 101, 103, 107]","[4, 9, 25, 49, 121, 169, 289, 361, 529, 841, 961, 1369, 1681, 1849, 2209, 2809, 3481, 3721, 4489, 5041, 5329, 6241, 6889, 7921, 9409, 10201, 10609, 11449]",64,no_relation,0,0,0,no_relation,0,0,0,False,,,,True,False,0.0004693329974543303,False,False
768,28,776259046150354467574489744231251277628443008558348305569526019013025476343188443165439204414323238975243865348620719757986717016670387151786803914765505534378515917246200973714110097172985774774295242738963179247481362490038669933,6965356443456225178582541895686911984737741817648114362688025087736877003305694738732073194799727775358989570733863,111445703095299602857320670330990591755803869082369829803008401403790032052891115819713171116795644405743833131746891,28,"[2, 3, 5, 7, 11, 13, 17, 19, 23, 29, 31, 37, 41, 43, 47, 53, 59, 61, 67, 71, 73, 79, 83, 89, 97, 101, 103, 107]","[4, 9, 25, 49, 121, 169, 289, 361, 529, 841, 961, 1369, 1681, 1849, 2209, 2809, 3481, 3721, 4489, 5041, 5329, 6241, 6889, 7921, 9409, 10201, 10609, 11449]",64,no_relation,0,0,0,no_relation,0,0,0,False,,,,True,False,0.00045175000559538603,False,False
768,29,776259046150354467574489744231251277628443008558348305569526019013025476343188443165439204414323238975243865348620761550125377754021458647038178036237413960829421805932377101864636518435005608942727635178131977614133516427463073111,6965356443456225178582541895686911984737741817648114362688025087736877003305694738732073194799727775358989570733863,111445703095299602857320670330990591755803869082369829803008401403790032052891115819713171116795644405743833131746897,28,"[2, 3, 5, 7, 11, 13, 17, 19, 23, 29, 31, 37, 41, 43, 47, 53, 59, 61, 67, 71, 73, 79, 83, 89, 97, 101, 103, 107]","[4, 9, 25, 49, 121, 169, 289, 361, 529, 841, 961, 1369, 1681, 1849, 2209, 2809, 3481, 3721, 4489, 5041, 5329, 6241, 6889, 7921, 9409, 10201, 10609, 11449]",64,no_relation,0,0,0,no_relation,0,0,0,False,,,,True,False,0.0004555420018732548,False,False
768,30,776259046150354467574489744231251277628443008558348305569526019013025476343188443165439204414323238975243865348624954694704338401578965337259381557252226081403645970778715292967454118390995637175444343241401413734899628149044858637,6965356443456225178582541895686911984737741817648114362688025087736877003305694738732073194799727775358989570733863,111445703095299602857320670330990591755803869082369829803008401403790032052891115819713171116795644405743833131747499,28,"[2, 3, 5, 7, 11, 13, 17, 19, 23, 29, 31, 37, 41, 43, 47, 53, 59, 61, 67, 71, 73, 79, 83, 89, 97, 101, 103, 107]","[4, 9, 25, 49, 121, 169, 289, 361, 529, 841, 961, 1369, 1681, 1849, 2209, 2809, 3481, 3721, 4489, 5041, 5329, 6241, 6889, 7921, 9409, 10201, 10609, 11449]",64,no_relation,0,0,0,no_relation,0,0,0,False,,,,True,False,0.00045420898823067546,False,False
768,31,776259046150354467574489744231251277628443008558348305569526019013025476343188443165439204414323238975243865348628534887916274901320756763793764630012381280697917101561136937862550873170694764271152628863528473811434148788402064219,6965356443456225178582541895686911984737741817648114362688025087736877003305694738732073194799727775358989570733863,111445703095299602857320670330990591755803869082369829803008401403790032052891115819713171116795644405743833131748013,28,"[2, 3, 5, 7, 11, 13, 17, 19, 23, 29, 31, 37, 41, 43, 47, 53, 59, 61, 67, 71, 73, 79, 83, 89, 97, 101, 103, 107]","[4, 9, 25, 49, 121, 169, 289, 361, 529, 841, 961, 1369, 1681, 1849, 2209, 2809, 3481, 3721, 4489, 5041, 5329, 6241, 6889, 7921, 9409, 10201, 10609, 11449]",64,no_relation,0,0,0,no_relation,0,0,0,False,,,,True,False,0.0004537499917205423,False,False
768,32,776259046150354467574489744231251277628443008558348305569526019013025476343188443165439204414323238975243865348630833455542615455629689002619341310967344735497740979300823986141504042581785643534934213017812383977302615346744239009,6965356443456225178582541895686911984737741817648114362688025087736877003305694738732073194799727775358989570733863,111445703095299602857320670330990591755803869082369829803008401403790032052891115819713171116795644405743833131748343,28,"[2, 3, 5, 7, 11, 13, 17, 19, 23, 29, 31, 37, 41, 43, 47, 53, 59, 61, 67, 71, 73, 79, 83, 89, 97, 101, 103, 107]","[4, 9, 25, 49, 121, 169, 289, 361, 529, 841, 961, 1369, 1681, 1849, 2209, 2809, 3481, 3721, 4489, 5041, 5329, 6241, 6889, 7921, 9409, 10201, 10609, 11449]",64,no_relation,0,0,0,no_relation,0,0,0,False,,,,True,False,0.0004525840049609542,False,False
768,33,776259046150354467574489744231251277628443008558348305569526019013025476343188443165439204414323238975243865348632254388257080525566119841166061441012231234828541194630812343259402365490460005261635555949551528443475849219173947061,6965356443456225178582541895686911984737741817648114362688025087736877003305694738732073194799727775358989570733863,111445703095299602857320670330990591755803869082369829803008401403790032052891115819713171116795644405743833131748547,28,"[2, 3, 5, 7, 11, 13, 17, 19, 23, 29, 31, 37, 41, 43, 47, 53, 59, 61, 67, 71, 73, 79, 83, 89, 97, 101, 103, 107]","[4, 9, 25, 49, 121, 169, 289, 361, 529, 841, 961, 1369, 1681, 1849, 2209, 2809, 3481, 3721, 4489, 5041, 5329, 6241, 6889, 7921, 9409, 10201, 10609, 11449]",64,no_relation,0,0,0,no_relation,0,0,0,False,,,,True,False,0.0004494170134421438,False,False
768,34,776259046150354467574489744231251277628443008558348305569526019013025476343188443165439204414323238975243865348632560863940592599473977473009471665139559695468517711662770616363262788078605455830139767170122716465591644760286237033,6965356443456225178582541895686911984737741817648114362688025087736877003305694738732073194799727775358989570733863,111445703095299602857320670330990591755803869082369829803008401403790032052891115819713171116795644405743833131748591,28,"[2, 3, 5, 7, 11, 13, 17, 19, 23, 29, 31, 37, 41, 43, 47, 53, 59, 61, 67, 71, 73, 79, 83, 89, 97, 101, 103, 107]","[4, 9, 25, 49, 121, 169, 289, 361, 529, 841, 961, 1369, 1681, 1849, 2209, 2809, 3481, 3721, 4489, 5041, 5329, 6241, 6889, 7921, 9409, 10201, 10609, 11449]",64,no_relation,0,0,0,no_relation,0,0,0,False,,,,True,False,0.00046279100934043527,False,False
768,35,776259046150354467574489744231251277628443008558348305569526019013025476343188443165439204414323238975243865348637018692064404583588270299822711288809791850231812504854890952419414389360721100462928294014794542241821398085555909353,6965356443456225178582541895686911984737741817648114362688025087736877003305694738732073194799727775358989570733863,111445703095299602857320670330990591755803869082369829803008401403790032052891115819713171116795644405743833131749231,28,"[2, 3, 5, 7, 11, 13, 17, 19, 23, 29, 31, 37, 41, 43, 47, 53, 59, 61, 67, 71, 73, 79, 83, 89, 97, 101, 103, 107]","[4, 9, 25, 49, 121, 169, 289, 361, 529, 841, 961, 1369, 1681, 1849, 2209, 2809, 3481, 3721, 4489, 5041, 5329, 6241, 6889, 7921, 9409, 10201, 10609, 11449]",64,no_relation,0,0,0,no_relation,0,0,0,False,,,,True,False,0.00045804199180565774,False,False
768,36,776259046150354467574489744231251277628443008558348305569526019013025476343188443165439204414323238975243865348640654608127888733131490386692259856865824951460624820552214101515213039156446673116546436222480000140558790641478985839,6965356443456225178582541895686911984737741817648114362688025087736877003305694738732073194799727775358989570733863,111445703095299602857320670330990591755803869082369829803008401403790032052891115819713171116795644405743833131749753,28,"[2, 3, 5, 7, 11, 13, 17, 19, 23, 29, 31, 37, 41, 43, 47, 53, 59, 61, 67, 71, 73, 79, 83, 89, 97, 101, 103, 107]","[4, 9, 25, 49, 121, 169, 289, 361, 529, 841, 961, 1369, 1681, 1849, 2209, 2809, 3481, 3721, 4489, 5041, 5329, 6241, 6889, 7921, 9409, 10201, 10609, 11449]",64,no_relation,0,0,0,no_relation,0,0,0,False,,,,True,False,0.0004495409957598895,False,False
768,37,776259046150354467574489744231251277628443008558348305569526019013025476343188443165439204414323238975243865348642493462228961176578636177752721201629795715300483922743963740138375574685319376527571703545907128273253563888152725671,6965356443456225178582541895686911984737741817648114362688025087736877003305694738732073194799727775358989570733863,111445703095299602857320670330990591755803869082369829803008401403790032052891115819713171116795644405743833131750017,28,"[2, 3, 5, 7, 11, 13, 17, 19, 23, 29, 31, 37, 41, 43, 47, 53, 59, 61, 67, 71, 73, 79, 83, 89, 97, 101, 103, 107]","[4, 9, 25, 49, 121, 169, 289, 361, 529, 841, 961, 1369, 1681, 1849, 2209, 2809, 3481, 3721, 4489, 5041, 5329, 6241, 6889, 7921, 9409, 10201, 10609, 11449]",64,no_relation,0,0,0,no_relation,0,0,0,False,,,,True,False,0.0004540419904515147,False,False
768,38,776259046150354467574489744231251277628443008558348305569526019013025476343188443165439204414323238975243865348643830810666104771812924025796693088730865361729472360701599840955221055069954069917408261599308676006122489885733627367,6965356443456225178582541895686911984737741817648114362688025087736877003305694738732073194799727775358989570733863,111445703095299602857320670330990591755803869082369829803008401403790032052891115819713171116795644405743833131750209,28,"[2, 3, 5, 7, 11, 13, 17, 19, 23, 29, 31, 37, 41, 43, 47, 53, 59, 61, 67, 71, 73, 79, 83, 89, 97, 101, 103, 107]","[4, 9, 25, 49, 121, 169, 289, 361, 529, 841, 961, 1369, 1681, 1849, 2209, 2809, 3481, 3721, 4489, 5041, 5329, 6241, 6889, 7921, 9409, 10201, 10609, 11449]",64,no_relation,0,0,0,no_relation,0,0,0,False,,,,True,False,0.0005119160050526261,False,False
768,39,776259046150354467574489744231251277628443008558348305569526019013025476343188443165439204414323238975243865348644123355636729933270424492556311939034224346885813581504832738008906003904092909096435008673490264572687567447704449613,6965356443456225178582541895686911984737741817648114362688025087736877003305694738732073194799727775358989570733863,111445703095299602857320670330990591755803869082369829803008401403790032052891115819713171116795644405743833131750251,28,"[2, 3, 5, 7, 11, 13, 17, 19, 23, 29, 31, 37, 41, 43, 47, 53, 59, 61, 67, 71, 73, 79, 83, 89, 97, 101, 103, 107]","[4, 9, 25, 49, 121, 169, 289, 361, 529, 841, 961, 1369, 1681, 1849, 2209, 2809, 3481, 3721, 4489, 5041, 5329, 6241, 6889, 7921, 9409, 10201, 10609, 11449]",64,no_relation,0,0,0,no_relation,0,0,0,False,,,,True,False,0.0004732079978566617,False,False
768,40,776259046150354467574489744231251277628443008558348305569526019013025476343188443165439204414323238975243865348565763095647847400011370896229834179205924751437272294924592455771866137616903843285699185231993327099898934776946916493,6965356443456225178582541895686911984737741817648114362688025087736877003305694738732073194799727775358989570734101,111445703095299602857320670330990591755803869082369829803008401403790032052891115819713171116795644405743833131735193,28,"[2, 3, 5, 7, 11, 13, 17, 19, 23, 29, 31, 37, 41, 43, 47, 53, 59, 61, 67, 71, 73, 79, 83, 89, 97, 101, 103, 107]","[4, 9, 25, 49, 121, 169, 289, 361, 529, 841, 961, 1369, 1681, 1849, 2209, 2809, 3481, 3721, 4489, 5041, 5329, 6241, 6889, 7921, 9409, 10201, 10609, 11449]",64,no_relation,0,0,0,no_relation,0,0,0,False,,,,True,False,0.00045950000640004873,False,False
768,41,776259046150354467574489744231251277628443008558348305569526019013025476343188443165439204414323238975243865348566710384124157446635658121927647599235849084324472438477918027183798352889353417770166747186486090077347757358566754229,6965356443456225178582541895686911984737741817648114362688025087736877003305694738732073194799727775358989570734101,111445703095299602857320670330990591755803869082369829803008401403790032052891115819713171116795644405743833131735329,28,"[2, 3, 5, 7, 11, 13, 17, 19, 23, 29, 31, 37, 41, 43, 47, 53, 59, 61, 67, 71, 73, 79, 83, 89, 97, 101, 103, 107]","[4, 9, 25, 49, 121, 169, 289, 361, 529, 841, 961, 1369, 1681, 1849, 2209, 2809, 3481, 3721, 4489, 5041, 5329, 6241, 6889, 7921, 9409, 10201, 10609, 11449]",64,no_relation,0,0,0,no_relation,0,0,0,False,,,,True,False,0.0004519580106716603,False,False
768,42,776259046150354467574489744231251277628443008558348305569526019013025476343188443165439204414323238975243865348568479584660795327831018087569152074879972470746155059526040785556083519648193064233804693777965220932288940709533215883,6965356443456225178582541895686911984737741817648114362688025087736877003305694738732073194799727775358989570734101,111445703095299602857320670330990591755803869082369829803008401403790032052891115819713171116795644405743833131735583,28,"[2, 3, 5, 7, 11, 13, 17, 19, 23, 29, 31, 37, 41, 43, 47, 53, 59, 61, 67, 71, 73, 79, 83, 89, 97, 101, 103, 107]","[4, 9, 25, 49, 121, 169, 289, 361, 529, 841, 961, 1369, 1681, 1849, 2209, 2809, 3481, 3721, 4489, 5041, 5329, 6241, 6889, 7921, 9409, 10201, 10609, 11449]",64,no_relation,0,0,0,no_relation,0,0,0,False,,,,True,False,0.0006844169984105974,False,False
768,43,776259046150354467574489744231251277628443008558348305569526019013025476343188443165439204414323238975243865348568646753215438277235304068574648560767606176549778614270745298158189204696272400907534263534640414398897556459230834307,6965356443456225178582541895686911984737741817648114362688025087736877003305694738732073194799727775358989570734101,111445703095299602857320670330990591755803869082369829803008401403790032052891115819713171116795644405743833131735607,28,"[2, 3, 5, 7, 11, 13, 17, 19, 23, 29, 31, 37, 41, 43, 47, 53, 59, 61, 67, 71, 73, 79, 83, 89, 97, 101, 103, 107]","[4, 9, 25, 49, 121, 169, 289, 361, 529, 841, 961, 1369, 1681, 1849, 2209, 2809, 3481, 3721, 4489, 5041, 5329, 6241, 6889, 7921, 9409, 10201, 10609, 11449]",64,no_relation,0,0,0,no_relation,0,0,0,False,,,,True,False,0.00045599997974932194,False,False
768,44,776259046150354467574489744231251277628443008558348305569526019013025476343188443165439204414323238975243865348569482595988653024256733973602130990205774705567896387994267861168717629936669084276182112318016381731940635207718926427,6965356443456225178582541895686911984737741817648114362688025087736877003305694738732073194799727775358989570734101,111445703095299602857320670330990591755803869082369829803008401403790032052891115819713171116795644405743833131735727,28,"[2, 3, 5, 7, 11, 13, 17, 19, 23, 29, 31, 37, 41, 43, 47, 53, 59, 61, 67, 71, 73, 79, 83, 89, 97, 101, 103, 107]","[4, 9, 25, 49, 121, 169, 289, 361, 529, 841, 961, 1369, 1681, 1849, 2209, 2809, 3481, 3721, 4489, 5041, 5329, 6241, 6889, 7921, 9409, 10201, 10609, 11449]",64,no_relation,0,0,0,no_relation,0,0,0,False,,,,True,False,0.0004480829811654985,False,False
768,45,776259046150354467574489744231251277628443008558348305569526019013025476343188443165439204414323238975243865348571098558683534868498165123321930353786233861669590750526411482989072585401436005455567953299209918575823920788129237859,6965356443456225178582541895686911984737741817648114362688025087736877003305694738732073194799727775358989570734101,111445703095299602857320670330990591755803869082369829803008401403790032052891115819713171116795644405743833131735959,28,"[2, 3, 5, 7, 11, 13, 17, 19, 23, 29, 31, 37, 41, 43, 47, 53, 59, 61, 67, 71, 73, 79, 83, 89, 97, 101, 103, 107]","[4, 9, 25, 49, 121, 169, 289, 361, 529, 841, 961, 1369, 1681, 1849, 2209, 2809, 3481, 3721, 4489, 5041, 5329, 6241, 6889, 7921, 9409, 10201, 10609, 11449]",64,no_relation,0,0,0,no_relation,0,0,0,False,,,,True,False,0.0004464999947231263,False,False
768,46,776259046150354467574489744231251277628443008558348305569526019013025476343188443165439204414323238975243865348571223935099517080551379609076052718201959141022308416584939867440651849187495507960865130616716313675780382600402451677,6965356443456225178582541895686911984737741817648114362688025087736877003305694738732073194799727775358989570734101,111445703095299602857320670330990591755803869082369829803008401403790032052891115819713171116795644405743833131735977,28,"[2, 3, 5, 7, 11, 13, 17, 19, 23, 29, 31, 37, 41, 43, 47, 53, 59, 61, 67, 71, 73, 79, 83, 89, 97, 101, 103, 107]","[4, 9, 25, 49, 121, 169, 289, 361, 529, 841, 961, 1369, 1681, 1849, 2209, 2809, 3481, 3721, 4489, 5041, 5329, 6241, 6889, 7921, 9409, 10201, 10609, 11449]",64,no_relation,0,0,0,no_relation,0,0,0,False,,,,True,False,0.0004493749875109643,False,False
768,47,776259046150354467574489744231251277628443008558348305569526019013025476343188443165439204414323238975243865348575988238906841138573530067732702565999519756425579726809018476600663873057756603162157868681959327474125931466784576761,6965356443456225178582541895686911984737741817648114362688025087736877003305694738732073194799727775358989570734101,111445703095299602857320670330990591755803869082369829803008401403790032052891115819713171116795644405743833131736661,28,"[2, 3, 5, 7, 11, 13, 17, 19, 23, 29, 31, 37, 41, 43, 47, 53, 59, 61, 67, 71, 73, 79, 83, 89, 97, 101, 103, 107]","[4, 9, 25, 49, 121, 169, 289, 361, 529, 841, 961, 1369, 1681, 1849, 2209, 2809, 3481, 3721, 4489, 5041, 5329, 6241, 6889, 7921, 9409, 10201, 10609, 11449]",64,no_relation,0,0,0,no_relation,0,0,0,False,,,,True,False,0.0004511660081334412,False,False
768,48,776259046150354467574489744231251277628443008558348305569526019013025476343188443165439204414323238975243865348576865873818716622946031468011559116909596711894603389218717167761718719560173120699238109904504093173821164152697073487,6965356443456225178582541895686911984737741817648114362688025087736877003305694738732073194799727775358989570734101,111445703095299602857320670330990591755803869082369829803008401403790032052891115819713171116795644405743833131736787,28,"[2, 3, 5, 7, 11, 13, 17, 19, 23, 29, 31, 37, 41, 43, 47, 53, 59, 61, 67, 71, 73, 79, 83, 89, 97, 101, 103, 107]","[4, 9, 25, 49, 121, 169, 289, 361, 529, 841, 961, 1369, 1681, 1849, 2209, 2809, 3481, 3721, 4489, 5041, 5329, 6241, 6889, 7921, 9409, 10201, 10609, 11449]",64,no_relation,0,0,0,no_relation,0,0,0,False,,,,True,False,0.0004493329906836152,False,False
768,49,776259046150354467574489744231251277628443008558348305569526019013025476343188443165439204414323238975243865348577882815859461231822104519128329406059368422199980013915669619424528303602655752131092992590944853429023576630024252233,6965356443456225178582541895686911984737741817648114362688025087736877003305694738732073194799727775358989570734101,111445703095299602857320670330990591755803869082369829803008401403790032052891115819713171116795644405743833131736933,28,"[2, 3, 5, 7, 11, 13, 17, 19, 23, 29, 31, 37, 41, 43, 47, 53, 59, 61, 67, 71, 73, 79, 83, 89, 97, 101, 103, 107]","[4, 9, 25, 49, 121, 169, 289, 361, 529, 841, 961, 1369, 1681, 1849, 2209, 2809, 3481, 3721, 4489, 5041, 5329, 6241, 6889, 7921, 9409, 10201, 10609, 11449]",64,no_relation,0,0,0,no_relation,0,0,0,False,,,,True,False,0.0004516660119406879,False,False
768,50,776259046150354467574489744231251277628443008558348305569526019013025476343188443165439204414323238975243865348581435147645623906663181615495129731171584670526980552240640512219274110874341656447846349920292714594456661311098643743,6965356443456225178582541895686911984737741817648114362688025087736877003305694738732073194799727775358989570734101,111445703095299602857320670330990591755803869082369829803008401403790032052891115819713171116795644405743833131737443,28,"[2, 3, 5, 7, 11, 13, 17, 19, 23, 29, 31, 37, 41, 43, 47, 53, 59, 61, 67, 71, 73, 79, 83, 89, 97, 101, 103, 107]","[4, 9, 25, 49, 121, 169, 289, 361, 529, 841, 961, 1369, 1681, 1849, 2209, 2809, 3481, 3721, 4489, 5041, 5329, 6241, 6889, 7921, 9409, 10201, 10609, 11449]",64,no_relation,0,0,0,no_relation,0,0,0,False,,,,True,False,0.0004490000137593597,False,False
768,51,776259046150354467574489744231251277628443008558348305569526019013025476343188443165439204414323238975243865348581476939784284644014253110746503852643493096977886440926816640369800532136361490616278742359461512961108815248523048349,6965356443456225178582541895686911984737741817648114362688025087736877003305694738732073194799727775358989570734101,111445703095299602857320670330990591755803869082369829803008401403790032052891115819713171116795644405743833131737449,28,"[2, 3, 5, 7, 11, 13, 17, 19, 23, 29, 31, 37, 41, 43, 47, 53, 59, 61, 67, 71, 73, 79, 83, 89, 97, 101, 103, 107]","[4, 9, 25, 49, 121, 169, 289, 361, 529, 841, 961, 1369, 1681, 1849, 2209, 2809, 3481, 3721, 4489, 5041, 5329, 6241, 6889, 7921, 9409, 10201, 10609, 11449]",64,no_relation,0,0,0,no_relation,0,0,0,False,,,,True,False,0.0004476670001167804,False,False
768,52,776259046150354467574489744231251277628443008558348305569526019013025476343188443165439204414323238975243865348582647119666785289844254977784979253856929037603251324139748228584540327472916847332385730656187867227369125496406377317,6965356443456225178582541895686911984737741817648114362688025087736877003305694738732073194799727775358989570734101,111445703095299602857320670330990591755803869082369829803008401403790032052891115819713171116795644405743833131737617,28,"[2, 3, 5, 7, 11, 13, 17, 19, 23, 29, 31, 37, 41, 43, 47, 53, 59, 61, 67, 71, 73, 79, 83, 89, 97, 101, 103, 107]","[4, 9, 25, 49, 121, 169, 289, 361, 529, 841, 961, 1369, 1681, 1849, 2209, 2809, 3481, 3721, 4489, 5041, 5329, 6241, 6889, 7921, 9409, 10201, 10609, 11449]",64,no_relation,0,0,0,no_relation,0,0,0,False,,,,True,False,0.0004494170134421438,False,False
768,53,776259046150354467574489744231251277628443008558348305569526019013025476343188443165439204414323238975243865348584277013074554046536043292588569991261357669188580982900617226455070756691690379901249035783771003526803129055958156951,6965356443456225178582541895686911984737741817648114362688025087736877003305694738732073194799727775358989570734101,111445703095299602857320670330990591755803869082369829803008401403790032052891115819713171116795644405743833131737851,28,"[2, 3, 5, 7, 11, 13, 17, 19, 23, 29, 31, 37, 41, 43, 47, 53, 59, 61, 67, 71, 73, 79, 83, 89, 97, 101, 103, 107]","[4, 9, 25, 49, 121, 169, 289, 361, 529, 841, 961, 1369, 1681, 1849, 2209, 2809, 3481, 3721, 4489, 5041, 5329, 6241, 6889, 7921, 9409, 10201, 10609, 11449]",64,no_relation,0,0,0,no_relation,0,0,0,False,,,,True,False,0.0004495000175666064,False,False
768,54,776259046150354467574489744231251277628443008558348305569526019013025476343188443165439204414323238975243865348586617372839555338196047026665520793688229550439310749326480402884550347364801093333463012377223712059323749551724814887,6965356443456225178582541895686911984737741817648114362688025087736877003305694738732073194799727775358989570734101,111445703095299602857320670330990591755803869082369829803008401403790032052891115819713171116795644405743833131738187,28,"[2, 3, 5, 7, 11, 13, 17, 19, 23, 29, 31, 37, 41, 43, 47, 53, 59, 61, 67, 71, 73, 79, 83, 89, 97, 101, 103, 107]","[4, 9, 25, 49, 121, 169, 289, 361, 529, 841, 961, 1369, 1681, 1849, 2209, 2809, 3481, 3721, 4489, 5041, 5329, 6241, 6889, 7921, 9409, 10201, 10609, 11449]",64,no_relation,0,0,0,no_relation,0,0,0,False,,,,True,False,0.0004479580093175173,False,False
768,55,776259046150354467574489744231251277628443008558348305569526019013025476343188443165439204414323238975243865348587188532067918748660690795100967120470978045268357894704220820941744771279072160302039042379197289736903186696525011169,6965356443456225178582541895686911984737741817648114362688025087736877003305694738732073194799727775358989570734101,111445703095299602857320670330990591755803869082369829803008401403790032052891115819713171116795644405743833131738269,28,"[2, 3, 5, 7, 11, 13, 17, 19, 23, 29, 31, 37, 41, 43, 47, 53, 59, 61, 67, 71, 73, 79, 83, 89, 97, 101, 103, 107]","[4, 9, 25, 49, 121, 169, 289, 361, 529, 841, 961, 1369, 1681, 1849, 2209, 2809, 3481, 3721, 4489, 5041, 5329, 6241, 6889, 7921, 9409, 10201, 10609, 11449]",64,no_relation,0,0,0,no_relation,0,0,0,False,,,,True,False,0.0004486659890972078,False,False
768,56,776259046150354467574489744231251277628443008558348305569526019013025476343188443165439204414323238975243865348589542822545806952771051694261709296721819402002722957358809373421399835706189485123730483119039597724974525171433137307,6965356443456225178582541895686911984737741817648114362688025087736877003305694738732073194799727775358989570734101,111445703095299602857320670330990591755803869082369829803008401403790032052891115819713171116795644405743833131738607,28,"[2, 3, 5, 7, 11, 13, 17, 19, 23, 29, 31, 37, 41, 43, 47, 53, 59, 61, 67, 71, 73, 79, 83, 89, 97, 101, 103, 107]","[4, 9, 25, 49, 121, 169, 289, 361, 529, 841, 961, 1369, 1681, 1849, 2209, 2809, 3481, 3721, 4489, 5041, 5329, 6241, 6889, 7921, 9409, 10201, 10609, 11449]",64,no_relation,0,0,0,no_relation,0,0,0,False,,,,True,False,0.0004487500118557364,False,False
768,57,776259046150354467574489744231251277628443008558348305569526019013025476343188443165439204414323238975243865348592008558726790456484269914092782463564416562606170389843200934302458690165359701061241637029998701357451607479473009061,6965356443456225178582541895686911984737741817648114362688025087736877003305694738732073194799727775358989570734101,111445703095299602857320670330990591755803869082369829803008401403790032052891115819713171116795644405743833131738961,28,"[2, 3, 5, 7, 11, 13, 17, 19, 23, 29, 31, 37, 41, 43, 47, 53, 59, 61, 67, 71, 73, 79, 83, 89, 97, 101, 103, 107]","[4, 9, 25, 49, 121, 169, 289, 361, 529, 841, 961, 1369, 1681, 1849, 2209, 2809, 3481, 3721, 4489, 5041, 5329, 6241, 6889, 7921, 9409, 10201, 10609, 11449]",64,no_relation,0,0,0,no_relation,0,0,0,False,,,,True,False,0.0004479580093175173,False,False
768,58,776259046150354467574489744231251277628443008558348305569526019013025476343188443165439204414323238975243865348592635440806701516750342342863394285643042959369758720135842856560355009095657213587727523617530676857233916540839078151,6965356443456225178582541895686911984737741817648114362688025087736877003305694738732073194799727775358989570734101,111445703095299602857320670330990591755803869082369829803008401403790032052891115819713171116795644405743833131739051,28,"[2, 3, 5, 7, 11, 13, 17, 19, 23, 29, 31, 37, 41, 43, 47, 53, 59, 61, 67, 71, 73, 79, 83, 89, 97, 101, 103, 107]","[4, 9, 25, 49, 121, 169, 289, 361, 529, 841, 961, 1369, 1681, 1849, 2209, 2809, 3481, 3721, 4489, 5041, 5329, 6241, 6889, 7921, 9409, 10201, 10609, 11449]",64,no_relation,0,0,0,no_relation,0,0,0,False,,,,True,False,0.00044624999281950295,False,False
768,59,776259046150354467574489744231251277628443008558348305569526019013025476343188443165439204414323238975243865348592746886509796816353199663533725276234798763238841089965645864961758799127710104703547236788647472501639660373970823767,6965356443456225178582541895686911984737741817648114362688025087736877003305694738732073194799727775358989570734101,111445703095299602857320670330990591755803869082369829803008401403790032052891115819713171116795644405743833131739067,28,"[2, 3, 5, 7, 11, 13, 17, 19, 23, 29, 31, 37, 41, 43, 47, 53, 59, 61, 67, 71, 73, 79, 83, 89, 97, 101, 103, 107]","[4, 9, 25, 49, 121, 169, 289, 361, 529, 841, 961, 1369, 1681, 1849, 2209, 2809, 3481, 3721, 4489, 5041, 5329, 6241, 6889, 7921, 9409, 10201, 10609, 11449]",64,no_relation,0,0,0,no_relation,0,0,0,False,,,,True,False,0.00045095800305716693,False,False
768,60,776259046150354467574489744231251277628443008558348305569526019013025476343188443165439204414323238975243865348593345907163934051718557762136754350665486209035158827800837035119304170549994394451078195083400249090320533477053956453,6965356443456225178582541895686911984737741817648114362688025087736877003305694738732073194799727775358989570734101,111445703095299602857320670330990591755803869082369829803008401403790032052891115819713171116795644405743833131739153,28,"[2, 3, 5, 7, 11, 13, 17, 19, 23, 29, 31, 37, 41, 43, 47, 53, 59, 61, 67, 71, 73, 79, 83, 89, 97, 101, 103, 107]","[4, 9, 25, 49, 121, 169, 289, 361, 529, 841, 961, 1369, 1681, 1849, 2209, 2809, 3481, 3721, 4489, 5041, 5329, 6241, 6889, 7921, 9409, 10201, 10609, 11449]",64,no_relation,0,0,0,no_relation,0,0,0,False,,,,True,False,0.0004489170096348971,False,False
768,61,776259046150354467574489744231251277628443008558348305569526019013025476343188443165439204414323238975243865348594000650669618936885344521074948920392051556766017750550929709477551436988305129756519009963711423501204278496702961947,6965356443456225178582541895686911984737741817648114362688025087736877003305694738732073194799727775358989570734101,111445703095299602857320670330990591755803869082369829803008401403790032052891115819713171116795644405743833131739247,28,"[2, 3, 5, 7, 11, 13, 17, 19, 23, 29, 31, 37, 41, 43, 47, 53, 59, 61, 67, 71, 73, 79, 83, 89, 97, 101, 103, 107]","[4, 9, 25, 49, 121, 169, 289, 361, 529, 841, 961, 1369, 1681, 1849, 2209, 2809, 3481, 3721, 4489, 5041, 5329, 6241, 6889, 7921, 9409, 10201, 10609, 11449]",64,no_relation,0,0,0,no_relation,0,0,0,False,,,,True,False,0.00044691699440591037,False,False
768,62,776259046150354467574489744231251277628443008558348305569526019013025476343188443165439204414323238975243865348594139957798488061388916171912862658631746311602370712838183469979306174528371243651293651427607418056711458288117643967,6965356443456225178582541895686911984737741817648114362688025087736877003305694738732073194799727775358989570734101,111445703095299602857320670330990591755803869082369829803008401403790032052891115819713171116795644405743833131739267,28,"[2, 3, 5, 7, 11, 13, 17, 19, 23, 29, 31, 37, 41, 43, 47, 53, 59, 61, 67, 71, 73, 79, 83, 89, 97, 101, 103, 107]","[4, 9, 25, 49, 121, 169, 289, 361, 529, 841, 961, 1369, 1681, 1849, 2209, 2809, 3481, 3721, 4489, 5041, 5329, 6241, 6889, 7921, 9409, 10201, 10609, 11449]",64,no_relation,0,0,0,no_relation,0,0,0,False,,,,True,False,0.0004459999909158796,False,False
768,63,776259046150354467574489744231251277628443008558348305569526019013025476343188443165439204414323238975243865348598054488119710459939279560458238703167168922503888953110014140078614299404229044094461076563084865066463210426870208729,6965356443456225178582541895686911984737741817648114362688025087736877003305694738732073194799727775358989570734101,111445703095299602857320670330990591755803869082369829803008401403790032052891115819713171116795644405743833131739829,28,"[2, 3, 5, 7, 11, 13, 17, 19, 23, 29, 31, 37, 41, 43, 47, 53, 59, 61, 67, 71, 73, 79, 83, 89, 97, 101, 103, 107]","[4, 9, 25, 49, 121, 169, 289, 361, 529, 841, 961, 1369, 1681, 1849, 2209, 2809, 3481, 3721, 4489, 5041, 5329, 6241, 6889, 7921, 9409, 10201, 10609, 11449]",64,no_relation,0,0,0,no_relation,0,0,0,False,,,,True,False,0.00044925001566298306,False,False
768,64,776259046150354467574489744231251277628443008558348305569526019013025476343188443165439204414323238975243865348599726173666139953982139370513203562043505980540124500557059266099671149885022410831756774129836799732549367923846392969,6965356443456225178582541895686911984737741817648114362688025087736877003305694738732073194799727775358989570734101,111445703095299602857320670330990591755803869082369829803008401403790032052891115819713171116795644405743833131740069,28,"[2, 3, 5, 7, 11, 13, 17, 19, 23, 29, 31, 37, 41, 43, 47, 53, 59, 61, 67, 71, 73, 79, 83, 89, 97, 101, 103, 107]","[4, 9, 25, 49, 121, 169, 289, 361, 529, 841, 961, 1369, 1681, 1849, 2209, 2809, 3481, 3721, 4489, 5041, 5329, 6241, 6889, 7921, 9409, 10201, 10609, 11449]",64,no_relation,0,0,0,no_relation,0,0,0,False,,,,True,False,0.000449958024546504,False,False
768,65,776259046150354467574489744231251277628443008558348305569526019013025476343188443165439204414323238975243865348601565027767212397429285161573664906807476744379983602748808904722833685413895114242782041453263927865244141170520195633,6965356443456225178582541895686911984737741817648114362688025087736877003305694738732073194799727775358989570734101,111445703095299602857320670330990591755803869082369829803008401403790032052891115819713171116795644405743833131740333,28,"[2, 3, 5, 7, 11, 13, 17, 19, 23, 29, 31, 37, 41, 43, 47, 53, 59, 61, 67, 71, 73, 79, 83, 89, 97, 101, 103, 107]","[4, 9, 25, 49, 121, 169, 289, 361, 529, 841, 961, 1369, 1681, 1849, 2209, 2809, 3481, 3721, 4489, 5041, 5329, 6241, 6889, 7921, 9409, 10201, 10609, 11449]",64,no_relation,0,0,0,no_relation,0,0,0,False,,,,True,False,0.00044975001947022974,False,False
768,66,776259046150354467574489744231251277628443008558348305569526019013025476343188443165439204414323238975243865348603334228303850278624645127215169382451600130801666223796931663095118852172734760706419988044743058720185324521486657287,6965356443456225178582541895686911984737741817648114362688025087736877003305694738732073194799727775358989570734101,111445703095299602857320670330990591755803869082369829803008401403790032052891115819713171116795644405743833131740587,28,"[2, 3, 5, 7, 11, 13, 17, 19, 23, 29, 31, 37, 41, 43, 47, 53, 59, 61, 67, 71, 73, 79, 83, 89, 97, 101, 103, 107]","[4, 9, 25, 49, 121, 169, 289, 361, 529, 841, 961, 1369, 1681, 1849, 2209, 2809, 3481, 3721, 4489, 5041, 5329, 6241, 6889, 7921, 9409, 10201, 10609, 11449]",64,no_relation,0,0,0,no_relation,0,0,0,False,,,,True,False,0.0004465829988475889,False,False
768,67,776259046150354467574489744231251277628443008558348305569526019013025476343188443165439204414323238975243865348605660657355964657834291696208328811054502536568760693994069463474422969091838862749156500491806167797155227038111847021,6965356443456225178582541895686911984737741817648114362688025087736877003305694738732073194799727775358989570734101,111445703095299602857320670330990591755803869082369829803008401403790032052891115819713171116795644405743833131740921,28,"[2, 3, 5, 7, 11, 13, 17, 19, 23, 29, 31, 37, 41, 43, 47, 53, 59, 61, 67, 71, 73, 79, 83, 89, 97, 101, 103, 107]","[4, 9, 25, 49, 121, 169, 289, 361, 529, 841, 961, 1369, 1681, 1849, 2209, 2809, 3481, 3721, 4489, 5041, 5329, 6241, 6889, 7921, 9409, 10201, 10609, 11449]",64,no_relation,0,0,0,no_relation,0,0,0,False,,,,True,False,0.0004479160124901682,False,False
768,68,776259046150354467574489744231251277628443008558348305569526019013025476343188443165439204414323238975243865348605702449494625395185363191459702932526410963019666582680245591624949390353858696917588892930974966163807380975536251627,6965356443456225178582541895686911984737741817648114362688025087736877003305694738732073194799727775358989570734101,111445703095299602857320670330990591755803869082369829803008401403790032052891115819713171116795644405743833131740927,28,"[2, 3, 5, 7, 11, 13, 17, 19, 23, 29, 31, 37, 41, 43, 47, 53, 59, 61, 67, 71, 73, 79, 83, 89, 97, 101, 103, 107]","[4, 9, 25, 49, 121, 169, 289, 361, 529, 841, 961, 1369, 1681, 1849, 2209, 2809, 3481, 3721, 4489, 5041, 5329, 6241, 6889, 7921, 9409, 10201, 10609, 11449]",64,no_relation,0,0,0,no_relation,0,0,0,False,,,,True,False,0.00044779200106859207,False,False
768,69,776259046150354467574489744231251277628443008558348305569526019013025476343188443165439204414323238975243865348607374135041054889228223001514667791402748021055902130127290717646006240834652063654884590497726900829893538472512435867,6965356443456225178582541895686911984737741817648114362688025087736877003305694738732073194799727775358989570734101,111445703095299602857320670330990591755803869082369829803008401403790032052891115819713171116795644405743833131741167,28,"[2, 3, 5, 7, 11, 13, 17, 19, 23, 29, 31, 37, 41, 43, 47, 53, 59, 61, 67, 71, 73, 79, 83, 89, 97, 101, 103, 107]","[4, 9, 25, 49, 121, 169, 289, 361, 529, 841, 961, 1369, 1681, 1849, 2209, 2809, 3481, 3721, 4489, 5041, 5329, 6241, 6889, 7921, 9409, 10201, 10609, 11449]",64,no_relation,0,0,0,no_relation,0,0,0,False,,,,True,False,0.0004552080063149333,False,False
768,70,776259046150354467574489744231251277628443008558348305569526019013025476343188443165439204414323238975243865348609087612726145120622154306821006771750993505543043566260511971817589512577465264560612680503647633862631849906913024713,6965356443456225178582541895686911984737741817648114362688025087736877003305694738732073194799727775358989570734101,111445703095299602857320670330990591755803869082369829803008401403790032052891115819713171116795644405743833131741413,28,"[2, 3, 5, 7, 11, 13, 17, 19, 23, 29, 31, 37, 41, 43, 47, 53, 59, 61, 67, 71, 73, 79, 83, 89, 97, 101, 103, 107]","[4, 9, 25, 49, 121, 169, 289, 361, 529, 841, 961, 1369, 1681, 1849, 2209, 2809, 3481, 3721, 4489, 5041, 5329, 6241, 6889, 7921, 9409, 10201, 10609, 11449]",64,no_relation,0,0,0,no_relation,0,0,0,False,,,,True,False,0.00044595799408853054,False,False
768,71,776259046150354467574489744231251277628443008558348305569526019013025476343188443165439204414323238975243865348609839871222038392941441221345740958245345181659349562611682278527065095293822279592395744408686004462370620780552307621,6965356443456225178582541895686911984737741817648114362688025087736877003305694738732073194799727775358989570734101,111445703095299602857320670330990591755803869082369829803008401403790032052891115819713171116795644405743833131741521,28,"[2, 3, 5, 7, 11, 13, 17, 19, 23, 29, 31, 37, 41, 43, 47, 53, 59, 61, 67, 71, 73, 79, 83, 89, 97, 101, 103, 107]","[4, 9, 25, 49, 121, 169, 289, 361, 529, 841, 961, 1369, 1681, 1849, 2209, 2809, 3481, 3721, 4489, 5041, 5329, 6241, 6889, 7921, 9409, 10201, 10609, 11449]",64,no_relation,0,0,0,no_relation,0,0,0,False,,,,True,False,0.00044712499948218465,False,False
768,72,776259046150354467574489744231251277628443008558348305569526019013025476343188443165439204414323238975243865348610940397540104476519657262965259490338933744866537964680986986490927521860344579361115411973464361450877341132728295579,6965356443456225178582541895686911984737741817648114362688025087736877003305694738732073194799727775358989570734101,111445703095299602857320670330990591755803869082369829803008401403790032052891115819713171116795644405743833131741679,28,"[2, 3, 5, 7, 11, 13, 17, 19, 23, 29, 31, 37, 41, 43, 47, 53, 59, 61, 67, 71, 73, 79, 83, 89, 97, 101, 103, 107]","[4, 9, 25, 49, 121, 169, 289, 361, 529, 841, 961, 1369, 1681, 1849, 2209, 2809, 3481, 3721, 4489, 5041, 5329, 6241, 6889, 7921, 9409, 10201, 10609, 11449]",64,no_relation,0,0,0,no_relation,0,0,0,False,,,,True,False,0.0004474580055102706,False,False
768,73,776259046150354467574489744231251277628443008558348305569526019013025476343188443165439204414323238975243865348613991223662338303147876416315570357788248875782667838771844341479356273987792473656680060032786642216484578564709831817,6965356443456225178582541895686911984737741817648114362688025087736877003305694738732073194799727775358989570734101,111445703095299602857320670330990591755803869082369829803008401403790032052891115819713171116795644405743833131742117,28,"[2, 3, 5, 7, 11, 13, 17, 19, 23, 29, 31, 37, 41, 43, 47, 53, 59, 61, 67, 71, 73, 79, 83, 89, 97, 101, 103, 107]","[4, 9, 25, 49, 121, 169, 289, 361, 529, 841, 961, 1369, 1681, 1849, 2209, 2809, 3481, 3721, 4489, 5041, 5329, 6241, 6889, 7921, 9409, 10201, 10609, 11449]",64,no_relation,0,0,0,no_relation,0,0,0,False,,,,True,False,0.00045170800876803696,False,False
768,74,776259046150354467574489744231251277628443008558348305569526019013025476343188443165439204414323238975243865348617069911210345954676809899833463972885502957666068305320152448568135973623253590731199636384888121893193251954974304459,6965356443456225178582541895686911984737741817648114362688025087736877003305694738732073194799727775358989570734101,111445703095299602857320670330990591755803869082369829803008401403790032052891115819713171116795644405743833131742559,28,"[2, 3, 5, 7, 11, 13, 17, 19, 23, 29, 31, 37, 41, 43, 47, 53, 59, 61, 67, 71, 73, 79, 83, 89, 97, 101, 103, 107]","[4, 9, 25, 49, 121, 169, 289, 361, 529, 841, 961, 1369, 1681, 1849, 2209, 2809, 3481, 3721, 4489, 5041, 5329, 6241, 6889, 7921, 9409, 10201, 10609, 11449]",64,no_relation,0,0,0,no_relation,0,0,0,False,,,,True,False,0.0005022080149501562,False,False
768,75,776259046150354467574489744231251277628443008558348305569526019013025476343188443165439204414323238975243865348621931730007878399851460514076653437450849901454786689145308690079376313771560965658834623474858331880393826675346706957,6965356443456225178582541895686911984737741817648114362688025087736877003305694738732073194799727775358989570734101,111445703095299602857320670330990591755803869082369829803008401403790032052891115819713171116795644405743833131743257,28,"[2, 3, 5, 7, 11, 13, 17, 19, 23, 29, 31, 37, 41, 43, 47, 53, 59, 61, 67, 71, 73, 79, 83, 89, 97, 101, 103, 107]","[4, 9, 25, 49, 121, 169, 289, 361, 529, 841, 961, 1369, 1681, 1849, 2209, 2809, 3481, 3721, 4489, 5041, 5329, 6241, 6889, 7921, 9409, 10201, 10609, 11449]",64,no_relation,0,0,0,no_relation,0,0,0,False,,,,True,False,0.0004579169908538461,False,False
768,76,776259046150354467574489744231251277628443008558348305569526019013025476343188443165439204414323238975243865348623004394900170658528962225528589221896499513694704498757162645942887792830070042648599362746857489957799111069239758511,6965356443456225178582541895686911984737741817648114362688025087736877003305694738732073194799727775358989570734101,111445703095299602857320670330990591755803869082369829803008401403790032052891115819713171116795644405743833131743411,28,"[2, 3, 5, 7, 11, 13, 17, 19, 23, 29, 31, 37, 41, 43, 47, 53, 59, 61, 67, 71, 73, 79, 83, 89, 97, 101, 103, 107]","[4, 9, 25, 49, 121, 169, 289, 361, 529, 841, 961, 1369, 1681, 1849, 2209, 2809, 3481, 3721, 4489, 5041, 5329, 6241, 6889, 7921, 9409, 10201, 10609, 11449]",64,no_relation,0,0,0,no_relation,0,0,0,False,,,,True,False,0.0004525420081336051,False,False
768,77,776259046150354467574489744231251277628443008558348305569526019013025476343188443165439204414323238975243865348623255147732135082635391197036833950727950072400139830874219414846046320402189047659193717381870280157712034693786186147,6965356443456225178582541895686911984737741817648114362688025087736877003305694738732073194799727775358989570734101,111445703095299602857320670330990591755803869082369829803008401403790032052891115819713171116795644405743833131743447,28,"[2, 3, 5, 7, 11, 13, 17, 19, 23, 29, 31, 37, 41, 43, 47, 53, 59, 61, 67, 71, 73, 79, 83, 89, 97, 101, 103, 107]","[4, 9, 25, 49, 121, 169, 289, 361, 529, 841, 961, 1369, 1681, 1849, 2209, 2809, 3481, 3721, 4489, 5041, 5329, 6241, 6889, 7921, 9409, 10201, 10609, 11449]",64,no_relation,0,0,0,no_relation,0,0,0,False,,,,True,False,0.0004494170134421438,False,False
768,78,776259046150354467574489744231251277628443008558348305569526019013025476343188443165439204414323238975243865348623645207692968631245391819382992417799095385941928125278529944250959585514374166564562713480779064913132138109747295803,6965356443456225178582541895686911984737741817648114362688025087736877003305694738732073194799727775358989570734101,111445703095299602857320670330990591755803869082369829803008401403790032052891115819713171116795644405743833131743503,28,"[2, 3, 5, 7, 11, 13, 17, 19, 23, 29, 31, 37, 41, 43, 47, 53, 59, 61, 67, 71, 73, 79, 83, 89, 97, 101, 103, 107]","[4, 9, 25, 49, 121, 169, 289, 361, 529, 841, 961, 1369, 1681, 1849, 2209, 2809, 3481, 3721, 4489, 5041, 5329, 6241, 6889, 7921, 9409, 10201, 10609, 11449]",64,no_relation,0,0,0,no_relation,0,0,0,False,,,,True,False,0.000452083011623472,False,False
768,79,776259046150354467574489744231251277628443008558348305569526019013025476343188443165439204414323238975243865348625066140407433701181822657929712547843981885272728340608518301368857908423048528291264056412518209379305371982177052407,6965356443456225178582541895686911984737741817648114362688025087736877003305694738732073194799727775358989570734101,111445703095299602857320670330990591755803869082369829803008401403790032052891115819713171116795644405743833131743707,28,"[2, 3, 5, 7, 11, 13, 17, 19, 23, 29, 31, 37, 41, 43, 47, 53, 59, 61, 67, 71, 73, 79, 83, 89, 97, 101, 103, 107]","[4, 9, 25, 49, 121, 169, 289, 361, 529, 841, 961, 1369, 1681, 1849, 2209, 2809, 3481, 3721, 4489, 5041, 5329, 6241, 6889, 7921, 9409, 10201, 10609, 11449]",64,no_relation,0,0,0,no_relation,0,0,0,False,,,,True,False,0.00044754199916496873,False,False
768,80,776259046150354467574489744231251277628443008558348305569526019013025476343188443165439204414323238975243865348565581996380317538156727750140546319494321570150013443951162567119584978814817895222492151328928534177739601048105133701,6965356443456225178582541895686911984737741817648114362688025087736877003305694738732073194799727775358989570734299,111445703095299602857320670330990591755803869082369829803008401403790032052891115819713171116795644405743833131731999,28,"[2, 3, 5, 7, 11, 13, 17, 19, 23, 29, 31, 37, 41, 43, 47, 53, 59, 61, 67, 71, 73, 79, 83, 89, 97, 101, 103, 107]","[4, 9, 25, 49, 121, 169, 289, 361, 529, 841, 961, 1369, 1681, 1849, 2209, 2809, 3481, 3721, 4489, 5041, 5329, 6241, 6889, 7921, 9409, 10201, 10609, 11449]",64,no_relation,0,0,0,no_relation,0,0,0,False,,,,True,False,0.0004480839997995645,False,False
768,81,776259046150354467574489744231251277628443008558348305569526019013025476343188443165439204414323238975243865348565790957073621224912085226397416926853863702404542887382043207872217085124917066064654113524772526011000370735227162671,6965356443456225178582541895686911984737741817648114362688025087736877003305694738732073194799727775358989570734299,111445703095299602857320670330990591755803869082369829803008401403790032052891115819713171116795644405743833131732029,28,"[2, 3, 5, 7, 11, 13, 17, 19, 23, 29, 31, 37, 41, 43, 47, 53, 59, 61, 67, 71, 73, 79, 83, 89, 97, 101, 103, 107]","[4, 9, 25, 49, 121, 169, 289, 361, 529, 841, 961, 1369, 1681, 1849, 2209, 2809, 3481, 3721, 4489, 5041, 5329, 6241, 6889, 7921, 9409, 10201, 10609, 11449]",64,no_relation,0,0,0,no_relation,0,0,0,False,,,,True,False,0.00044929198338650167,False,False
768,82,776259046150354467574489744231251277628443008558348305569526019013025476343188443165439204414323238975243865348566933275530348045841372763268309580419360692062637178137524043986605932953459200001806173528719681366159245024827587707,6965356443456225178582541895686911984737741817648114362688025087736877003305694738732073194799727775358989570734299,111445703095299602857320670330990591755803869082369829803008401403790032052891115819713171116795644405743833131732193,28,"[2, 3, 5, 7, 11, 13, 17, 19, 23, 29, 31, 37, 41, 43, 47, 53, 59, 61, 67, 71, 73, 79, 83, 89, 97, 101, 103, 107]","[4, 9, 25, 49, 121, 169, 289, 361, 529, 841, 961, 1369, 1681, 1849, 2209, 2809, 3481, 3721, 4489, 5041, 5329, 6241, 6889, 7921, 9409, 10201, 10609, 11449]",64,no_relation,0,0,0,no_relation,0,0,0,False,,,,True,False,0.00045154200051911175,False,False
768,83,776259046150354467574489744231251277628443008558348305569526019013025476343188443165439204414323238975243865348570527399455171458033521354886484027003485366840543605148671064931878161487164938486991923297236340898244483643326485991,6965356443456225178582541895686911984737741817648114362688025087736877003305694738732073194799727775358989570734299,111445703095299602857320670330990591755803869082369829803008401403790032052891115819713171116795644405743833131732709,28,"[2, 3, 5, 7, 11, 13, 17, 19, 23, 29, 31, 37, 41, 43, 47, 53, 59, 61, 67, 71, 73, 79, 83, 89, 97, 101, 103, 107]","[4, 9, 25, 49, 121, 169, 289, 361, 529, 841, 961, 1369, 1681, 1849, 2209, 2809, 3481, 3721, 4489, 5041, 5329, 6241, 6889, 7921, 9409, 10201, 10609, 11449]",64,no_relation,0,0,0,no_relation,0,0,0,False,,,,True,False,0.00044904102105647326,False,False
768,84,776259046150354467574489744231251277628443008558348305569526019013025476343188443165439204414323238975243865348580209244911575611031751088121488834662270827967074484112807419803832420521759854173829505038007962505993479146647161601,6965356443456225178582541895686911984737741817648114362688025087736877003305694738732073194799727775358989570734299,111445703095299602857320670330990591755803869082369829803008401403790032052891115819713171116795644405743833131734099,28,"[2, 3, 5, 7, 11, 13, 17, 19, 23, 29, 31, 37, 41, 43, 47, 53, 59, 61, 67, 71, 73, 79, 83, 89, 97, 101, 103, 107]","[4, 9, 25, 49, 121, 169, 289, 361, 529, 841, 961, 1369, 1681, 1849, 2209, 2809, 3481, 3721, 4489, 5041, 5329, 6241, 6889, 7921, 9409, 10201, 10609, 11449]",64,no_relation,0,0,0,no_relation,0,0,0,False,,,,True,False,0.00044870900455862284,False,False
768,85,776259046150354467574489744231251277628443008558348305569526019013025476343188443165439204414323238975243865348580710750575504459244609031137978292325171945377945148346920957610149475665997864195018214308033542905819326395740031129,6965356443456225178582541895686911984737741817648114362688025087736877003305694738732073194799727775358989570734299,111445703095299602857320670330990591755803869082369829803008401403790032052891115819713171116795644405743833131734171,28,"[2, 3, 5, 7, 11, 13, 17, 19, 23, 29, 31, 37, 41, 43, 47, 53, 59, 61, 67, 71, 73, 79, 83, 89, 97, 101, 103, 107]","[4, 9, 25, 49, 121, 169, 289, 361, 529, 841, 961, 1369, 1681, 1849, 2209, 2809, 3481, 3721, 4489, 5041, 5329, 6241, 6889, 7921, 9409, 10201, 10609, 11449]",64,no_relation,0,0,0,no_relation,0,0,0,False,,,,True,False,0.0004482500080484897,False,False
768,86,776259046150354467574489744231251277628443008558348305569526019013025476343188443165439204414323238975243865348585098925134881881107116032532261046875556722723063460395414413415423708178080451880419420420757371404295489825302639499,6965356443456225178582541895686911984737741817648114362688025087736877003305694738732073194799727775358989570734299,111445703095299602857320670330990591755803869082369829803008401403790032052891115819713171116795644405743833131734801,28,"[2, 3, 5, 7, 11, 13, 17, 19, 23, 29, 31, 37, 41, 43, 47, 53, 59, 61, 67, 71, 73, 79, 83, 89, 97, 101, 103, 107]","[4, 9, 25, 49, 121, 169, 289, 361, 529, 841, 961, 1369, 1681, 1849, 2209, 2809, 3481, 3721, 4489, 5041, 5329, 6241, 6889, 7921, 9409, 10201, 10609, 11449]",64,no_relation,0,0,0,no_relation,0,0,0,False,,,,True,False,0.00044933301978744566,False,False
768,87,776259046150354467574489744231251277628443008558348305569526019013025476343188443165439204414323238975243865348585224301550864093160330518286383411291282002075781126453942797867002971964139954385716597738263766504251951637575856881,6965356443456225178582541895686911984737741817648114362688025087736877003305694738732073194799727775358989570734299,111445703095299602857320670330990591755803869082369829803008401403790032052891115819713171116795644405743833131734819,28,"[2, 3, 5, 7, 11, 13, 17, 19, 23, 29, 31, 37, 41, 43, 47, 53, 59, 61, 67, 71, 73, 79, 83, 89, 97, 101, 103, 107]","[4, 9, 25, 49, 121, 169, 289, 361, 529, 841, 961, 1369, 1681, 1849, 2209, 2809, 3481, 3721, 4489, 5041, 5329, 6241, 6889, 7921, 9409, 10201, 10609, 11449]",64,no_relation,0,0,0,no_relation,0,0,0,False,,,,True,False,0.0004521670052781701,False,False
768,88,776259046150354467574489744231251277628443008558348305569526019013025476343188443165439204414323238975243865348585697945789019116472474131135290121306244168519381198230605583572969079600364741627950378715510147992976362928385789213,6965356443456225178582541895686911984737741817648114362688025087736877003305694738732073194799727775358989570734299,111445703095299602857320670330990591755803869082369829803008401403790032052891115819713171116795644405743833131734887,28,"[2, 3, 5, 7, 11, 13, 17, 19, 23, 29, 31, 37, 41, 43, 47, 53, 59, 61, 67, 71, 73, 79, 83, 89, 97, 101, 103, 107]","[4, 9, 25, 49, 121, 169, 289, 361, 529, 841, 961, 1369, 1681, 1849, 2209, 2809, 3481, 3721, 4489, 5041, 5329, 6241, 6889, 7921, 9409, 10201, 10609, 11449]",64,no_relation,0,0,0,no_relation,0,0,0,False,,,,True,False,0.0004516249755397439,False,False
768,89,776259046150354467574489744231251277628443008558348305569526019013025476343188443165439204414323238975243865348586143728601400314883903413816614083673267383995710677549817617178584239728576306091229231399977330570599338260912784349,6965356443456225178582541895686911984737741817648114362688025087736877003305694738732073194799727775358989570734299,111445703095299602857320670330990591755803869082369829803008401403790032052891115819713171116795644405743833131734951,28,"[2, 3, 5, 7, 11, 13, 17, 19, 23, 29, 31, 37, 41, 43, 47, 53, 59, 61, 67, 71, 73, 79, 83, 89, 97, 101, 103, 107]","[4, 9, 25, 49, 121, 169, 289, 361, 529, 841, 961, 1369, 1681, 1849, 2209, 2809, 3481, 3721, 4489, 5041, 5329, 6241, 6889, 7921, 9409, 10201, 10609, 11449]",64,no_relation,0,0,0,no_relation,0,0,0,False,,,,True,False,0.00044750000233761966,False,False
768,90,776259046150354467574489744231251277628443008558348305569526019013025476343188443165439204414323238975243865348587829344860716721377120388955370316373573917515581521225588119249816563963376284218002393113118864692236213737030484707,6965356443456225178582541895686911984737741817648114362688025087736877003305694738732073194799727775358989570734299,111445703095299602857320670330990591755803869082369829803008401403790032052891115819713171116795644405743833131735193,28,"[2, 3, 5, 7, 11, 13, 17, 19, 23, 29, 31, 37, 41, 43, 47, 53, 59, 61, 67, 71, 73, 79, 83, 89, 97, 101, 103, 107]","[4, 9, 25, 49, 121, 169, 289, 361, 529, 841, 961, 1369, 1681, 1849, 2209, 2809, 3481, 3721, 4489, 5041, 5329, 6241, 6889, 7921, 9409, 10201, 10609, 11449]",64,no_relation,0,0,0,no_relation,0,0,0,False,,,,True,False,0.00044899998465552926,False,False
768,91,776259046150354467574489744231251277628443008558348305569526019013025476343188443165439204414323238975243865348588776633337026768001407614653183736403498250402781664778913690661748779235825858702469955067611627669685036318650349371,6965356443456225178582541895686911984737741817648114362688025087736877003305694738732073194799727775358989570734299,111445703095299602857320670330990591755803869082369829803008401403790032052891115819713171116795644405743833131735329,28,"[2, 3, 5, 7, 11, 13, 17, 19, 23, 29, 31, 37, 41, 43, 47, 53, 59, 61, 67, 71, 73, 79, 83, 89, 97, 101, 103, 107]","[4, 9, 25, 49, 121, 169, 289, 361, 529, 841, 961, 1369, 1681, 1849, 2209, 2809, 3481, 3721, 4489, 5041, 5329, 6241, 6889, 7921, 9409, 10201, 10609, 11449]",64,no_relation,0,0,0,no_relation,0,0,0,False,,,,True,False,0.000449208018835634,False,False
768,92,776259046150354467574489744231251277628443008558348305569526019013025476343188443165439204414323238975243865348590545833873664649196767580294688212047621636824464285827036449034033945994665505166107901659090758524626219669616861317,6965356443456225178582541895686911984737741817648114362688025087736877003305694738732073194799727775358989570734299,111445703095299602857320670330990591755803869082369829803008401403790032052891115819713171116795644405743833131735583,28,"[2, 3, 5, 7, 11, 13, 17, 19, 23, 29, 31, 37, 41, 43, 47, 53, 59, 61, 67, 71, 73, 79, 83, 89, 97, 101, 103, 107]","[4, 9, 25, 49, 121, 169, 289, 361, 529, 841, 961, 1369, 1681, 1849, 2209, 2809, 3481, 3721, 4489, 5041, 5329, 6241, 6889, 7921, 9409, 10201, 10609, 11449]",64,no_relation,0,0,0,no_relation,0,0,0,False,,,,True,False,0.00044791700202040374,False,False
768,93,776259046150354467574489744231251277628443008558348305569526019013025476343188443165439204414323238975243865348590713002428307598601053561300184697935255342628087840571740961636139631042744841839837471415765951991234835419314484493,6965356443456225178582541895686911984737741817648114362688025087736877003305694738732073194799727775358989570734299,111445703095299602857320670330990591755803869082369829803008401403790032052891115819713171116795644405743833131735607,28,"[2, 3, 5, 7, 11, 13, 17, 19, 23, 29, 31, 37, 41, 43, 47, 53, 59, 61, 67, 71, 73, 79, 83, 89, 97, 101, 103, 107]","[4, 9, 25, 49, 121, 169, 289, 361, 529, 841, 961, 1369, 1681, 1849, 2209, 2809, 3481, 3721, 4489, 5041, 5329, 6241, 6889, 7921, 9409, 10201, 10609, 11449]",64,no_relation,0,0,0,no_relation,0,0,0,False,,,,True,False,0.0004488749837037176,False,False
768,94,776259046150354467574489744231251277628443008558348305569526019013025476343188443165439204414323238975243865348591548845201522345622483466327667127373423871646205614295263524646668056283141525208485320199141919324277914167802600373,6965356443456225178582541895686911984737741817648114362688025087736877003305694738732073194799727775358989570734299,111445703095299602857320670330990591755803869082369829803008401403790032052891115819713171116795644405743833131735727,28,"[2, 3, 5, 7, 11, 13, 17, 19, 23, 29, 31, 37, 41, 43, 47, 53, 59, 61, 67, 71, 73, 79, 83, 89, 97, 101, 103, 107]","[4, 9, 25, 49, 121, 169, 289, 361, 529, 841, 961, 1369, 1681, 1849, 2209, 2809, 3481, 3721, 4489, 5041, 5329, 6241, 6889, 7921, 9409, 10201, 10609, 11449]",64,no_relation,0,0,0,no_relation,0,0,0,False,,,,True,False,0.00044712499948218465,False,False
768,95,776259046150354467574489744231251277628443008558348305569526019013025476343188443165439204414323238975243865348593164807896404189863914616047466490953883027747899976827407146467023011747908446387871161180335456168161199748212957741,6965356443456225178582541895686911984737741817648114362688025087736877003305694738732073194799727775358989570734299,111445703095299602857320670330990591755803869082369829803008401403790032052891115819713171116795644405743833131735959,28,"[2, 3, 5, 7, 11, 13, 17, 19, 23, 29, 31, 37, 41, 43, 47, 53, 59, 61, 67, 71, 73, 79, 83, 89, 97, 101, 103, 107]","[4, 9, 25, 49, 121, 169, 289, 361, 529, 841, 961, 1369, 1681, 1849, 2209, 2809, 3481, 3721, 4489, 5041, 5329, 6241, 6889, 7921, 9409, 10201, 10609, 11449]",64,no_relation,0,0,0,no_relation,0,0,0,False,,,,True,False,0.00045108399353921413,False,False
768,96,776259046150354467574489744231251277628443008558348305569526019013025476343188443165439204414323238975243865348593290184312386401917129101801588855369608307100617642885935530918602275533967948893168338497841851268117661560486175123,6965356443456225178582541895686911984737741817648114362688025087736877003305694738732073194799727775358989570734299,111445703095299602857320670330990591755803869082369829803008401403790032052891115819713171116795644405743833131735977,28,"[2, 3, 5, 7, 11, 13, 17, 19, 23, 29, 31, 37, 41, 43, 47, 53, 59, 61, 67, 71, 73, 79, 83, 89, 97, 101, 103, 107]","[4, 9, 25, 49, 121, 169, 289, 361, 529, 841, 961, 1369, 1681, 1849, 2209, 2809, 3481, 3721, 4489, 5041, 5329, 6241, 6889, 7921, 9409, 10201, 10609, 11449]",64,no_relation,0,0,0,no_relation,0,0,0,False,,,,True,False,0.0004470830026548356,False,False
768,97,776259046150354467574489744231251277628443008558348305569526019013025476343188443165439204414323238975243865348598054488119710459939279560458238703167168922503888953110014140078614299404229044094461076563084865066463210426868435639,6965356443456225178582541895686911984737741817648114362688025087736877003305694738732073194799727775358989570734299,111445703095299602857320670330990591755803869082369829803008401403790032052891115819713171116795644405743833131736661,28,"[2, 3, 5, 7, 11, 13, 17, 19, 23, 29, 31, 37, 41, 43, 47, 53, 59, 61, 67, 71, 73, 79, 83, 89, 97, 101, 103, 107]","[4, 9, 25, 49, 121, 169, 289, 361, 529, 841, 961, 1369, 1681, 1849, 2209, 2809, 3481, 3721, 4489, 5041, 5329, 6241, 6889, 7921, 9409, 10201, 10609, 11449]",64,no_relation,0,0,0,no_relation,0,0,0,False,,,,True,False,0.00045191601384431124,False,False
768,98,776259046150354467574489744231251277628443008558348305569526019013025476343188443165439204414323238975243865348598932123031585944311780960737095254077245877972912615519712831239669145906645561631541317785629630766158443112780957313,6965356443456225178582541895686911984737741817648114362688025087736877003305694738732073194799727775358989570734299,111445703095299602857320670330990591755803869082369829803008401403790032052891115819713171116795644405743833131736787,28,"[2, 3, 5, 7, 11, 13, 17, 19, 23, 29, 31, 37, 41, 43, 47, 53, 59, 61, 67, 71, 73, 79, 83, 89, 97, 101, 103, 107]","[4, 9, 25, 49, 121, 169, 289, 361, 529, 841, 961, 1369, 1681, 1849, 2209, 2809, 3481, 3721, 4489, 5041, 5329, 6241, 6889, 7921, 9409, 10201, 10609, 11449]",64,no_relation,0,0,0,no_relation,0,0,0,False,,,,True,False,0.0004483340017031878,False,False
768,99,776259046150354467574489744231251277628443008558348305569526019013025476343188443165439204414323238975243865348599949065072330553187854011853865543227017588278289240216665282902478729949128193063396200472070391021360855590108164967,6965356443456225178582541895686911984737741817648114362688025087736877003305694738732073194799727775358989570734299,111445703095299602857320670330990591755803869082369829803008401403790032052891115819713171116795644405743833131736933,28,"[2, 3, 5, 7, 11, 13, 17, 19, 23, 29, 31, 37, 41, 43, 47, 53, 59, 61, 67, 71, 73, 79, 83, 89, 97, 101, 103, 107]","[4, 9, 25, 49, 121, 169, 289, 361, 529, 841, 961, 1369, 1681, 1849, 2209, 2809, 3481, 3721, 4489, 5041, 5329, 6241, 6889, 7921, 9409, 10201, 10609, 11449]",64,no_relation,0,0,0,no_relation,0,0,0,False,,,,True,False,0.00045200000749900937,False,False
1024,0,89884656743115795386465259539451236680898848947115328636715040578866337902750481566354238661203768010560056939935696678829394884407208311246423715319737257571944170053986535850845065306511988542180328768449548595568547414827807716857045004960346856583347285628928299952626747485517704862987469179276418076739,2370187977027294181708131613913039815021135436007832465948110833762663075869535206198863932101855183251733272653544945656017079309560327662609268935133771,37923007632436706907330105822608637040338166976125319455169773340202609213912563299181822913629682932027732362456719130496273268952965242601748302962136809,32,"[2, 3, 5, 7, 11, 13, 17, 19, 23, 29, 31, 37, 41, 43, 47, 53, 59, 61, 67, 71, 73, 79, 83, 89, 97, 101, 103, 107, 109, 113, 127, 131]","[4, 9, 25, 49, 121, 169, 289, 361, 529, 841, 961, 1369, 1681, 1849, 2209, 2809, 3481, 3721, 4489, 5041, 5329, 6241, 6889, 7921, 9409, 10201, 10609, 11449, 11881, 12769, 16129, 17161]",64,no_relation,0,0,0,no_relation,0,0,0,False,,,,True,True,0.0006353330099955201,False,False
1024,1,89884656743115795386465259539451236680898848947115328636715040578866337902750481566354238661203768010560056939935696678829394884407208311246423715319739988028493705496883863618464293128378892890202609791450320819249042002691209421414586096210128193754453282359025183730022479160882318360454795057089692180931,2370187977027294181708131613913039815021135436007832465948110833762663075869535206198863932101855183251733272653544945656017079309560327662609268935133771,37923007632436706907330105822608637040338166976125319455169773340202609213912563299181822913629682932027732362456719130496273268952965242601748302962137961,32,"[2, 3, 5, 7, 11, 13, 17, 19, 23, 29, 31, 37, 41, 43, 47, 53, 59, 61, 67, 71, 73, 79, 83, 89, 97, 101, 103, 107, 109, 113, 127, 131]","[4, 9, 25, 49, 121, 169, 289, 361, 529, 841, 961, 1369, 1681, 1849, 2209, 2809, 3481, 3721, 4489, 5041, 5329, 6241, 6889, 7921, 9409, 10201, 10609, 11449, 11881, 12769, 16129, 17161]",64,no_relation,0,0,0,no_relation,0,0,0,False,,,,True,True,0.0005572079971898347,False,False
1024,2,89884656743115795386465259539451236680898848947115328636715040578866337902750481566354238661203768010560056939935696678829394884407208311246423715319741310593384886727037256755904856604595674683775902161966319865094281568687544622059645062284241028946707749525165861809698536691137053023290531029155496825149,2370187977027294181708131613913039815021135436007832465948110833762663075869535206198863932101855183251733272653544945656017079309560327662609268935133771,37923007632436706907330105822608637040338166976125319455169773340202609213912563299181822913629682932027732362456719130496273268952965242601748302962138519,32,"[2, 3, 5, 7, 11, 13, 17, 19, 23, 29, 31, 37, 41, 43, 47, 53, 59, 61, 67, 71, 73, 79, 83, 89, 97, 101, 103, 107, 109, 113, 127, 131]","[4, 9, 25, 49, 121, 169, 289, 361, 529, 841, 961, 1369, 1681, 1849, 2209, 2809, 3481, 3721, 4489, 5041, 5329, 6241, 6889, 7921, 9409, 10201, 10609, 11449, 11881, 12769, 16129, 17161]",64,no_relation,0,0,0,no_relation,0,0,0,False,,,,True,True,0.0005361670046113431,False,False
1024,3,89884656743115795386465259539451236680898848947115328636715040578866337902750481566354238661203768010560056939935696678829394884407208311246423715319742879657825678795785547539033267036953218675434539347058777514466232451643770254366148710207292457078020396951662508563722819997639981960203178365190555381551,2370187977027294181708131613913039815021135436007832465948110833762663075869535206198863932101855183251733272653544945656017079309560327662609268935133771,37923007632436706907330105822608637040338166976125319455169773340202609213912563299181822913629682932027732362456719130496273268952965242601748302962139181,32,"[2, 3, 5, 7, 11, 13, 17, 19, 23, 29, 31, 37, 41, 43, 47, 53, 59, 61, 67, 71, 73, 79, 83, 89, 97, 101, 103, 107, 109, 113, 127, 131]","[4, 9, 25, 49, 121, 169, 289, 361, 529, 841, 961, 1369, 1681, 1849, 2209, 2809, 3481, 3721, 4489, 5041, 5329, 6241, 6889, 7921, 9409, 10201, 10609, 11449, 11881, 12769, 16129, 17161]",64,no_relation,0,0,0,no_relation,0,0,0,False,,,,True,True,0.0005315839953254908,False,False
1024,4,89884656743115795386465259539451236680898848947115328636715040578866337902750481566354238661203768010560056939935696678829394884407208311246423715319742903359705449068727364620349406167351368886788899425383436995574570078274528949718210698846613475629852914284389044013179380168433077563479804457879906719261,2370187977027294181708131613913039815021135436007832465948110833762663075869535206198863932101855183251733272653544945656017079309560327662609268935133771,37923007632436706907330105822608637040338166976125319455169773340202609213912563299181822913629682932027732362456719130496273268952965242601748302962139191,32,"[2, 3, 5, 7, 11, 13, 17, 19, 23, 29, 31, 37, 41, 43, 47, 53, 59, 61, 67, 71, 73, 79, 83, 89, 97, 101, 103, 107, 109, 113, 127, 131]","[4, 9, 25, 49, 121, 169, 289, 361, 529, 841, 961, 1369, 1681, 1849, 2209, 2809, 3481, 3721, 4489, 5041, 5329, 6241, 6889, 7921, 9409, 10201, 10609, 11449, 11881, 12769, 16129, 17161]",64,no_relation,0,0,0,no_relation,0,0,0,False,,,,True,True,0.000530958001036197,False,False
1024,5,89884656743115795386465259539451236680898848947115328636715040578866337902750481566354238661203768010560056939935696678829394884407208311246423715319742988686472622051317906113087507036784709647664595707352211127564585534145260252985633857948169142416449976682204571631222996783288221735275658391561571535017,2370187977027294181708131613913039815021135436007832465948110833762663075869535206198863932101855183251733272653544945656017079309560327662609268935133771,37923007632436706907330105822608637040338166976125319455169773340202609213912563299181822913629682932027732362456719130496273268952965242601748302962139227,32,"[2, 3, 5, 7, 11, 13, 17, 19, 23, 29, 31, 37, 41, 43, 47, 53, 59, 61, 67, 71, 73, 79, 83, 89, 97, 101, 103, 107, 109, 113, 127, 131]","[4, 9, 25, 49, 121, 169, 289, 361, 529, 841, 961, 1369, 1681, 1849, 2209, 2809, 3481, 3721, 4489, 5041, 5329, 6241, 6889, 7921, 9409, 10201, 10609, 11449, 11881, 12769, 16129, 17161]",64,no_relation,0,0,0,no_relation,0,0,0,False,,,,True,True,0.0005271249974612147,False,False
1024,6,89884656743115795386465259539451236680898848947115328636715040578866337902750481566354238661203768010560056939935696678829394884407208311246423715319744330212867619499824752915580981817320011610321376140527937758296495201446202409912342414933738792450170457714526478070464302450177432880732695237778857249403,2370187977027294181708131613913039815021135436007832465948110833762663075869535206198863932101855183251733272653544945656017079309560327662609268935133771,37923007632436706907330105822608637040338166976125319455169773340202609213912563299181822913629682932027732362456719130496273268952965242601748302962139793,32,"[2, 3, 5, 7, 11, 13, 17, 19, 23, 29, 31, 37, 41, 43, 47, 53, 59, 61, 67, 71, 73, 79, 83, 89, 97, 101, 103, 107, 109, 113, 127, 131]","[4, 9, 25, 49, 121, 169, 289, 361, 529, 841, 961, 1369, 1681, 1849, 2209, 2809, 3481, 3721, 4489, 5041, 5329, 6241, 6889, 7921, 9409, 10201, 10609, 11449, 11881, 12769, 16129, 17161]",64,no_relation,0,0,0,no_relation,0,0,0,False,,,,True,True,0.000528083008248359,False,False
1024,7,89884656743115795386465259539451236680898848947115328636715040578866337902750481566354238661203768010560056939935696678829394884407208311246423715319745989344451538605751948607710720945190526405126581623254101435880129065599311084556681619686210091078446671005383959532423514405694125110096521726033450889103,2370187977027294181708131613913039815021135436007832465948110833762663075869535206198863932101855183251733272653544945656017079309560327662609268935133771,37923007632436706907330105822608637040338166976125319455169773340202609213912563299181822913629682932027732362456719130496273268952965242601748302962140493,32,"[2, 3, 5, 7, 11, 13, 17, 19, 23, 29, 31, 37, 41, 43, 47, 53, 59, 61, 67, 71, 73, 79, 83, 89, 97, 101, 103, 107, 109, 113, 127, 131]","[4, 9, 25, 49, 121, 169, 289, 361, 529, 841, 961, 1369, 1681, 1849, 2209, 2809, 3481, 3721, 4489, 5041, 5329, 6241, 6889, 7921, 9409, 10201, 10609, 11449, 11881, 12769, 16129, 17161]",64,no_relation,0,0,0,no_relation,0,0,0,False,,,,True,True,0.0005266670195851475,False,False
1024,8,89884656743115795386465259539451236680898848947115328636715040578866337902750481566354238661203768010560056939935696678829394884407208311246423715319746757285356095449066822042353628770090593253007848160973068623790268168435892813963490051600211092157820232585723708094816063939390422656259207129168434230907,2370187977027294181708131613913039815021135436007832465948110833762663075869535206198863932101855183251733272653544945656017079309560327662609268935133771,37923007632436706907330105822608637040338166976125319455169773340202609213912563299181822913629682932027732362456719130496273268952965242601748302962140817,32,"[2, 3, 5, 7, 11, 13, 17, 19, 23, 29, 31, 37, 41, 43, 47, 53, 59, 61, 67, 71, 73, 79, 83, 89, 97, 101, 103, 107, 109, 113, 127, 131]","[4, 9, 25, 49, 121, 169, 289, 361, 529, 841, 961, 1369, 1681, 1849, 2209, 2809, 3481, 3721, 4489, 5041, 5329, 6241, 6889, 7921, 9409, 10201, 10609, 11449, 11881, 12769, 16129, 17161]",64,no_relation,0,0,0,no_relation,0,0,0,False,,,,True,True,0.000524500006577,False,False
1024,9,89884656743115795386465259539451236680898848947115328636715040578866337902750481566354238661203768010560056939935696678829394884407208311246423715319747515745508744183204968644470080942831400016347370667362172019257072220620171065229473688058483685816460787232972842477425989404769481961111242095227677037627,2370187977027294181708131613913039815021135436007832465948110833762663075869535206198863932101855183251733272653544945656017079309560327662609268935133771,37923007632436706907330105822608637040338166976125319455169773340202609213912563299181822913629682932027732362456719130496273268952965242601748302962141137,32,"[2, 3, 5, 7, 11, 13, 17, 19, 23, 29, 31, 37, 41, 43, 47, 53, 59, 61, 67, 71, 73, 79, 83, 89, 97, 101, 103, 107, 109, 113, 127, 131]","[4, 9, 25, 49, 121, 169, 289, 361, 529, 841, 961, 1369, 1681, 1849, 2209, 2809, 3481, 3721, 4489, 5041, 5329, 6241, 6889, 7921, 9409, 10201, 10609, 11449, 11881, 12769, 16129, 17161]",64,no_relation,0,0,0,no_relation,0,0,0,False,,,,True,True,0.0005256250151433051,False,False
1024,10,89884656743115795386465259539451236680898848947115328636715040578866337902750481566354238661203768010560056939935696678829394884407208311246423715319749729501079287675970684039397475722018629756844601982885367554775806547933033211112063426971066818557617906109631253456668709356844611307148119152413091979741,2370187977027294181708131613913039815021135436007832465948110833762663075869535206198863932101855183251733272653544945656017079309560327662609268935133771,37923007632436706907330105822608637040338166976125319455169773340202609213912563299181822913629682932027732362456719130496273268952965242601748302962142071,32,"[2, 3, 5, 7, 11, 13, 17, 19, 23, 29, 31, 37, 41, 43, 47, 53, 59, 61, 67, 71, 73, 79, 83, 89, 97, 101, 103, 107, 109, 113, 127, 131]","[4, 9, 25, 49, 121, 169, 289, 361, 529, 841, 961, 1369, 1681, 1849, 2209, 2809, 3481, 3721, 4489, 5041, 5329, 6241, 6889, 7921, 9409, 10201, 10609, 11449, 11881, 12769, 16129, 17161]",64,no_relation,0,0,0,no_relation,0,0,0,False,,,,True,True,0.0005255839787423611,False,False
1024,11,89884656743115795386465259539451236680898848947115328636715040578866337902750481566354238661203768010560056939935696678829394884407208311246423715319749890673861725531975040192347221808726051194054250515493052026312502409022192339506084949718449744710079023972171694512973318518237661409429176582700681076169,2370187977027294181708131613913039815021135436007832465948110833762663075869535206198863932101855183251733272653544945656017079309560327662609268935133771,37923007632436706907330105822608637040338166976125319455169773340202609213912563299181822913629682932027732362456719130496273268952965242601748302962142139,32,"[2, 3, 5, 7, 11, 13, 17, 19, 23, 29, 31, 37, 41, 43, 47, 53, 59, 61, 67, 71, 73, 79, 83, 89, 97, 101, 103, 107, 109, 113, 127, 131]","[4, 9, 25, 49, 121, 169, 289, 361, 529, 841, 961, 1369, 1681, 1849, 2209, 2809, 3481, 3721, 4489, 5041, 5329, 6241, 6889, 7921, 9409, 10201, 10609, 11449, 11881, 12769, 16129, 17161]",64,no_relation,0,0,0,no_relation,0,0,0,False,,,,True,True,0.0005263329949229956,False,False
1024,12,89884656743115795386465259539451236680898848947115328636715040578866337902750481566354238661203768010560056939935696678829394884407208311246423715319752218198455166334861477577592084413824401949052410206974613071151257344162696223078572234099773766500032226045917475649607527290119649651193858884794982439291,2370187977027294181708131613913039815021135436007832465948110833762663075869535206198863932101855183251733272653544945656017079309560327662609268935133771,37923007632436706907330105822608637040338166976125319455169773340202609213912563299181822913629682932027732362456719130496273268952965242601748302962143121,32,"[2, 3, 5, 7, 11, 13, 17, 19, 23, 29, 31, 37, 41, 43, 47, 53, 59, 61, 67, 71, 73, 79, 83, 89, 97, 101, 103, 107, 109, 113, 127, 131]","[4, 9, 25, 49, 121, 169, 289, 361, 529, 841, 961, 1369, 1681, 1849, 2209, 2809, 3481, 3721, 4489, 5041, 5329, 6241, 6889, 7921, 9409, 10201, 10609, 11449, 11881, 12769, 16129, 17161]",64,no_relation,0,0,0,no_relation,0,0,0,False,,,,True,True,0.0005259579920675606,False,False
1024,13,89884656743115795386465259539451236680898848947115328636715040578866337902750481566354238661203768010560056939935696678829394884407208311246423715319752829706953239376760358275548473978096677401994900227750827683746368111236270563161771540994256045137311173230262090245586779696581516215730812076180246952209,2370187977027294181708131613913039815021135436007832465948110833762663075869535206198863932101855183251733272653544945656017079309560327662609268935133771,37923007632436706907330105822608637040338166976125319455169773340202609213912563299181822913629682932027732362456719130496273268952965242601748302962143379,32,"[2, 3, 5, 7, 11, 13, 17, 19, 23, 29, 31, 37, 41, 43, 47, 53, 59, 61, 67, 71, 73, 79, 83, 89, 97, 101, 103, 107, 109, 113, 127, 131]","[4, 9, 25, 49, 121, 169, 289, 361, 529, 841, 961, 1369, 1681, 1849, 2209, 2809, 3481, 3721, 4489, 5041, 5329, 6241, 6889, 7921, 9409, 10201, 10609, 11449, 11881, 12769, 16129, 17161]",64,no_relation,0,0,0,no_relation,0,0,0,False,,,,True,True,0.0005283749778755009,False,False
1024,14,89884656743115795386465259539451236680898848947115328636715040578866337902750481566354238661203768010560056939935696678829394884407208311246423715319758077303134377806078660078941677448247134195850221568830436801132318647286245714108295825739929552513030510695917038755269201510172882781175828997602633121203,2370187977027294181708131613913039815021135436007832465948110833762663075869535206198863932101855183251733272653544945656017079309560327662609268935133771,37923007632436706907330105822608637040338166976125319455169773340202609213912563299181822913629682932027732362456719130496273268952965242601748302962145593,32,"[2, 3, 5, 7, 11, 13, 17, 19, 23, 29, 31, 37, 41, 43, 47, 53, 59, 61, 67, 71, 73, 79, 83, 89, 97, 101, 103, 107, 109, 113, 127, 131]","[4, 9, 25, 49, 121, 169, 289, 361, 529, 841, 961, 1369, 1681, 1849, 2209, 2809, 3481, 3721, 4489, 5041, 5329, 6241, 6889, 7921, 9409, 10201, 10609, 11449, 11881, 12769, 16129, 17161]",64,no_relation,0,0,0,no_relation,0,0,0,False,,,,True,True,0.0005328750121407211,False,False
1024,15,89884656743115795386465259539451236680898848947115328636715040578866337902750481566354238661203768010560056939935696678829394884407208311246423715319759769617349975294124399684914011358675059286551531161211123752267625188722416562245521814587450277113872248252591669846467597704799908855126932015622318633697,2370187977027294181708131613913039815021135436007832465948110833762663075869535206198863932101855183251733272653544945656017079309560327662609268935133771,37923007632436706907330105822608637040338166976125319455169773340202609213912563299181822913629682932027732362456719130496273268952965242601748302962146307,32,"[2, 3, 5, 7, 11, 13, 17, 19, 23, 29, 31, 37, 41, 43, 47, 53, 59, 61, 67, 71, 73, 79, 83, 89, 97, 101, 103, 107, 109, 113, 127, 131]","[4, 9, 25, 49, 121, 169, 289, 361, 529, 841, 961, 1369, 1681, 1849, 2209, 2809, 3481, 3721, 4489, 5041, 5329, 6241, 6889, 7921, 9409, 10201, 10609, 11449, 11881, 12769, 16129, 17161]",64,no_relation,0,0,0,no_relation,0,0,0,False,,,,True,True,0.0005275419971439987,False,False
1024,16,89884656743115795386465259539451236680898848947115328636715040578866337902750481566354238661203768010560056939935696678829394884407208311246423715319761547258332745764760680783624446138536325138128537035560584835392947186029318713650170962536526668501311048207081828555709610514282079100873888967323668961947,2370187977027294181708131613913039815021135436007832465948110833762663075869535206198863932101855183251733272653544945656017079309560327662609268935133771,37923007632436706907330105822608637040338166976125319455169773340202609213912563299181822913629682932027732362456719130496273268952965242601748302962147057,32,"[2, 3, 5, 7, 11, 13, 17, 19, 23, 29, 31, 37, 41, 43, 47, 53, 59, 61, 67, 71, 73, 79, 83, 89, 97, 101, 103, 107, 109, 113, 127, 131]","[4, 9, 25, 49, 121, 169, 289, 361, 529, 841, 961, 1369, 1681, 1849, 2209, 2809, 3481, 3721, 4489, 5041, 5329, 6241, 6889, 7921, 9409, 10201, 10609, 11449, 11881, 12769, 16129, 17161]",64,no_relation,0,0,0,no_relation,0,0,0,False,,,,True,True,0.0005286670057103038,False,False
1024,17,89884656743115795386465259539451236680898848947115328636715040578866337902750481566354238661203768010560056939935696678829394884407208311246423715319761651546603734965704675941415458312288186068087721380189086552269632743204656973199243712549539150129374124471078584533318475265771699755291043775156814847871,2370187977027294181708131613913039815021135436007832465948110833762663075869535206198863932101855183251733272653544945656017079309560327662609268935133771,37923007632436706907330105822608637040338166976125319455169773340202609213912563299181822913629682932027732362456719130496273268952965242601748302962147101,32,"[2, 3, 5, 7, 11, 13, 17, 19, 23, 29, 31, 37, 41, 43, 47, 53, 59, 61, 67, 71, 73, 79, 83, 89, 97, 101, 103, 107, 109, 113, 127, 131]","[4, 9, 25, 49, 121, 169, 289, 361, 529, 841, 961, 1369, 1681, 1849, 2209, 2809, 3481, 3721, 4489, 5041, 5329, 6241, 6889, 7921, 9409, 10201, 10609, 11449, 11881, 12769, 16129, 17161]",64,no_relation,0,0,0,no_relation,0,0,0,False,,,,True,True,0.0005266250227577984,False,False
1024,18,89884656743115795386465259539451236680898848947115328636715040578866337902750481566354238661203768010560056939935696678829394884407208311246423715319762542737283097228316998198902289615258634015011660325196283041943127504521183918436774485388009447678276776181596317432885137687592094438492184860276425145767,2370187977027294181708131613913039815021135436007832465948110833762663075869535206198863932101855183251733272653544945656017079309560327662609268935133771,37923007632436706907330105822608637040338166976125319455169773340202609213912563299181822913629682932027732362456719130496273268952965242601748302962147477,32,"[2, 3, 5, 7, 11, 13, 17, 19, 23, 29, 31, 37, 41, 43, 47, 53, 59, 61, 67, 71, 73, 79, 83, 89, 97, 101, 103, 107, 109, 113, 127, 131]","[4, 9, 25, 49, 121, 169, 289, 361, 529, 841, 961, 1369, 1681, 1849, 2209, 2809, 3481, 3721, 4489, 5041, 5329, 6241, 6889, 7921, 9409, 10201, 10609, 11449, 11881, 12769, 16129, 17161]",64,no_relation,0,0,0,no_relation,0,0,0,False,,,,True,True,0.0005249590030871332,False,False
1024,19,89884656743115795386465259539451236680898848947115328636715040578866337902750481566354238661203768010560056939935696678829394884407208311246423715319762817679088432394442076342169503527877176466722237233762333022799843973437984784520693553604133262879533977241224128646581235668792003436501047535472900663203,2370187977027294181708131613913039815021135436007832465948110833762663075869535206198863932101855183251733272653544945656017079309560327662609268935133771,37923007632436706907330105822608637040338166976125319455169773340202609213912563299181822913629682932027732362456719130496273268952965242601748302962147593,32,"[2, 3, 5, 7, 11, 13, 17, 19, 23, 29, 31, 37, 41, 43, 47, 53, 59, 61, 67, 71, 73, 79, 83, 89, 97, 101, 103, 107, 109, 113, 127, 131]","[4, 9, 25, 49, 121, 169, 289, 361, 529, 841, 961, 1369, 1681, 1849, 2209, 2809, 3481, 3721, 4489, 5041, 5329, 6241, 6889, 7921, 9409, 10201, 10609, 11449, 11881, 12769, 16129, 17161]",64,no_relation,0,0,0,no_relation,0,0,0,False,,,,True,True,0.000522000016644597,False,False
1024,20,89884656743115795386465259539451236680898848947115328636715040578866337902750481566354238661203768010560056939935696678829394884407208311246423715319764524214431892046252906196931520916543991684236162873137815662600153090852610849869156735635246598611475225197534681007453567965894886872418126209106196978323,2370187977027294181708131613913039815021135436007832465948110833762663075869535206198863932101855183251733272653544945656017079309560327662609268935133771,37923007632436706907330105822608637040338166976125319455169773340202609213912563299181822913629682932027732362456719130496273268952965242601748302962148313,32,"[2, 3, 5, 7, 11, 13, 17, 19, 23, 29, 31, 37, 41, 43, 47, 53, 59, 61, 67, 71, 73, 79, 83, 89, 97, 101, 103, 107, 109, 113, 127, 131]","[4, 9, 25, 49, 121, 169, 289, 361, 529, 841, 961, 1369, 1681, 1849, 2209, 2809, 3481, 3721, 4489, 5041, 5329, 6241, 6889, 7921, 9409, 10201, 10609, 11449, 11881, 12769, 16129, 17161]",64,no_relation,0,0,0,no_relation,0,0,0,False,,,,True,True,0.0005357079789973795,False,False
1024,21,89884656743115795386465259539451236680898848947115328636715040578866337902750481566354238661203768010560056939935696678829394884407208311246423715319764865521500583976615072167883924394277354727738948001012912190560214914335536062938849372041469265757863474788796791479628034425315463559601541943832856241347,2370187977027294181708131613913039815021135436007832465948110833762663075869535206198863932101855183251733272653544945656017079309560327662609268935133771,37923007632436706907330105822608637040338166976125319455169773340202609213912563299181822913629682932027732362456719130496273268952965242601748302962148457,32,"[2, 3, 5, 7, 11, 13, 17, 19, 23, 29, 31, 37, 41, 43, 47, 53, 59, 61, 67, 71, 73, 79, 83, 89, 97, 101, 103, 107, 109, 113, 127, 131]","[4, 9, 25, 49, 121, 169, 289, 361, 529, 841, 961, 1369, 1681, 1849, 2209, 2809, 3481, 3721, 4489, 5041, 5329, 6241, 6889, 7921, 9409, 10201, 10609, 11449, 11881, 12769, 16129, 17161]",64,no_relation,0,0,0,no_relation,0,0,0,False,,,,True,True,0.0005461669934447855,False,False
1024,22,89884656743115795386465259539451236680898848947115328636715040578866337902750481566354238661203768010560056939935696678829394884407208311246423715319767164603838300451971329055549420042897925229111875598504881858068964697519129512088862270055608065285617656063270730076914370992245737077434272934699935999217,2370187977027294181708131613913039815021135436007832465948110833762663075869535206198863932101855183251733272653544945656017079309560327662609268935133771,37923007632436706907330105822608637040338166976125319455169773340202609213912563299181822913629682932027732362456719130496273268952965242601748302962149427,32,"[2, 3, 5, 7, 11, 13, 17, 19, 23, 29, 31, 37, 41, 43, 47, 53, 59, 61, 67, 71, 73, 79, 83, 89, 97, 101, 103, 107, 109, 113, 127, 131]","[4, 9, 25, 49, 121, 169, 289, 361, 529, 841, 961, 1369, 1681, 1849, 2209, 2809, 3481, 3721, 4489, 5041, 5329, 6241, 6889, 7921, 9409, 10201, 10609, 11449, 11881, 12769, 16129, 17161]",64,no_relation,0,0,0,no_relation,0,0,0,False,,,,True,True,0.0005307080282364041,False,False
1024,23,89884656743115795386465259539451236680898848947115328636715040578866337902750481566354238661203768010560056939935696678829394884407208311246423715319767889881359270803990931743823277433081321696555293995239461979984096072420345589861959122418831232971692686444702714830285112218514462537699031370994086933143,2370187977027294181708131613913039815021135436007832465948110833762663075869535206198863932101855183251733272653544945656017079309560327662609268935133771,37923007632436706907330105822608637040338166976125319455169773340202609213912563299181822913629682932027732362456719130496273268952965242601748302962149733,32,"[2, 3, 5, 7, 11, 13, 17, 19, 23, 29, 31, 37, 41, 43, 47, 53, 59, 61, 67, 71, 73, 79, 83, 89, 97, 101, 103, 107, 109, 113, 127, 131]","[4, 9, 25, 49, 121, 169, 289, 361, 529, 841, 961, 1369, 1681, 1849, 2209, 2809, 3481, 3721, 4489, 5041, 5329, 6241, 6889, 7921, 9409, 10201, 10609, 11449, 11881, 12769, 16129, 17161]",64,no_relation,0,0,0,no_relation,0,0,0,False,,,,True,True,0.0005377499910537153,False,False
1024,24,89884656743115795386465259539451236680898848947115328636715040578866337902750481566354238661203768010560056939935696678829394884407208311246423715319768520351361160064243266106832578301672117318581272078675404177465876940798526886226808020224770326450437647495228557785829612761610805584857285436530832516229,2370187977027294181708131613913039815021135436007832465948110833762663075869535206198863932101855183251733272653544945656017079309560327662609268935133771,37923007632436706907330105822608637040338166976125319455169773340202609213912563299181822913629682932027732362456719130496273268952965242601748302962149999,32,"[2, 3, 5, 7, 11, 13, 17, 19, 23, 29, 31, 37, 41, 43, 47, 53, 59, 61, 67, 71, 73, 79, 83, 89, 97, 101, 103, 107, 109, 113, 127, 131]","[4, 9, 25, 49, 121, 169, 289, 361, 529, 841, 961, 1369, 1681, 1849, 2209, 2809, 3481, 3721, 4489, 5041, 5329, 6241, 6889, 7921, 9409, 10201, 10609, 11449, 11881, 12769, 16129, 17161]",64,no_relation,0,0,0,no_relation,0,0,0,False,,,,True,True,0.0005263749917503446,False,False
1024,25,89884656743115795386465259539451236680898848947115328636715040578866337902750481566354238661203768010560056939935696678829394884407208311246423715319769658041590133165450486010007256560783327463590555838259059270666083019074944263125783474912179216938398479466102259359744500959679394542135337885619696726309,2370187977027294181708131613913039815021135436007832465948110833762663075869535206198863932101855183251733272653544945656017079309560327662609268935133771,37923007632436706907330105822608637040338166976125319455169773340202609213912563299181822913629682932027732362456719130496273268952965242601748302962150479,32,"[2, 3, 5, 7, 11, 13, 17, 19, 23, 29, 31, 37, 41, 43, 47, 53, 59, 61, 67, 71, 73, 79, 83, 89, 97, 101, 103, 107, 109, 113, 127, 131]","[4, 9, 25, 49, 121, 169, 289, 361, 529, 841, 961, 1369, 1681, 1849, 2209, 2809, 3481, 3721, 4489, 5041, 5329, 6241, 6889, 7921, 9409, 10201, 10609, 11449, 11881, 12769, 16129, 17161]",64,no_relation,0,0,0,no_relation,0,0,0,False,,,,True,True,0.0005258750170469284,False,False
1024,26,89884656743115795386465259539451236680898848947115328636715040578866337902750481566354238661203768010560056939935696678829394884407208311246423715319771279250166419834670774372031173080016801920228785195665767778476376680618839025206823497841736885883742665024597284102573216641927133806256562625571328225673,2370187977027294181708131613913039815021135436007832465948110833762663075869535206198863932101855183251733272653544945656017079309560327662609268935133771,37923007632436706907330105822608637040338166976125319455169773340202609213912563299181822913629682932027732362456719130496273268952965242601748302962151163,32,"[2, 3, 5, 7, 11, 13, 17, 19, 23, 29, 31, 37, 41, 43, 47, 53, 59, 61, 67, 71, 73, 79, 83, 89, 97, 101, 103, 107, 109, 113, 127, 131]","[4, 9, 25, 49, 121, 169, 289, 361, 529, 841, 961, 1369, 1681, 1849, 2209, 2809, 3481, 3721, 4489, 5041, 5329, 6241, 6889, 7921, 9409, 10201, 10609, 11449, 11881, 12769, 16129, 17161]",64,no_relation,0,0,0,no_relation,0,0,0,False,,,,True,True,0.000525541981915012,False,False
1024,27,89884656743115795386465259539451236680898848947115328636715040578866337902750481566354238661203768010560056939935696678829394884407208311246423715319772497526786611863880172351680724382481722783842893221553265107444930689439835966302809713902837239447934055926741206204640409420692247814675143789803986983967,2370187977027294181708131613913039815021135436007832465948110833762663075869535206198863932101855183251733272653544945656017079309560327662609268935133771,37923007632436706907330105822608637040338166976125319455169773340202609213912563299181822913629682932027732362456719130496273268952965242601748302962151677,32,"[2, 3, 5, 7, 11, 13, 17, 19, 23, 29, 31, 37, 41, 43, 47, 53, 59, 61, 67, 71, 73, 79, 83, 89, 97, 101, 103, 107, 109, 113, 127, 131]","[4, 9, 25, 49, 121, 169, 289, 361, 529, 841, 961, 1369, 1681, 1849, 2209, 2809, 3481, 3721, 4489, 5041, 5329, 6241, 6889, 7921, 9409, 10201, 10609, 11449, 11881, 12769, 16129, 17161]",64,no_relation,0,0,0,no_relation,0,0,0,False,,,,True,True,0.0005260840116534382,False,False
1024,28,89884656743115795386465259539451236680898848947115328636715040578866337902750481566354238661203768010560056939935696678829394884407208311246423715319772857795359120012595791987686039164533605996429166412088089220291662614227368135654151941220516721435788319384184545036380124016747300984479860398682127317159,2370187977027294181708131613913039815021135436007832465948110833762663075869535206198863932101855183251733272653544945656017079309560327662609268935133771,37923007632436706907330105822608637040338166976125319455169773340202609213912563299181822913629682932027732362456719130496273268952965242601748302962151829,32,"[2, 3, 5, 7, 11, 13, 17, 19, 23, 29, 31, 37, 41, 43, 47, 53, 59, 61, 67, 71, 73, 79, 83, 89, 97, 101, 103, 107, 109, 113, 127, 131]","[4, 9, 25, 49, 121, 169, 289, 361, 529, 841, 961, 1369, 1681, 1849, 2209, 2809, 3481, 3721, 4489, 5041, 5329, 6241, 6889, 7921, 9409, 10201, 10609, 11449, 11881, 12769, 16129, 17161]",64,no_relation,0,0,0,no_relation,0,0,0,False,,,,True,True,0.0005257090087980032,False,False
1024,29,89884656743115795386465259539451236680898848947115328636715040578866337902750481566354238661203768010560056939935696678829394884407208311246423715319773000006637741650246694475582873946922507264555326882036046106941688374011920307766523873056442832746783423380543757733119485041505874604139616954818235343419,2370187977027294181708131613913039815021135436007832465948110833762663075869535206198863932101855183251733272653544945656017079309560327662609268935133771,37923007632436706907330105822608637040338166976125319455169773340202609213912563299181822913629682932027732362456719130496273268952965242601748302962151889,32,"[2, 3, 5, 7, 11, 13, 17, 19, 23, 29, 31, 37, 41, 43, 47, 53, 59, 61, 67, 71, 73, 79, 83, 89, 97, 101, 103, 107, 109, 113, 127, 131]","[4, 9, 25, 49, 121, 169, 289, 361, 529, 841, 961, 1369, 1681, 1849, 2209, 2809, 3481, 3721, 4489, 5041, 5329, 6241, 6889, 7921, 9409, 10201, 10609, 11449, 11881, 12769, 16129, 17161]",64,no_relation,0,0,0,no_relation,0,0,0,False,,,,True,True,0.0005262909980956465,False,False
1024,30,89884656743115795386465259539451236680898848947115328636715040578866337902750481566354238661203768010560056939935696678829394884407208311246423715319773199102427811942957957958638442642266969039931951539963185748251724437710293348723844577626739388582176568975446655508554590476167877671663276133408786580183,2370187977027294181708131613913039815021135436007832465948110833762663075869535206198863932101855183251733272653544945656017079309560327662609268935133771,37923007632436706907330105822608637040338166976125319455169773340202609213912563299181822913629682932027732362456719130496273268952965242601748302962151973,32,"[2, 3, 5, 7, 11, 13, 17, 19, 23, 29, 31, 37, 41, 43, 47, 53, 59, 61, 67, 71, 73, 79, 83, 89, 97, 101, 103, 107, 109, 113, 127, 131]","[4, 9, 25, 49, 121, 169, 289, 361, 529, 841, 961, 1369, 1681, 1849, 2209, 2809, 3481, 3721, 4489, 5041, 5329, 6241, 6889, 7921, 9409, 10201, 10609, 11449, 11881, 12769, 16129, 17161]",64,no_relation,0,0,0,no_relation,0,0,0,False,,,,True,True,0.0005207920039538294,False,False
1024,31,89884656743115795386465259539451236680898848947115328636715040578866337902750481566354238661203768010560056939935696678829394884407208311246423715319773336573330479526020497030272049598576240265787239994246210738680082672168693781765804111734801296182805169505260561115402639466767832170667707471007024338901,2370187977027294181708131613913039815021135436007832465948110833762663075869535206198863932101855183251733272653544945656017079309560327662609268935133771,37923007632436706907330105822608637040338166976125319455169773340202609213912563299181822913629682932027732362456719130496273268952965242601748302962152031,32,"[2, 3, 5, 7, 11, 13, 17, 19, 23, 29, 31, 37, 41, 43, 47, 53, 59, 61, 67, 71, 73, 79, 83, 89, 97, 101, 103, 107, 109, 113, 127, 131]","[4, 9, 25, 49, 121, 169, 289, 361, 529, 841, 961, 1369, 1681, 1849, 2209, 2809, 3481, 3721, 4489, 5041, 5329, 6241, 6889, 7921, 9409, 10201, 10609, 11449, 11881, 12769, 16129, 17161]",64,no_relation,0,0,0,no_relation,0,0,0,False,,,,True,True,0.0005742909852415323,False,False
1024,32,89884656743115795386465259539451236680898848947115328636715040578866337902750481566354238661203768010560056939935696678829394884407208311246423715319773421900097652508611038523010150468009581026662936276214984870670098128039425085033227270836356962969402231903076088733446256081622976342463561404688689154657,2370187977027294181708131613913039815021135436007832465948110833762663075869535206198863932101855183251733272653544945656017079309560327662609268935133771,37923007632436706907330105822608637040338166976125319455169773340202609213912563299181822913629682932027732362456719130496273268952965242601748302962152067,32,"[2, 3, 5, 7, 11, 13, 17, 19, 23, 29, 31, 37, 41, 43, 47, 53, 59, 61, 67, 71, 73, 79, 83, 89, 97, 101, 103, 107, 109, 113, 127, 131]","[4, 9, 25, 49, 121, 169, 289, 361, 529, 841, 961, 1369, 1681, 1849, 2209, 2809, 3481, 3721, 4489, 5041, 5329, 6241, 6889, 7921, 9409, 10201, 10609, 11449, 11881, 12769, 16129, 17161]",64,no_relation,0,0,0,no_relation,0,0,0,False,,,,True,True,0.0005496669909916818,False,False
1024,33,89884656743115795386465259539451236680898848947115328636715040578866337902750481566354238661203768010560056939935696678829394884407208311246423715319774004966340001222979738723387173075804076225980194203001608105935203743156088990693952191363654019344482158288148860790077636283133128183068563284846732062323,2370187977027294181708131613913039815021135436007832465948110833762663075869535206198863932101855183251733272653544945656017079309560327662609268935133771,37923007632436706907330105822608637040338166976125319455169773340202609213912563299181822913629682932027732362456719130496273268952965242601748302962152313,32,"[2, 3, 5, 7, 11, 13, 17, 19, 23, 29, 31, 37, 41, 43, 47, 53, 59, 61, 67, 71, 73, 79, 83, 89, 97, 101, 103, 107, 109, 113, 127, 131]","[4, 9, 25, 49, 121, 169, 289, 361, 529, 841, 961, 1369, 1681, 1849, 2209, 2809, 3481, 3721, 4489, 5041, 5329, 6241, 6889, 7921, 9409, 10201, 10609, 11449, 11881, 12769, 16129, 17161]",64,no_relation,0,0,0,no_relation,0,0,0,False,,,,True,True,0.0005379170179367065,False,False
1024,34,89884656743115795386465259539451236680898848947115328636715040578866337902750481566354238661203768010560056939935696678829394884407208311246423715319774820311004098612178246320662359161500443496570180897369894256062018099254188110804884600556297057527520754533941680251383306158415616935784500873360418079547,2370187977027294181708131613913039815021135436007832465948110833762663075869535206198863932101855183251733272653544945656017079309560327662609268935133771,37923007632436706907330105822608637040338166976125319455169773340202609213912563299181822913629682932027732362456719130496273268952965242601748302962152657,32,"[2, 3, 5, 7, 11, 13, 17, 19, 23, 29, 31, 37, 41, 43, 47, 53, 59, 61, 67, 71, 73, 79, 83, 89, 97, 101, 103, 107, 109, 113, 127, 131]","[4, 9, 25, 49, 121, 169, 289, 361, 529, 841, 961, 1369, 1681, 1849, 2209, 2809, 3481, 3721, 4489, 5041, 5329, 6241, 6889, 7921, 9409, 10201, 10609, 11449, 11881, 12769, 16129, 17161]",64,no_relation,0,0,0,no_relation,0,0,0,False,,,,True,True,0.0005339999916031957,False,False
1024,35,89884656743115795386465259539451236680898848947115328636715040578866337902750481566354238661203768010560056939935696678829394884407208311246423715319774877195515547267238607315821093074456004003820645085349077010722028403168008979649833373290667502051918796132485365330079050568319046383648403495814861290051,2370187977027294181708131613913039815021135436007832465948110833762663075869535206198863932101855183251733272653544945656017079309560327662609268935133771,37923007632436706907330105822608637040338166976125319455169773340202609213912563299181822913629682932027732362456719130496273268952965242601748302962152681,32,"[2, 3, 5, 7, 11, 13, 17, 19, 23, 29, 31, 37, 41, 43, 47, 53, 59, 61, 67, 71, 73, 79, 83, 89, 97, 101, 103, 107, 109, 113, 127, 131]","[4, 9, 25, 49, 121, 169, 289, 361, 529, 841, 961, 1369, 1681, 1849, 2209, 2809, 3481, 3721, 4489, 5041, 5329, 6241, 6889, 7921, 9409, 10201, 10609, 11449, 11881, 12769, 16129, 17161]",64,no_relation,0,0,0,no_relation,0,0,0,False,,,,True,True,0.0005322090000845492,False,False
1024,36,89884656743115795386465259539451236680898848947115328636715040578866337902750481566354238661203768010560056939935696678829394884407208311246423715319775939039729255495032012558784126116293133472495976594293821764375554076225998531422210464332249133174015572638634153465732946219849729410441252448297801219459,2370187977027294181708131613913039815021135436007832465948110833762663075869535206198863932101855183251733272653544945656017079309560327662609268935133771,37923007632436706907330105822608637040338166976125319455169773340202609213912563299181822913629682932027732362456719130496273268952965242601748302962153129,32,"[2, 3, 5, 7, 11, 13, 17, 19, 23, 29, 31, 37, 41, 43, 47, 53, 59, 61, 67, 71, 73, 79, 83, 89, 97, 101, 103, 107, 109, 113, 127, 131]","[4, 9, 25, 49, 121, 169, 289, 361, 529, 841, 961, 1369, 1681, 1849, 2209, 2809, 3481, 3721, 4489, 5041, 5329, 6241, 6889, 7921, 9409, 10201, 10609, 11449, 11881, 12769, 16129, 17161]",64,no_relation,0,0,0,no_relation,0,0,0,False,,,,True,True,0.0005297499883454293,False,False
1024,37,89884656743115795386465259539451236680898848947115328636715040578866337902750481566354238661203768010560056939935696678829394884407208311246423715319776038587624290641387644300311910463965364360184288923257391585030572108075185051900870816617397411091712145436085602353450498937180730944203082037593076837841,2370187977027294181708131613913039815021135436007832465948110833762663075869535206198863932101855183251733272653544945656017079309560327662609268935133771,37923007632436706907330105822608637040338166976125319455169773340202609213912563299181822913629682932027732362456719130496273268952965242601748302962153171,32,"[2, 3, 5, 7, 11, 13, 17, 19, 23, 29, 31, 37, 41, 43, 47, 53, 59, 61, 67, 71, 73, 79, 83, 89, 97, 101, 103, 107, 109, 113, 127, 131]","[4, 9, 25, 49, 121, 169, 289, 361, 529, 841, 961, 1369, 1681, 1849, 2209, 2809, 3481, 3721, 4489, 5041, 5329, 6241, 6889, 7921, 9409, 10201, 10609, 11449, 11881, 12769, 16129, 17161]",64,no_relation,0,0,0,no_relation,0,0,0,False,,,,True,True,0.0005310419946908951,False,False
1024,38,89884656743115795386465259539451236680898848947115328636715040578866337902750481566354238661203768010560056939935696678829394884407208311246423715319777323229507839434834130107646651331545105815590605168453935461102471471462306339982630600868596616601034584869863823713996060194166512641796216261355919341723,2370187977027294181708131613913039815021135436007832465948110833762663075869535206198863932101855183251733272653544945656017079309560327662609268935133771,37923007632436706907330105822608637040338166976125319455169773340202609213912563299181822913629682932027732362456719130496273268952965242601748302962153713,32,"[2, 3, 5, 7, 11, 13, 17, 19, 23, 29, 31, 37, 41, 43, 47, 53, 59, 61, 67, 71, 73, 79, 83, 89, 97, 101, 103, 107, 109, 113, 127, 131]","[4, 9, 25, 49, 121, 169, 289, 361, 529, 841, 961, 1369, 1681, 1849, 2209, 2809, 3481, 3721, 4489, 5041, 5329, 6241, 6889, 7921, 9409, 10201, 10609, 11449, 11881, 12769, 16129, 17161]",64,no_relation,0,0,0,no_relation,0,0,0,False,,,,True,True,0.000529499986441806,False,False
1024,39,89884656743115795386465259539451236680898848947115328636715040578866337902750481566354238661203768010560056939935696678829394884407208311246423715319777688238456301638138113159915193939676619070447750374653691470170870921575990248404385225914140302299255351793852469635627086824380184932256258088771929942457,2370187977027294181708131613913039815021135436007832465948110833762663075869535206198863932101855183251733272653544945656017079309560327662609268935133771,37923007632436706907330105822608637040338166976125319455169773340202609213912563299181822913629682932027732362456719130496273268952965242601748302962153867,32,"[2, 3, 5, 7, 11, 13, 17, 19, 23, 29, 31, 37, 41, 43, 47, 53, 59, 61, 67, 71, 73, 79, 83, 89, 97, 101, 103, 107, 109, 113, 127, 131]","[4, 9, 25, 49, 121, 169, 289, 361, 529, 841, 961, 1369, 1681, 1849, 2209, 2809, 3481, 3721, 4489, 5041, 5329, 6241, 6889, 7921, 9409, 10201, 10609, 11449, 11881, 12769, 16129, 17161]",64,no_relation,0,0,0,no_relation,0,0,0,False,,,,True,True,0.0005255409923847765,False,False
1024,40,89884656743115795386465259539451236680898848947115328636715040578866337902750481566354238661203768010560056939935696678829394884407208311246423715319737115360665548416335633362948230524123087274054168298501591708918521655043255544744673073124420745272352181632569087255887386460759131243327712623140305923559,2370187977027294181708131613913039815021135436007832465948110833762663075869535206198863932101855183251733272653544945656017079309560327662609268935134179,37923007632436706907330105822608637040338166976125319455169773340202609213912563299181822913629682932027732362456719130496273268952965242601748302962130221,32,"[2, 3, 5, 7, 11, 13, 17, 19, 23, 29, 31, 37, 41, 43, 47, 53, 59, 61, 67, 71, 73, 79, 83, 89, 97, 101, 103, 107, 109, 113, 127, 131]","[4, 9, 25, 49, 121, 169, 289, 361, 529, 841, 961, 1369, 1681, 1849, 2209, 2809, 3481, 3721, 4489, 5041, 5329, 6241, 6889, 7921, 9409, 10201, 10609, 11449, 11881, 12769, 16129, 17161]",64,no_relation,0,0,0,no_relation,0,0,0,False,,,,True,True,0.0005280420009512454,False,False
1024,41,89884656743115795386465259539451236680898848947115328636715040578866337902750481566354238661203768010560056939935696678829394884407208311246423715319737328677583480872811987094793482697706439176243409003423527038893560294720083802913230970878309912238844837627107906300996427997896991672817347457344467999669,2370187977027294181708131613913039815021135436007832465948110833762663075869535206198863932101855183251733272653544945656017079309560327662609268935134179,37923007632436706907330105822608637040338166976125319455169773340202609213912563299181822913629682932027732362456719130496273268952965242601748302962130311,32,"[2, 3, 5, 7, 11, 13, 17, 19, 23, 29, 31, 37, 41, 43, 47, 53, 59, 61, 67, 71, 73, 79, 83, 89, 97, 101, 103, 107, 109, 113, 127, 131]","[4, 9, 25, 49, 121, 169, 289, 361, 529, 841, 961, 1369, 1681, 1849, 2209, 2809, 3481, 3721, 4489, 5041, 5329, 6241, 6889, 7921, 9409, 10201, 10609, 11449, 11881, 12769, 16129, 17161]",64,no_relation,0,0,0,no_relation,0,0,0,False,,,,True,True,0.0005297920142766088,False,False
1024,42,89884656743115795386465259539451236680898848947115328636715040578866337902750481566354238661203768010560056939935696678829394884407208311246423715319737546734877367383876704242901962697369421120703521724010394265090266459723063800152201266360063282915703997088192032435996781569193471222962307510086500344137,2370187977027294181708131613913039815021135436007832465948110833762663075869535206198863932101855183251733272653544945656017079309560327662609268935134179,37923007632436706907330105822608637040338166976125319455169773340202609213912563299181822913629682932027732362456719130496273268952965242601748302962130403,32,"[2, 3, 5, 7, 11, 13, 17, 19, 23, 29, 31, 37, 41, 43, 47, 53, 59, 61, 67, 71, 73, 79, 83, 89, 97, 101, 103, 107, 109, 113, 127, 131]","[4, 9, 25, 49, 121, 169, 289, 361, 529, 841, 961, 1369, 1681, 1849, 2209, 2809, 3481, 3721, 4489, 5041, 5329, 6241, 6889, 7921, 9409, 10201, 10609, 11449, 11881, 12769, 16129, 17161]",64,no_relation,0,0,0,no_relation,0,0,0,False,,,,True,True,0.0005250830145087093,False,False
1024,43,89884656743115795386465259539451236680898848947115328636715040578866337902750481566354238661203768010560056939935696678829394884407208311246423715319737968628337278242241048290329239218456494882811131118189333028818676213750568577418904664139977413138322805610724363436323552609310572961286251959956954227999,2370187977027294181708131613913039815021135436007832465948110833762663075869535206198863932101855183251733272653544945656017079309560327662609268935134179,37923007632436706907330105822608637040338166976125319455169773340202609213912563299181822913629682932027732362456719130496273268952965242601748302962130581,32,"[2, 3, 5, 7, 11, 13, 17, 19, 23, 29, 31, 37, 41, 43, 47, 53, 59, 61, 67, 71, 73, 79, 83, 89, 97, 101, 103, 107, 109, 113, 127, 131]","[4, 9, 25, 49, 121, 169, 289, 361, 529, 841, 961, 1369, 1681, 1849, 2209, 2809, 3481, 3721, 4489, 5041, 5329, 6241, 6889, 7921, 9409, 10201, 10609, 11449, 11881, 12769, 16129, 17161]",64,no_relation,0,0,0,no_relation,0,0,0,False,,,,True,True,0.0005289579858072102,False,False
1024,44,89884656743115795386465259539451236680898848947115328636715040578866337902750481566354238661203768010560056939935696678829394884407208311246423715319739039953302894579211180365818727912452884436028206658463941574915536937460861607332106550637287451681152589049963765751760072329158494229389751349515634876907,2370187977027294181708131613913039815021135436007832465948110833762663075869535206198863932101855183251733272653544945656017079309560327662609268935134179,37923007632436706907330105822608637040338166976125319455169773340202609213912563299181822913629682932027732362456719130496273268952965242601748302962131033,32,"[2, 3, 5, 7, 11, 13, 17, 19, 23, 29, 31, 37, 41, 43, 47, 53, 59, 61, 67, 71, 73, 79, 83, 89, 97, 101, 103, 107, 109, 113, 127, 131]","[4, 9, 25, 49, 121, 169, 289, 361, 529, 841, 961, 1369, 1681, 1849, 2209, 2809, 3481, 3721, 4489, 5041, 5329, 6241, 6889, 7921, 9409, 10201, 10609, 11449, 11881, 12769, 16129, 17161]",64,no_relation,0,0,0,no_relation,0,0,0,False,,,,True,True,0.0005290829867590219,False,False
1024,45,89884656743115795386465259539451236680898848947115328636715040578866337902750481566354238661203768010560056939935696678829394884407208311246423715319739182164581516216862082853715562694841785704154367128411898461565562697245413779444478482473213562992147693046322978448499433353917067849049507905651742927647,2370187977027294181708131613913039815021135436007832465948110833762663075869535206198863932101855183251733272653544945656017079309560327662609268935134179,37923007632436706907330105822608637040338166976125319455169773340202609213912563299181822913629682932027732362456719130496273268952965242601748302962131093,32,"[2, 3, 5, 7, 11, 13, 17, 19, 23, 29, 31, 37, 41, 43, 47, 53, 59, 61, 67, 71, 73, 79, 83, 89, 97, 101, 103, 107, 109, 113, 127, 131]","[4, 9, 25, 49, 121, 169, 289, 361, 529, 841, 961, 1369, 1681, 1849, 2209, 2809, 3481, 3721, 4489, 5041, 5329, 6241, 6889, 7921, 9409, 10201, 10609, 11449, 11881, 12769, 16129, 17161]",64,no_relation,0,0,0,no_relation,0,0,0,False,,,,True,True,0.0005275000003166497,False,False
1024,46,89884656743115795386465259539451236680898848947115328636715040578866337902750481566354238661203768010560056939935696678829394884407208311246423715319741443323911600255511432411275235734825315867360318600584412959300972277819793316031192198664438732836969846588434460326655273647578388401639637148215860934413,2370187977027294181708131613913039815021135436007832465948110833762663075869535206198863932101855183251733272653544945656017079309560327662609268935134179,37923007632436706907330105822608637040338166976125319455169773340202609213912563299181822913629682932027732362456719130496273268952965242601748302962132047,32,"[2, 3, 5, 7, 11, 13, 17, 19, 23, 29, 31, 37, 41, 43, 47, 53, 59, 61, 67, 71, 73, 79, 83, 89, 97, 101, 103, 107, 109, 113, 127, 131]","[4, 9, 25, 49, 121, 169, 289, 361, 529, 841, 961, 1369, 1681, 1849, 2209, 2809, 3481, 3721, 4489, 5041, 5329, 6241, 6889, 7921, 9409, 10201, 10609, 11449, 11881, 12769, 16129, 17161]",64,no_relation,0,0,0,no_relation,0,0,0,False,,,,True,True,0.0005263749917503446,False,False
1024,47,89884656743115795386465259539451236680898848947115328636715040578866337902750481566354238661203768010560056939935696678829394884407208311246423715319741452804663508364688159243801691386984575951902062631914276751744307328472096794172016994120167140257702853521525074506437897715895626642950287585291601471129,2370187977027294181708131613913039815021135436007832465948110833762663075869535206198863932101855183251733272653544945656017079309560327662609268935134179,37923007632436706907330105822608637040338166976125319455169773340202609213912563299181822913629682932027732362456719130496273268952965242601748302962132051,32,"[2, 3, 5, 7, 11, 13, 17, 19, 23, 29, 31, 37, 41, 43, 47, 53, 59, 61, 67, 71, 73, 79, 83, 89, 97, 101, 103, 107, 109, 113, 127, 131]","[4, 9, 25, 49, 121, 169, 289, 361, 529, 841, 961, 1369, 1681, 1849, 2209, 2809, 3481, 3721, 4489, 5041, 5329, 6241, 6889, 7921, 9409, 10201, 10609, 11449, 11881, 12769, 16129, 17161]",64,no_relation,0,0,0,no_relation,0,0,0,False,,,,True,True,0.0005288749816827476,False,False
1024,48,89884656743115795386465259539451236680898848947115328636715040578866337902750481566354238661203768010560056939935696678829394884407208311246423715319741907880755097605171047205071562690629060009905776135747738789024389759782663744931607175995130696452887186309874555136003852995123062225861508564927147233497,2370187977027294181708131613913039815021135436007832465948110833762663075869535206198863932101855183251733272653544945656017079309560327662609268935134179,37923007632436706907330105822608637040338166976125319455169773340202609213912563299181822913629682932027732362456719130496273268952965242601748302962132243,32,"[2, 3, 5, 7, 11, 13, 17, 19, 23, 29, 31, 37, 41, 43, 47, 53, 59, 61, 67, 71, 73, 79, 83, 89, 97, 101, 103, 107, 109, 113, 127, 131]","[4, 9, 25, 49, 121, 169, 289, 361, 529, 841, 961, 1369, 1681, 1849, 2209, 2809, 3481, 3721, 4489, 5041, 5329, 6241, 6889, 7921, 9409, 10201, 10609, 11449, 11881, 12769, 16129, 17161]",64,no_relation,0,0,0,no_relation,0,0,0,False,,,,True,True,0.0005254999850876629,False,False
1024,49,89884656743115795386465259539451236680898848947115328636715040578866337902750481566354238661203768010560056939935696678829394884407208311246423715319742490946997446319539747405448585298423555209223034062534362024289495374899327650592332096522427752827967112694947327192635233196633214066466510445085190241531,2370187977027294181708131613913039815021135436007832465948110833762663075869535206198863932101855183251733272653544945656017079309560327662609268935134179,37923007632436706907330105822608637040338166976125319455169773340202609213912563299181822913629682932027732362456719130496273268952965242601748302962132489,32,"[2, 3, 5, 7, 11, 13, 17, 19, 23, 29, 31, 37, 41, 43, 47, 53, 59, 61, 67, 71, 73, 79, 83, 89, 97, 101, 103, 107, 109, 113, 127, 131]","[4, 9, 25, 49, 121, 169, 289, 361, 529, 841, 961, 1369, 1681, 1849, 2209, 2809, 3481, 3721, 4489, 5041, 5329, 6241, 6889, 7921, 9409, 10201, 10609, 11449, 11881, 12769, 16129, 17161]",64,no_relation,0,0,0,no_relation,0,0,0,False,,,,True,True,0.0005296669842209667,False,False
1024,50,89884656743115795386465259539451236680898848947115328636715040578866337902750481566354238661203768010560056939935696678829394884407208311246423715319743448502940165346389157490620606166508823747939181226850605061066335490781978942815636437550996902322000812937099359350680264096674276438842204589734984449847,2370187977027294181708131613913039815021135436007832465948110833762663075869535206198863932101855183251733272653544945656017079309560327662609268935134179,37923007632436706907330105822608637040338166976125319455169773340202609213912563299181822913629682932027732362456719130496273268952965242601748302962132893,32,"[2, 3, 5, 7, 11, 13, 17, 19, 23, 29, 31, 37, 41, 43, 47, 53, 59, 61, 67, 71, 73, 79, 83, 89, 97, 101, 103, 107, 109, 113, 127, 131]","[4, 9, 25, 49, 121, 169, 289, 361, 529, 841, 961, 1369, 1681, 1849, 2209, 2809, 3481, 3721, 4489, 5041, 5329, 6241, 6889, 7921, 9409, 10201, 10609, 11449, 11881, 12769, 16129, 17161]",64,no_relation,0,0,0,no_relation,0,0,0,False,,,,True,True,0.0005224159976933151,False,False
1024,51,89884656743115795386465259539451236680898848947115328636715040578866337902750481566354238661203768010560056939935696678829394884407208311246423715319744060011438238388288038188576995730781099200881671247626819673661446257855553282898835744445479180959279760121443973946659516503136143003379157781120249068029,2370187977027294181708131613913039815021135436007832465948110833762663075869535206198863932101855183251733272653544945656017079309560327662609268935134179,37923007632436706907330105822608637040338166976125319455169773340202609213912563299181822913629682932027732362456719130496273268952965242601748302962133151,32,"[2, 3, 5, 7, 11, 13, 17, 19, 23, 29, 31, 37, 41, 43, 47, 53, 59, 61, 67, 71, 73, 79, 83, 89, 97, 101, 103, 107, 109, 113, 127, 131]","[4, 9, 25, 49, 121, 169, 289, 361, 529, 841, 961, 1369, 1681, 1849, 2209, 2809, 3481, 3721, 4489, 5041, 5329, 6241, 6889, 7921, 9409, 10201, 10609, 11449, 11881, 12769, 16129, 17161]",64,no_relation,0,0,0,no_relation,0,0,0,False,,,,True,True,0.0005232499970588833,False,False
1024,52,89884656743115795386465259539451236680898848947115328636715040578866337902750481566354238661203768010560056939935696678829394884407208311246423715319744083713318008661229855269893134861179249412236031325951479154769783884486311978250897733084800199511112277454170509396116076673929238606655783873809600409819,2370187977027294181708131613913039815021135436007832465948110833762663075869535206198863932101855183251733272653544945656017079309560327662609268935134179,37923007632436706907330105822608637040338166976125319455169773340202609213912563299181822913629682932027732362456719130496273268952965242601748302962133161,32,"[2, 3, 5, 7, 11, 13, 17, 19, 23, 29, 31, 37, 41, 43, 47, 53, 59, 61, 67, 71, 73, 79, 83, 89, 97, 101, 103, 107, 109, 113, 127, 131]","[4, 9, 25, 49, 121, 169, 289, 361, 529, 841, 961, 1369, 1681, 1849, 2209, 2809, 3481, 3721, 4489, 5041, 5329, 6241, 6889, 7921, 9409, 10201, 10609, 11449, 11881, 12769, 16129, 17161]",64,no_relation,0,0,0,no_relation,0,0,0,False,,,,True,True,0.0005223750195000321,False,False
1024,53,89884656743115795386465259539451236680898848947115328636715040578866337902750481566354238661203768010560056939935696678829394884407208311246423715319744169040085181643820396762631235730612590173111727607920253286759799340357043281518320892186355866297709339851986037014159693288784382778451637807491265240263,2370187977027294181708131613913039815021135436007832465948110833762663075869535206198863932101855183251733272653544945656017079309560327662609268935134179,37923007632436706907330105822608637040338166976125319455169773340202609213912563299181822913629682932027732362456719130496273268952965242601748302962133197,32,"[2, 3, 5, 7, 11, 13, 17, 19, 23, 29, 31, 37, 41, 43, 47, 53, 59, 61, 67, 71, 73, 79, 83, 89, 97, 101, 103, 107, 109, 113, 127, 131]","[4, 9, 25, 49, 121, 169, 289, 361, 529, 841, 961, 1369, 1681, 1849, 2209, 2809, 3481, 3721, 4489, 5041, 5329, 6241, 6889, 7921, 9409, 10201, 10609, 11449, 11881, 12769, 16129, 17161]",64,no_relation,0,0,0,no_relation,0,0,0,False,,,,True,True,0.0005234580021351576,False,False
1024,54,89884656743115795386465259539451236680898848947115328636715040578866337902750481566354238661203768010560056939935696678829394884407208311246423715319744173780461135698408760178894463556692220215382599623585185182981466865683195020588733289914220070008075843318531344104051005322943001899106963026029135508621,2370187977027294181708131613913039815021135436007832465948110833762663075869535206198863932101855183251733272653544945656017079309560327662609268935134179,37923007632436706907330105822608637040338166976125319455169773340202609213912563299181822913629682932027732362456719130496273268952965242601748302962133199,32,"[2, 3, 5, 7, 11, 13, 17, 19, 23, 29, 31, 37, 41, 43, 47, 53, 59, 61, 67, 71, 73, 79, 83, 89, 97, 101, 103, 107, 109, 113, 127, 131]","[4, 9, 25, 49, 121, 169, 289, 361, 529, 841, 961, 1369, 1681, 1849, 2209, 2809, 3481, 3721, 4489, 5041, 5329, 6241, 6889, 7921, 9409, 10201, 10609, 11449, 11881, 12769, 16129, 17161]",64,no_relation,0,0,0,no_relation,0,0,0,False,,,,True,True,0.0005217079888097942,False,False
1024,55,89884656743115795386465259539451236680898848947115328636715040578866337902750481566354238661203768010560056939935696678829394884407208311246423715319744197482340905971350577260210602687090370426736959701909844664089804492313953715940795278553541088559908360651257879553507565493736097502383589118718486850411,2370187977027294181708131613913039815021135436007832465948110833762663075869535206198863932101855183251733272653544945656017079309560327662609268935134179,37923007632436706907330105822608637040338166976125319455169773340202609213912563299181822913629682932027732362456719130496273268952965242601748302962133209,32,"[2, 3, 5, 7, 11, 13, 17, 19, 23, 29, 31, 37, 41, 43, 47, 53, 59, 61, 67, 71, 73, 79, 83, 89, 97, 101, 103, 107, 109, 113, 127, 131]","[4, 9, 25, 49, 121, 169, 289, 361, 529, 841, 961, 1369, 1681, 1849, 2209, 2809, 3481, 3721, 4489, 5041, 5329, 6241, 6889, 7921, 9409, 10201, 10609, 11449, 11881, 12769, 16129, 17161]",64,no_relation,0,0,0,no_relation,0,0,0,False,,,,True,True,0.0005261250189505517,False,False
1024,56,89884656743115795386465259539451236680898848947115328636715040578866337902750481566354238661203768010560056939935696678829394884407208311246423715319744766327455392521954187211797941816645975499241601581701672210689907531452162404390283005897245533803888776636694730340465009592770391981022615343262919053371,2370187977027294181708131613913039815021135436007832465948110833762663075869535206198863932101855183251733272653544945656017079309560327662609268935134179,37923007632436706907330105822608637040338166976125319455169773340202609213912563299181822913629682932027732362456719130496273268952965242601748302962133449,32,"[2, 3, 5, 7, 11, 13, 17, 19, 23, 29, 31, 37, 41, 43, 47, 53, 59, 61, 67, 71, 73, 79, 83, 89, 97, 101, 103, 107, 109, 113, 127, 131]","[4, 9, 25, 49, 121, 169, 289, 361, 529, 841, 961, 1369, 1681, 1849, 2209, 2809, 3481, 3721, 4489, 5041, 5329, 6241, 6889, 7921, 9409, 10201, 10609, 11449, 11881, 12769, 16129, 17161]",64,no_relation,0,0,0,no_relation,0,0,0,False,,,,True,True,0.0005214170087128878,False,False
1024,57,89884656743115795386465259539451236680898848947115328636715040578866337902750481566354238661203768010560056939935696678829394884407208311246423715319746520266558392719648651229192237466109091139464247377726473812706891902128305860442870165207000906639495059258458353600250462231459466623492946202274918345831,2370187977027294181708131613913039815021135436007832465948110833762663075869535206198863932101855183251733272653544945656017079309560327662609268935134179,37923007632436706907330105822608637040338166976125319455169773340202609213912563299181822913629682932027732362456719130496273268952965242601748302962134189,32,"[2, 3, 5, 7, 11, 13, 17, 19, 23, 29, 31, 37, 41, 43, 47, 53, 59, 61, 67, 71, 73, 79, 83, 89, 97, 101, 103, 107, 109, 113, 127, 131]","[4, 9, 25, 49, 121, 169, 289, 361, 529, 841, 961, 1369, 1681, 1849, 2209, 2809, 3481, 3721, 4489, 5041, 5329, 6241, 6889, 7921, 9409, 10201, 10609, 11449, 11881, 12769, 16129, 17161]",64,no_relation,0,0,0,no_relation,0,0,0,False,,,,True,True,0.0005247500084806234,False,False
1024,58,89884656743115795386465259539451236680898848947115328636715040578866337902750481566354238661203768010560056939935696678829394884407208311246423715319748378493932382118287110404377545289324067709646077518379777131600561829979787576044530074529768761103164418144218732837644779621638161920380431869120063542167,2370187977027294181708131613913039815021135436007832465948110833762663075869535206198863932101855183251733272653544945656017079309560327662609268935134179,37923007632436706907330105822608637040338166976125319455169773340202609213912563299181822913629682932027732362456719130496273268952965242601748302962134973,32,"[2, 3, 5, 7, 11, 13, 17, 19, 23, 29, 31, 37, 41, 43, 47, 53, 59, 61, 67, 71, 73, 79, 83, 89, 97, 101, 103, 107, 109, 113, 127, 131]","[4, 9, 25, 49, 121, 169, 289, 361, 529, 841, 961, 1369, 1681, 1849, 2209, 2809, 3481, 3721, 4489, 5041, 5329, 6241, 6889, 7921, 9409, 10201, 10609, 11449, 11881, 12769, 16129, 17161]",64,no_relation,0,0,0,no_relation,0,0,0,False,,,,True,True,0.0005235840217210352,False,False
1024,59,89884656743115795386465259539451236680898848947115328636715040578866337902750481566354238661203768010560056939935696678829394884407208311246423715319748520705211003755938012892274380071712968977772237988327734018250587589764339748156902006365694872414159522140577945534384140646396735540040188425256171592907,2370187977027294181708131613913039815021135436007832465948110833762663075869535206198863932101855183251733272653544945656017079309560327662609268935134179,37923007632436706907330105822608637040338166976125319455169773340202609213912563299181822913629682932027732362456719130496273268952965242601748302962135033,32,"[2, 3, 5, 7, 11, 13, 17, 19, 23, 29, 31, 37, 41, 43, 47, 53, 59, 61, 67, 71, 73, 79, 83, 89, 97, 101, 103, 107, 109, 113, 127, 131]","[4, 9, 25, 49, 121, 169, 289, 361, 529, 841, 961, 1369, 1681, 1849, 2209, 2809, 3481, 3721, 4489, 5041, 5329, 6241, 6889, 7921, 9409, 10201, 10609, 11449, 11881, 12769, 16129, 17161]",64,no_relation,0,0,0,no_relation,0,0,0,False,,,,True,True,0.000526291987625882,False,False
1024,60,89884656743115795386465259539451236680898848947115328636715040578866337902750481566354238661203768010560056939935696678829394884407208311246423715319748994742806409214774354518597162679675973204859439554820923640417340122379513655198141779152115243450809868795108654523515344062258647605572710279043198428707,2370187977027294181708131613913039815021135436007832465948110833762663075869535206198863932101855183251733272653544945656017079309560327662609268935134179,37923007632436706907330105822608637040338166976125319455169773340202609213912563299181822913629682932027732362456719130496273268952965242601748302962135233,32,"[2, 3, 5, 7, 11, 13, 17, 19, 23, 29, 31, 37, 41, 43, 47, 53, 59, 61, 67, 71, 73, 79, 83, 89, 97, 101, 103, 107, 109, 113, 127, 131]","[4, 9, 25, 49, 121, 169, 289, 361, 529, 841, 961, 1369, 1681, 1849, 2209, 2809, 3481, 3721, 4489, 5041, 5329, 6241, 6889, 7921, 9409, 10201, 10609, 11449, 11881, 12769, 16129, 17161]",64,no_relation,0,0,0,no_relation,0,0,0,False,,,,True,True,0.0005259999888949096,False,False
1024,61,89884656743115795386465259539451236680898848947115328636715040578866337902750481566354238661203768010560056939935696678829394884407208311246423715319750402634464763427518289148775827025326095759308428207305696818252595144246580159110623904327783745429661398359064860221235018207368526440204300184790668131033,2370187977027294181708131613913039815021135436007832465948110833762663075869535206198863932101855183251733272653544945656017079309560327662609268935134179,37923007632436706907330105822608637040338166976125319455169773340202609213912563299181822913629682932027732362456719130496273268952965242601748302962135827,32,"[2, 3, 5, 7, 11, 13, 17, 19, 23, 29, 31, 37, 41, 43, 47, 53, 59, 61, 67, 71, 73, 79, 83, 89, 97, 101, 103, 107, 109, 113, 127, 131]","[4, 9, 25, 49, 121, 169, 289, 361, 529, 841, 961, 1369, 1681, 1849, 2209, 2809, 3481, 3721, 4489, 5041, 5329, 6241, 6889, 7921, 9409, 10201, 10609, 11449, 11881, 12769, 16129, 17161]",64,no_relation,0,0,0,no_relation,0,0,0,False,,,,True,True,0.000524125003721565,False,False
1024,62,89884656743115795386465259539451236680898848947115328636715040578866337902750481566354238661203768010560056939935696678829394884407208311246423715319750412115216671536695015981302282677485355843850172238635560610695930194898883637251448699783512152850394405292155474401017642275685764681514950621866408667749,2370187977027294181708131613913039815021135436007832465948110833762663075869535206198863932101855183251733272653544945656017079309560327662609268935134179,37923007632436706907330105822608637040338166976125319455169773340202609213912563299181822913629682932027732362456719130496273268952965242601748302962135831,32,"[2, 3, 5, 7, 11, 13, 17, 19, 23, 29, 31, 37, 41, 43, 47, 53, 59, 61, 67, 71, 73, 79, 83, 89, 97, 101, 103, 107, 109, 113, 127, 131]","[4, 9, 25, 49, 121, 169, 289, 361, 529, 841, 961, 1369, 1681, 1849, 2209, 2809, 3481, 3721, 4489, 5041, 5329, 6241, 6889, 7921, 9409, 10201, 10609, 11449, 11881, 12769, 16129, 17161]",64,no_relation,0,0,0,no_relation,0,0,0,False,,,,True,True,0.0005970410129521042,False,False
1024,63,89884656743115795386465259539451236680898848947115328636715040578866337902750481566354238661203768010560056939935696678829394884407208311246423715319752132871687993352270936084853983544391061188176713925005838939161241888291964919811149074998218099713435163648101948031563910675264505479398004951113316081703,2370187977027294181708131613913039815021135436007832465948110833762663075869535206198863932101855183251733272653544945656017079309560327662609268935134179,37923007632436706907330105822608637040338166976125319455169773340202609213912563299181822913629682932027732362456719130496273268952965242601748302962136557,32,"[2, 3, 5, 7, 11, 13, 17, 19, 23, 29, 31, 37, 41, 43, 47, 53, 59, 61, 67, 71, 73, 79, 83, 89, 97, 101, 103, 107, 109, 113, 127, 131]","[4, 9, 25, 49, 121, 169, 289, 361, 529, 841, 961, 1369, 1681, 1849, 2209, 2809, 3481, 3721, 4489, 5041, 5329, 6241, 6889, 7921, 9409, 10201, 10609, 11449, 11881, 12769, 16129, 17161]",64,no_relation,0,0,0,no_relation,0,0,0,False,,,,True,True,0.0005622919998131692,False,False
1024,64,89884656743115795386465259539451236680898848947115328636715040578866337902750481566354238661203768010560056939935696678829394884407208311246423715319752303525222339317452019070330185283257742709928106488943387203141272800033427526345995393201329433286629288443733003267651143904974793822989712818476645742591,2370187977027294181708131613913039815021135436007832465948110833762663075869535206198863932101855183251733272653544945656017079309560327662609268935134179,37923007632436706907330105822608637040338166976125319455169773340202609213912563299181822913629682932027732362456719130496273268952965242601748302962136629,32,"[2, 3, 5, 7, 11, 13, 17, 19, 23, 29, 31, 37, 41, 43, 47, 53, 59, 61, 67, 71, 73, 79, 83, 89, 97, 101, 103, 107, 109, 113, 127, 131]","[4, 9, 25, 49, 121, 169, 289, 361, 529, 841, 961, 1369, 1681, 1849, 2209, 2809, 3481, 3721, 4489, 5041, 5329, 6241, 6889, 7921, 9409, 10201, 10609, 11449, 11881, 12769, 16129, 17161]",64,no_relation,0,0,0,no_relation,0,0,0,False,,,,True,True,0.0005498749960679561,False,False
1024,65,89884656743115795386465259539451236680898848947115328636715040578866337902750481566354238661203768010560056939935696678829394884407208311246423715319752730159058204230404726534020689630424446514306587898787257863091350079387084042683111188709107767219614600432810641357869226979250514681968982486884969894811,2370187977027294181708131613913039815021135436007832465948110833762663075869535206198863932101855183251733272653544945656017079309560327662609268935134179,37923007632436706907330105822608637040338166976125319455169773340202609213912563299181822913629682932027732362456719130496273268952965242601748302962136809,32,"[2, 3, 5, 7, 11, 13, 17, 19, 23, 29, 31, 37, 41, 43, 47, 53, 59, 61, 67, 71, 73, 79, 83, 89, 97, 101, 103, 107, 109, 113, 127, 131]","[4, 9, 25, 49, 121, 169, 289, 361, 529, 841, 961, 1369, 1681, 1849, 2209, 2809, 3481, 3721, 4489, 5041, 5329, 6241, 6889, 7921, 9409, 10201, 10609, 11449, 11881, 12769, 16129, 17161]",64,no_relation,0,0,0,no_relation,0,0,0,False,,,,True,True,0.0005330000130925328,False,False
1024,66,89884656743115795386465259539451236680898848947115328636715040578866337902750481566354238661203768010560056939935696678829394884407208311246423715319755460615607739673302054301639917452291350862328868921788030086771844667250485747240652279958889104390720597162907525135264958654615128179436308364698244469019,2370187977027294181708131613913039815021135436007832465948110833762663075869535206198863932101855183251733272653544945656017079309560327662609268935134179,37923007632436706907330105822608637040338166976125319455169773340202609213912563299181822913629682932027732362456719130496273268952965242601748302962137961,32,"[2, 3, 5, 7, 11, 13, 17, 19, 23, 29, 31, 37, 41, 43, 47, 53, 59, 61, 67, 71, 73, 79, 83, 89, 97, 101, 103, 107, 109, 113, 127, 131]","[4, 9, 25, 49, 121, 169, 289, 361, 529, 841, 961, 1369, 1681, 1849, 2209, 2809, 3481, 3721, 4489, 5041, 5329, 6241, 6889, 7921, 9409, 10201, 10609, 11449, 11881, 12769, 16129, 17161]",64,no_relation,0,0,0,no_relation,0,0,0,False,,,,True,True,0.0005338750197552145,False,False
1024,67,89884656743115795386465259539451236680898848947115328636715040578866337902750481566354238661203768010560056939935696678829394884407208311246423715319756783180498920903455447439080480928508132655902161292304029132617084233246820947885711246033001939582975064329048203214941016184869862842272044336764049340901,2370187977027294181708131613913039815021135436007832465948110833762663075869535206198863932101855183251733272653544945656017079309560327662609268935134179,37923007632436706907330105822608637040338166976125319455169773340202609213912563299181822913629682932027732362456719130496273268952965242601748302962138519,32,"[2, 3, 5, 7, 11, 13, 17, 19, 23, 29, 31, 37, 41, 43, 47, 53, 59, 61, 67, 71, 73, 79, 83, 89, 97, 101, 103, 107, 109, 113, 127, 131]","[4, 9, 25, 49, 121, 169, 289, 361, 529, 841, 961, 1369, 1681, 1849, 2209, 2809, 3481, 3721, 4489, 5041, 5329, 6241, 6889, 7921, 9409, 10201, 10609, 11449, 11881, 12769, 16129, 17161]",64,no_relation,0,0,0,no_relation,0,0,0,False,,,,True,True,0.0005367500125430524,False,False
1024,68,89884656743115795386465259539451236680898848947115328636715040578866337902750481566354238661203768010560056939935696678829394884407208311246423715319758352244939712972203738222208891360865676647560798477396486781989035116203046580192214893956053367714287711755544849968965299491372791779184691672799108167399,2370187977027294181708131613913039815021135436007832465948110833762663075869535206198863932101855183251733272653544945656017079309560327662609268935134179,37923007632436706907330105822608637040338166976125319455169773340202609213912563299181822913629682932027732362456719130496273268952965242601748302962139181,32,"[2, 3, 5, 7, 11, 13, 17, 19, 23, 29, 31, 37, 41, 43, 47, 53, 59, 61, 67, 71, 73, 79, 83, 89, 97, 101, 103, 107, 109, 113, 127, 131]","[4, 9, 25, 49, 121, 169, 289, 361, 529, 841, 961, 1369, 1681, 1849, 2209, 2809, 3481, 3721, 4489, 5041, 5329, 6241, 6889, 7921, 9409, 10201, 10609, 11449, 11881, 12769, 16129, 17161]",64,no_relation,0,0,0,no_relation,0,0,0,False,,,,True,True,0.0005316249735187739,False,False
1024,69,89884656743115795386465259539451236680898848947115328636715040578866337902750481566354238661203768010560056939935696678829394884407208311246423715319758375946819483245145555303525030491263826858915158555721146263097372742833805275544276882595374386266120229088271385418421859662165887382461317765488459509189,2370187977027294181708131613913039815021135436007832465948110833762663075869535206198863932101855183251733272653544945656017079309560327662609268935134179,37923007632436706907330105822608637040338166976125319455169773340202609213912563299181822913629682932027732362456719130496273268952965242601748302962139191,32,"[2, 3, 5, 7, 11, 13, 17, 19, 23, 29, 31, 37, 41, 43, 47, 53, 59, 61, 67, 71, 73, 79, 83, 89, 97, 101, 103, 107, 109, 113, 127, 131]","[4, 9, 25, 49, 121, 169, 289, 361, 529, 841, 961, 1369, 1681, 1849, 2209, 2809, 3481, 3721, 4489, 5041, 5329, 6241, 6889, 7921, 9409, 10201, 10609, 11449, 11881, 12769, 16129, 17161]",64,no_relation,0,0,0,no_relation,0,0,0,False,,,,True,True,0.0005311249988153577,False,False
1024,70,89884656743115795386465259539451236680898848947115328636715040578866337902750481566354238661203768010560056939935696678829394884407208311246423715319758461273586656227736096796263131360697167619790854837689920395087388198704536578811700041696930053052717291486086913036465476277021031554257171699170124339633,2370187977027294181708131613913039815021135436007832465948110833762663075869535206198863932101855183251733272653544945656017079309560327662609268935134179,37923007632436706907330105822608637040338166976125319455169773340202609213912563299181822913629682932027732362456719130496273268952965242601748302962139227,32,"[2, 3, 5, 7, 11, 13, 17, 19, 23, 29, 31, 37, 41, 43, 47, 53, 59, 61, 67, 71, 73, 79, 83, 89, 97, 101, 103, 107, 109, 113, 127, 131]","[4, 9, 25, 49, 121, 169, 289, 361, 529, 841, 961, 1369, 1681, 1849, 2209, 2809, 3481, 3721, 4489, 5041, 5329, 6241, 6889, 7921, 9409, 10201, 10609, 11449, 11881, 12769, 16129, 17161]",64,no_relation,0,0,0,no_relation,0,0,0,False,,,,True,True,0.0005270830006338656,False,False
1024,71,89884656743115795386465259539451236680898848947115328636715040578866337902750481566354238661203768010560056939935696678829394884407208311246423715319759802799981653676242943598756606141232469582447635270865647025819297866005478735738408598682499703086437772518408819475706781943910242699714208545387410284947,2370187977027294181708131613913039815021135436007832465948110833762663075869535206198863932101855183251733272653544945656017079309560327662609268935134179,37923007632436706907330105822608637040338166976125319455169773340202609213912563299181822913629682932027732362456719130496273268952965242601748302962139793,32,"[2, 3, 5, 7, 11, 13, 17, 19, 23, 29, 31, 37, 41, 43, 47, 53, 59, 61, 67, 71, 73, 79, 83, 89, 97, 101, 103, 107, 109, 113, 127, 131]","[4, 9, 25, 49, 121, 169, 289, 361, 529, 841, 961, 1369, 1681, 1849, 2209, 2809, 3481, 3721, 4489, 5041, 5329, 6241, 6889, 7921, 9409, 10201, 10609, 11449, 11881, 12769, 16129, 17161]",64,no_relation,0,0,0,no_relation,0,0,0,False,,,,True,True,0.0005304579972289503,False,False
1024,72,89884656743115795386465259539451236680898848947115328636715040578866337902750481566354238661203768010560056939935696678829394884407208311246423715319761461931565572782170139290886345269102984377252840753591810703402931730158587410382747803434971001714713985809266300937665993899426934929078035033642004210247,2370187977027294181708131613913039815021135436007832465948110833762663075869535206198863932101855183251733272653544945656017079309560327662609268935134179,37923007632436706907330105822608637040338166976125319455169773340202609213912563299181822913629682932027732362456719130496273268952965242601748302962140493,32,"[2, 3, 5, 7, 11, 13, 17, 19, 23, 29, 31, 37, 41, 43, 47, 53, 59, 61, 67, 71, 73, 79, 83, 89, 97, 101, 103, 107, 109, 113, 127, 131]","[4, 9, 25, 49, 121, 169, 289, 361, 529, 841, 961, 1369, 1681, 1849, 2209, 2809, 3481, 3721, 4489, 5041, 5329, 6241, 6889, 7921, 9409, 10201, 10609, 11449, 11881, 12769, 16129, 17161]",64,no_relation,0,0,0,no_relation,0,0,0,False,,,,True,True,0.000528833013959229,False,False
1024,73,89884656743115795386465259539451236680898848947115328636715040578866337902750481566354238661203768010560056939935696678829394884407208311246423715319762229872470129625485012725529253094003051225134107291310777891313070832995169139789556235348972002794087547389606049500058543433123232475240720436776987684243,2370187977027294181708131613913039815021135436007832465948110833762663075869535206198863932101855183251733272653544945656017079309560327662609268935134179,37923007632436706907330105822608637040338166976125319455169773340202609213912563299181822913629682932027732362456719130496273268952965242601748302962140817,32,"[2, 3, 5, 7, 11, 13, 17, 19, 23, 29, 31, 37, 41, 43, 47, 53, 59, 61, 67, 71, 73, 79, 83, 89, 97, 101, 103, 107, 109, 113, 127, 131]","[4, 9, 25, 49, 121, 169, 289, 361, 529, 841, 961, 1369, 1681, 1849, 2209, 2809, 3481, 3721, 4489, 5041, 5329, 6241, 6889, 7921, 9409, 10201, 10609, 11449, 11881, 12769, 16129, 17161]",64,no_relation,0,0,0,no_relation,0,0,0,False,,,,True,True,0.0005267919914331287,False,False
1024,74,89884656743115795386465259539451236680898848947115328636715040578866337902750481566354238661203768010560056939935696678829394884407208311246423715319762988332622778359623159327645705266743857988473629797699881286779874885179447391055539871807244596452728102036855183882668468898502291780092755402836230621523,2370187977027294181708131613913039815021135436007832465948110833762663075869535206198863932101855183251733272653544945656017079309560327662609268935134179,37923007632436706907330105822608637040338166976125319455169773340202609213912563299181822913629682932027732362456719130496273268952965242601748302962141137,32,"[2, 3, 5, 7, 11, 13, 17, 19, 23, 29, 31, 37, 41, 43, 47, 53, 59, 61, 67, 71, 73, 79, 83, 89, 97, 101, 103, 107, 109, 113, 127, 131]","[4, 9, 25, 49, 121, 169, 289, 361, 529, 841, 961, 1369, 1681, 1849, 2209, 2809, 3481, 3721, 4489, 5041, 5329, 6241, 6889, 7921, 9409, 10201, 10609, 11449, 11881, 12769, 16129, 17161]",64,no_relation,0,0,0,no_relation,0,0,0,False,,,,True,True,0.000528500007931143,False,False
1024,75,89884656743115795386465259539451236680898848947115328636715040578866337902750481566354238661203768010560056939935696678829394884407208311246423715319765202088193321852388874722573100045931087728970861113223076822298609212492309536938129610719827729193885220913513594861911188850577421126129632460021645944709,2370187977027294181708131613913039815021135436007832465948110833762663075869535206198863932101855183251733272653544945656017079309560327662609268935134179,37923007632436706907330105822608637040338166976125319455169773340202609213912563299181822913629682932027732362456719130496273268952965242601748302962142071,32,"[2, 3, 5, 7, 11, 13, 17, 19, 23, 29, 31, 37, 41, 43, 47, 53, 59, 61, 67, 71, 73, 79, 83, 89, 97, 101, 103, 107, 109, 113, 127, 131]","[4, 9, 25, 49, 121, 169, 289, 361, 529, 841, 961, 1369, 1681, 1849, 2209, 2809, 3481, 3721, 4489, 5041, 5329, 6241, 6889, 7921, 9409, 10201, 10609, 11449, 11881, 12769, 16129, 17161]",64,no_relation,0,0,0,no_relation,0,0,0,False,,,,True,True,0.0005316669994499534,False,False
1024,76,89884656743115795386465259539451236680898848947115328636715040578866337902750481566354238661203768010560056939935696678829394884407208311246423715319765363260975759708393230875522846132638509166180509645830761293835305073581468665332151133467210655346346338776054035918215798011970471228410689890309235068881,2370187977027294181708131613913039815021135436007832465948110833762663075869535206198863932101855183251733272653544945656017079309560327662609268935134179,37923007632436706907330105822608637040338166976125319455169773340202609213912563299181822913629682932027732362456719130496273268952965242601748302962142139,32,"[2, 3, 5, 7, 11, 13, 17, 19, 23, 29, 31, 37, 41, 43, 47, 53, 59, 61, 67, 71, 73, 79, 83, 89, 97, 101, 103, 107, 109, 113, 127, 131]","[4, 9, 25, 49, 121, 169, 289, 361, 529, 841, 961, 1369, 1681, 1849, 2209, 2809, 3481, 3721, 4489, 5041, 5329, 6241, 6889, 7921, 9409, 10201, 10609, 11449, 11881, 12769, 16129, 17161]",64,no_relation,0,0,0,no_relation,0,0,0,False,,,,True,True,0.0005264999927021563,False,False
1024,77,89884656743115795386465259539451236680898848947115328636715040578866337902750481566354238661203768010560056939935696678829394884407208311246423715319767690785569200511279668260767708737736859921178669337312322338674060008721972548904638417848534677136299540849799817054850006783852459470175372192403536832659,2370187977027294181708131613913039815021135436007832465948110833762663075869535206198863932101855183251733272653544945656017079309560327662609268935134179,37923007632436706907330105822608637040338166976125319455169773340202609213912563299181822913629682932027732362456719130496273268952965242601748302962143121,32,"[2, 3, 5, 7, 11, 13, 17, 19, 23, 29, 31, 37, 41, 43, 47, 53, 59, 61, 67, 71, 73, 79, 83, 89, 97, 101, 103, 107, 109, 113, 127, 131]","[4, 9, 25, 49, 121, 169, 289, 361, 529, 841, 961, 1369, 1681, 1849, 2209, 2809, 3481, 3721, 4489, 5041, 5329, 6241, 6889, 7921, 9409, 10201, 10609, 11449, 11881, 12769, 16129, 17161]",64,no_relation,0,0,0,no_relation,0,0,0,False,,,,True,True,0.0005282499769236892,False,False
1024,78,89884656743115795386465259539451236680898848947115328636715040578866337902750481566354238661203768010560056939935696678829394884407208311246423715319768302294067273553178548958724098302009135374121159358088536951269170775795546888987837724743016955773578488034144431650829259190314326034712325383788801450841,2370187977027294181708131613913039815021135436007832465948110833762663075869535206198863932101855183251733272653544945656017079309560327662609268935134179,37923007632436706907330105822608637040338166976125319455169773340202609213912563299181822913629682932027732362456719130496273268952965242601748302962143379,32,"[2, 3, 5, 7, 11, 13, 17, 19, 23, 29, 31, 37, 41, 43, 47, 53, 59, 61, 67, 71, 73, 79, 83, 89, 97, 101, 103, 107, 109, 113, 127, 131]","[4, 9, 25, 49, 121, 169, 289, 361, 529, 841, 961, 1369, 1681, 1849, 2209, 2809, 3481, 3721, 4489, 5041, 5329, 6241, 6889, 7921, 9409, 10201, 10609, 11449, 11881, 12769, 16129, 17161]",64,no_relation,0,0,0,no_relation,0,0,0,False,,,,True,True,0.0005287090025376529,False,False
1024,79,89884656743115795386465259539451236680898848947115328636715040578866337902750481566354238661203768010560056939935696678829394884407208311246423715319773549890248411982496850762117301772159592167976480699168146068655121311845522039934362009488690463149297825499799380160511681003905692600157342305211188523147,2370187977027294181708131613913039815021135436007832465948110833762663075869535206198863932101855183251733272653544945656017079309560327662609268935134179,37923007632436706907330105822608637040338166976125319455169773340202609213912563299181822913629682932027732362456719130496273268952965242601748302962145593,32,"[2, 3, 5, 7, 11, 13, 17, 19, 23, 29, 31, 37, 41, 43, 47, 53, 59, 61, 67, 71, 73, 79, 83, 89, 97, 101, 103, 107, 109, 113, 127, 131]","[4, 9, 25, 49, 121, 169, 289, 361, 529, 841, 961, 1369, 1681, 1849, 2209, 2809, 3481, 3721, 4489, 5041, 5329, 6241, 6889, 7921, 9409, 10201, 10609, 11449, 11881, 12769, 16129, 17161]",64,no_relation,0,0,0,no_relation,0,0,0,False,,,,True,True,0.00052954102284275,False,False
1024,80,89884656743115795386465259539451236680898848947115328636715040578866337902750481566354238661203768010560056939935696678829394884407208311246423715319737091658785778143393816281632091393724937062699808220176932227810184028412496849392611084485099726720519664299842551806430826289966035640051086530450941529159,2370187977027294181708131613913039815021135436007832465948110833762663075869535206198863932101855183251733272653544945656017079309560327662609268935134701,37923007632436706907330105822608637040338166976125319455169773340202609213912563299181822913629682932027732362456719130496273268952965242601748302962121859,32,"[2, 3, 5, 7, 11, 13, 17, 19, 23, 29, 31, 37, 41, 43, 47, 53, 59, 61, 67, 71, 73, 79, 83, 89, 97, 101, 103, 107, 109, 113, 127, 131]","[4, 9, 25, 49, 121, 169, 289, 361, 529, 841, 961, 1369, 1681, 1849, 2209, 2809, 3481, 3721, 4489, 5041, 5329, 6241, 6889, 7921, 9409, 10201, 10609, 11449, 11881, 12769, 16129, 17161]",64,no_relation,0,0,0,no_relation,0,0,0,False,,,,True,True,0.0005276669980958104,False,False
1024,81,89884656743115795386465259539451236680898848947115328636715040578866337902750481566354238661203768010560056939935696678829394884407208311246423715319738708126986110758025741227392780086878781477067165561918708839398810164630239872403238709686793191955497346391792269459368229938055155783516986051864703395241,2370187977027294181708131613913039815021135436007832465948110833762663075869535206198863932101855183251733272653544945656017079309560327662609268935134701,37923007632436706907330105822608637040338166976125319455169773340202609213912563299181822913629682932027732362456719130496273268952965242601748302962122541,32,"[2, 3, 5, 7, 11, 13, 17, 19, 23, 29, 31, 37, 41, 43, 47, 53, 59, 61, 67, 71, 73, 79, 83, 89, 97, 101, 103, 107, 109, 113, 127, 131]","[4, 9, 25, 49, 121, 169, 289, 361, 529, 841, 961, 1369, 1681, 1849, 2209, 2809, 3481, 3721, 4489, 5041, 5329, 6241, 6889, 7921, 9409, 10201, 10609, 11449, 11881, 12769, 16129, 17161]",64,no_relation,0,0,0,no_relation,0,0,0,False,,,,True,True,0.0005299999902490526,False,False
1024,82,89884656743115795386465259539451236680898848947115328636715040578866337902750481566354238661203768010560056939935696678829394884407208311246423715319740362518194075809364573503259291388669666229601499028979940620760776503457196807977165516711400286873407056216104443831436129859413228892225487321581427416539,2370187977027294181708131613913039815021135436007832465948110833762663075869535206198863932101855183251733272653544945656017079309560327662609268935134701,37923007632436706907330105822608637040338166976125319455169773340202609213912563299181822913629682932027732362456719130496273268952965242601748302962123239,32,"[2, 3, 5, 7, 11, 13, 17, 19, 23, 29, 31, 37, 41, 43, 47, 53, 59, 61, 67, 71, 73, 79, 83, 89, 97, 101, 103, 107, 109, 113, 127, 131]","[4, 9, 25, 49, 121, 169, 289, 361, 529, 841, 961, 1369, 1681, 1849, 2209, 2809, 3481, 3721, 4489, 5041, 5329, 6241, 6889, 7921, 9409, 10201, 10609, 11449, 11881, 12769, 16129, 17161]",64,no_relation,0,0,0,no_relation,0,0,0,False,,,,True,True,0.0005283749778755009,False,False
1024,83,89884656743115795386465259539451236680898848947115328636715040578866337902750481566354238661203768010560056939935696678829394884407208311246423715319740770190526124503963827301896884431517849864896492376164083695824183681506246368032631721307721805964926354339000853562088964797054473268583456115838270585111,2370187977027294181708131613913039815021135436007832465948110833762663075869535206198863932101855183251733272653544945656017079309560327662609268935134701,37923007632436706907330105822608637040338166976125319455169773340202609213912563299181822913629682932027732362456719130496273268952965242601748302962123411,32,"[2, 3, 5, 7, 11, 13, 17, 19, 23, 29, 31, 37, 41, 43, 47, 53, 59, 61, 67, 71, 73, 79, 83, 89, 97, 101, 103, 107, 109, 113, 127, 131]","[4, 9, 25, 49, 121, 169, 289, 361, 529, 841, 961, 1369, 1681, 1849, 2209, 2809, 3481, 3721, 4489, 5041, 5329, 6241, 6889, 7921, 9409, 10201, 10609, 11449, 11881, 12769, 16129, 17161]",64,no_relation,0,0,0,no_relation,0,0,0,False,,,,True,True,0.0005298750184010714,False,False
1024,84,89884656743115795386465259539451236680898848947115328636715040578866337902750481566354238661203768010560056939935696678829394884407208311246423715319740917142180700196203093206056947039986381175293524861776972478695876966616950279215416050871512120986287961801905373348719637855971666008898537890512248936573,2370187977027294181708131613913039815021135436007832465948110833762663075869535206198863932101855183251733272653544945656017079309560327662609268935134701,37923007632436706907330105822608637040338166976125319455169773340202609213912563299181822913629682932027732362456719130496273268952965242601748302962123473,32,"[2, 3, 5, 7, 11, 13, 17, 19, 23, 29, 31, 37, 41, 43, 47, 53, 59, 61, 67, 71, 73, 79, 83, 89, 97, 101, 103, 107, 109, 113, 127, 131]","[4, 9, 25, 49, 121, 169, 289, 361, 529, 841, 961, 1369, 1681, 1849, 2209, 2809, 3481, 3721, 4489, 5041, 5329, 6241, 6889, 7921, 9409, 10201, 10609, 11449, 11881, 12769, 16129, 17161]",64,no_relation,0,0,0,no_relation,0,0,0,False,,,,True,True,0.0005275839939713478,False,False
1024,85,89884656743115795386465259539451236680898848947115328636715040578866337902750481566354238661203768010560056939935696678829394884407208311246423715319741130459098632652679446937902199213569733077482765566698907808670915606293778537383973948625401287952780617796444192393828679393109526438388172724716411059663,2370187977027294181708131613913039815021135436007832465948110833762663075869535206198863932101855183251733272653544945656017079309560327662609268935134701,37923007632436706907330105822608637040338166976125319455169773340202609213912563299181822913629682932027732362456719130496273268952965242601748302962123563,32,"[2, 3, 5, 7, 11, 13, 17, 19, 23, 29, 31, 37, 41, 43, 47, 53, 59, 61, 67, 71, 73, 79, 83, 89, 97, 101, 103, 107, 109, 113, 127, 131]","[4, 9, 25, 49, 121, 169, 289, 361, 529, 841, 961, 1369, 1681, 1849, 2209, 2809, 3481, 3721, 4489, 5041, 5329, 6241, 6889, 7921, 9409, 10201, 10609, 11449, 11881, 12769, 16129, 17161]",64,no_relation,0,0,0,no_relation,0,0,0,False,,,,True,True,0.0005297919851727784,False,False
1024,86,89884656743115795386465259539451236680898848947115328636715040578866337902750481566354238661203768010560056939935696678829394884407208311246423715319742206524440203044237942429654915733645752672970713122638448250989443855330223306367588232850575530205976904702228901799156511147116066827146997332812962213917,2370187977027294181708131613913039815021135436007832465948110833762663075869535206198863932101855183251733272653544945656017079309560327662609268935134701,37923007632436706907330105822608637040338166976125319455169773340202609213912563299181822913629682932027732362456719130496273268952965242601748302962124017,32,"[2, 3, 5, 7, 11, 13, 17, 19, 23, 29, 31, 37, 41, 43, 47, 53, 59, 61, 67, 71, 73, 79, 83, 89, 97, 101, 103, 107, 109, 113, 127, 131]","[4, 9, 25, 49, 121, 169, 289, 361, 529, 841, 961, 1369, 1681, 1849, 2209, 2809, 3481, 3721, 4489, 5041, 5329, 6241, 6889, 7921, 9409, 10201, 10609, 11449, 11881, 12769, 16129, 17161]",64,no_relation,0,0,0,no_relation,0,0,0,False,,,,True,True,0.0005272499984130263,False,False
1024,87,89884656743115795386465259539451236680898848947115328636715040578866337902750481566354238661203768010560056939935696678829394884407208311246423715319742490946997446319539747405448585298423555209223034062534362024289495374899327650592332096522427752827967112694947327192635233196633214066466510445085178378037,2370187977027294181708131613913039815021135436007832465948110833762663075869535206198863932101855183251733272653544945656017079309560327662609268935134701,37923007632436706907330105822608637040338166976125319455169773340202609213912563299181822913629682932027732362456719130496273268952965242601748302962124137,32,"[2, 3, 5, 7, 11, 13, 17, 19, 23, 29, 31, 37, 41, 43, 47, 53, 59, 61, 67, 71, 73, 79, 83, 89, 97, 101, 103, 107, 109, 113, 127, 131]","[4, 9, 25, 49, 121, 169, 289, 361, 529, 841, 961, 1369, 1681, 1849, 2209, 2809, 3481, 3721, 4489, 5041, 5329, 6241, 6889, 7921, 9409, 10201, 10609, 11449, 11881, 12769, 16129, 17161]",64,no_relation,0,0,0,no_relation,0,0,0,False,,,,True,True,0.0005285420047584921,False,False
1024,88,89884656743115795386465259539451236680898848947115328636715040578866337902750481566354238661203768010560056939935696678829394884407208311246423715319742803811810413922371732878821621819679137999100587096419867174919552046425342429239550346561465197712156341486937595125461827451102076029717974868584616158569,2370187977027294181708131613913039815021135436007832465948110833762663075869535206198863932101855183251733272653544945656017079309560327662609268935134701,37923007632436706907330105822608637040338166976125319455169773340202609213912563299181822913629682932027732362456719130496273268952965242601748302962124269,32,"[2, 3, 5, 7, 11, 13, 17, 19, 23, 29, 31, 37, 41, 43, 47, 53, 59, 61, 67, 71, 73, 79, 83, 89, 97, 101, 103, 107, 109, 113, 127, 131]","[4, 9, 25, 49, 121, 169, 289, 361, 529, 841, 961, 1369, 1681, 1849, 2209, 2809, 3481, 3721, 4489, 5041, 5329, 6241, 6889, 7921, 9409, 10201, 10609, 11449, 11881, 12769, 16129, 17161]",64,no_relation,0,0,0,no_relation,0,0,0,False,,,,True,True,0.0005263339844532311,False,False
1024,89,89884656743115795386465259539451236680898848947115328636715040578866337902750481566354238661203768010560056939935696678829394884407208311246423715319743320512789405872503345251513454862358812606625636803897443863081312306975881987914501698898663402142105219340376067923614839174391560181148423689212475523387,2370187977027294181708131613913039815021135436007832465948110833762663075869535206198863932101855183251733272653544945656017079309560327662609268935134701,37923007632436706907330105822608637040338166976125319455169773340202609213912563299181822913629682932027732362456719130496273268952965242601748302962124487,32,"[2, 3, 5, 7, 11, 13, 17, 19, 23, 29, 31, 37, 41, 43, 47, 53, 59, 61, 67, 71, 73, 79, 83, 89, 97, 101, 103, 107, 109, 113, 127, 131]","[4, 9, 25, 49, 121, 169, 289, 361, 529, 841, 961, 1369, 1681, 1849, 2209, 2809, 3481, 3721, 4489, 5041, 5329, 6241, 6889, 7921, 9409, 10201, 10609, 11449, 11881, 12769, 16129, 17161]",64,no_relation,0,0,0,no_relation,0,0,0,False,,,,True,True,0.0005280410114210099,False,False
1024,90,89884656743115795386465259539451236680898848947115328636715040578866337902750481566354238661203768010560056939935696678829394884407208311246423715319745392057081327727618158158544014859157141078996707649472682511950020874504191961684719505975320423572267234220675266206118198101708115907525544190261783252061,2370187977027294181708131613913039815021135436007832465948110833762663075869535206198863932101855183251733272653544945656017079309560327662609268935134701,37923007632436706907330105822608637040338166976125319455169773340202609213912563299181822913629682932027732362456719130496273268952965242601748302962125361,32,"[2, 3, 5, 7, 11, 13, 17, 19, 23, 29, 31, 37, 41, 43, 47, 53, 59, 61, 67, 71, 73, 79, 83, 89, 97, 101, 103, 107, 109, 113, 127, 131]","[4, 9, 25, 49, 121, 169, 289, 361, 529, 841, 961, 1369, 1681, 1849, 2209, 2809, 3481, 3721, 4489, 5041, 5329, 6241, 6889, 7921, 9409, 10201, 10609, 11449, 11881, 12769, 16129, 17161]",64,no_relation,0,0,0,no_relation,0,0,0,False,,,,True,True,0.0005288329848553985,False,False
1024,91,89884656743115795386465259539451236680898848947115328636715040578866337902750481566354238661203768010560056939935696678829394884407208311246423715319746572410693887320120648808087743552985021604443839550040724671145234680715974990217406540213507147453526597390456731589054894607204276950701523606191480333159,2370187977027294181708131613913039815021135436007832465948110833762663075869535206198863932101855183251733272653544945656017079309560327662609268935134701,37923007632436706907330105822608637040338166976125319455169773340202609213912563299181822913629682932027732362456719130496273268952965242601748302962125859,32,"[2, 3, 5, 7, 11, 13, 17, 19, 23, 29, 31, 37, 41, 43, 47, 53, 59, 61, 67, 71, 73, 79, 83, 89, 97, 101, 103, 107, 109, 113, 127, 131]","[4, 9, 25, 49, 121, 169, 289, 361, 529, 841, 961, 1369, 1681, 1849, 2209, 2809, 3481, 3721, 4489, 5041, 5329, 6241, 6889, 7921, 9409, 10201, 10609, 11449, 11881, 12769, 16129, 17161]",64,no_relation,0,0,0,no_relation,0,0,0,False,,,,True,True,0.0005319170013535768,False,False
1024,92,89884656743115795386465259539451236680898848947115328636715040578866337902750481566354238661203768010560056939935696678829394884407208311246423715319747074890545017106487170931989893117425806085156273210523505670641992365288059331681120699367112740752375964844259283117533970228017903740165996771205728889771,2370187977027294181708131613913039815021135436007832465948110833762663075869535206198863932101855183251733272653544945656017079309560327662609268935134701,37923007632436706907330105822608637040338166976125319455169773340202609213912563299181822913629682932027732362456719130496273268952965242601748302962126071,32,"[2, 3, 5, 7, 11, 13, 17, 19, 23, 29, 31, 37, 41, 43, 47, 53, 59, 61, 67, 71, 73, 79, 83, 89, 97, 101, 103, 107, 109, 113, 127, 131]","[4, 9, 25, 49, 121, 169, 289, 361, 529, 841, 961, 1369, 1681, 1849, 2209, 2809, 3481, 3721, 4489, 5041, 5329, 6241, 6889, 7921, 9409, 10201, 10609, 11449, 11881, 12769, 16129, 17161]",64,no_relation,0,0,0,no_relation,0,0,0,False,,,,True,True,0.0005299999902490526,False,False
1024,93,89884656743115795386465259539451236680898848947115328636715040578866337902750481566354238661203768010560056939935696678829394884407208311246423715319747141255808373870724258759675082682540626676948481429832552217745337719854183678666894267557211592697507013375893582376012338706238571429340549830735912661399,2370187977027294181708131613913039815021135436007832465948110833762663075869535206198863932101855183251733272653544945656017079309560327662609268935134701,37923007632436706907330105822608637040338166976125319455169773340202609213912563299181822913629682932027732362456719130496273268952965242601748302962126099,32,"[2, 3, 5, 7, 11, 13, 17, 19, 23, 29, 31, 37, 41, 43, 47, 53, 59, 61, 67, 71, 73, 79, 83, 89, 97, 101, 103, 107, 109, 113, 127, 131]","[4, 9, 25, 49, 121, 169, 289, 361, 529, 841, 961, 1369, 1681, 1849, 2209, 2809, 3481, 3721, 4489, 5041, 5329, 6241, 6889, 7921, 9409, 10201, 10609, 11449, 11881, 12769, 16129, 17161]",64,no_relation,0,0,0,no_relation,0,0,0,False,,,,True,True,0.0005767080001533031,False,False
1024,94,89884656743115795386465259539451236680898848947115328636715040578866337902750481566354238661203768010560056939935696678829394884407208311246423715319747468341749203637321334481837802682035099593638650510712853057040396967358653674525349710779841648712795752567519771578512869063183290754557989909848961250137,2370187977027294181708131613913039815021135436007832465948110833762663075869535206198863932101855183251733272653544945656017079309560327662609268935134701,37923007632436706907330105822608637040338166976125319455169773340202609213912563299181822913629682932027732362456719130496273268952965242601748302962126237,32,"[2, 3, 5, 7, 11, 13, 17, 19, 23, 29, 31, 37, 41, 43, 47, 53, 59, 61, 67, 71, 73, 79, 83, 89, 97, 101, 103, 107, 109, 113, 127, 131]","[4, 9, 25, 49, 121, 169, 289, 361, 529, 841, 961, 1369, 1681, 1849, 2209, 2809, 3481, 3721, 4489, 5041, 5329, 6241, 6889, 7921, 9409, 10201, 10609, 11449, 11881, 12769, 16129, 17161]",64,no_relation,0,0,0,no_relation,0,0,0,False,,,,True,True,0.0005510410119313747,False,False
1024,95,89884656743115795386465259539451236680898848947115328636715040578866337902750481566354238661203768010560056939935696678829394884407208311246423715319747539447388514456146785725786220073229550227701730745686831500365409847250929760581535676697804704368293304565699377926882549575562577564387868187917015291167,2370187977027294181708131613913039815021135436007832465948110833762663075869535206198863932101855183251733272653544945656017079309560327662609268935134701,37923007632436706907330105822608637040338166976125319455169773340202609213912563299181822913629682932027732362456719130496273268952965242601748302962126267,32,"[2, 3, 5, 7, 11, 13, 17, 19, 23, 29, 31, 37, 41, 43, 47, 53, 59, 61, 67, 71, 73, 79, 83, 89, 97, 101, 103, 107, 109, 113, 127, 131]","[4, 9, 25, 49, 121, 169, 289, 361, 529, 841, 961, 1369, 1681, 1849, 2209, 2809, 3481, 3721, 4489, 5041, 5329, 6241, 6889, 7921, 9409, 10201, 10609, 11449, 11881, 12769, 16129, 17161]",64,no_relation,0,0,0,no_relation,0,0,0,False,,,,True,True,0.0005280420009512454,False,False
1024,96,89884656743115795386465259539451236680898848947115328636715040578866337902750481566354238661203768010560056939935696678829394884407208311246423715319747852312201482058978771199159256594485133017579283779572336650995466518776944539228753926736842149252482533357689645859709143830031439527639332611416453071699,2370187977027294181708131613913039815021135436007832465948110833762663075869535206198863932101855183251733272653544945656017079309560327662609268935134701,37923007632436706907330105822608637040338166976125319455169773340202609213912563299181822913629682932027732362456719130496273268952965242601748302962126399,32,"[2, 3, 5, 7, 11, 13, 17, 19, 23, 29, 31, 37, 41, 43, 47, 53, 59, 61, 67, 71, 73, 79, 83, 89, 97, 101, 103, 107, 109, 113, 127, 131]","[4, 9, 25, 49, 121, 169, 289, 361, 529, 841, 961, 1369, 1681, 1849, 2209, 2809, 3481, 3721, 4489, 5041, 5329, 6241, 6889, 7921, 9409, 10201, 10609, 11449, 11881, 12769, 16129, 17161]",64,no_relation,0,0,0,no_relation,0,0,0,False,,,,True,True,0.0005274160066619515,False,False
1024,97,89884656743115795386465259539451236680898848947115328636715040578866337902750481566354238661203768010560056939935696678829394884407208311246423715319747999263856057751218037103319319202953664327976316265185225433867159803887648450411538256300632464273844140820594165646339816888948632267954414386090431423161,2370187977027294181708131613913039815021135436007832465948110833762663075869535206198863932101855183251733272653544945656017079309560327662609268935134701,37923007632436706907330105822608637040338166976125319455169773340202609213912563299181822913629682932027732362456719130496273268952965242601748302962126461,32,"[2, 3, 5, 7, 11, 13, 17, 19, 23, 29, 31, 37, 41, 43, 47, 53, 59, 61, 67, 71, 73, 79, 83, 89, 97, 101, 103, 107, 109, 113, 127, 131]","[4, 9, 25, 49, 121, 169, 289, 361, 529, 841, 961, 1369, 1681, 1849, 2209, 2809, 3481, 3721, 4489, 5041, 5329, 6241, 6889, 7921, 9409, 10201, 10609, 11449, 11881, 12769, 16129, 17161]",64,no_relation,0,0,0,no_relation,0,0,0,False,,,,True,True,0.0005258340097498149,False,False
1024,98,89884656743115795386465259539451236680898848947115328636715040578866337902750481566354238661203768010560056939935696678829394884407208311246423715319748041927239644242513307849688369637670334708414164406169612499862167531823014102045249835851410297667142672019501929455361625196376204353852341352931263847779,2370187977027294181708131613913039815021135436007832465948110833762663075869535206198863932101855183251733272653544945656017079309560327662609268935134701,37923007632436706907330105822608637040338166976125319455169773340202609213912563299181822913629682932027732362456719130496273268952965242601748302962126479,32,"[2, 3, 5, 7, 11, 13, 17, 19, 23, 29, 31, 37, 41, 43, 47, 53, 59, 61, 67, 71, 73, 79, 83, 89, 97, 101, 103, 107, 109, 113, 127, 131]","[4, 9, 25, 49, 121, 169, 289, 361, 529, 841, 961, 1369, 1681, 1849, 2209, 2809, 3481, 3721, 4489, 5041, 5329, 6241, 6889, 7921, 9409, 10201, 10609, 11449, 11881, 12769, 16129, 17161]",64,no_relation,0,0,0,no_relation,0,0,0,False,,,,True,True,0.000524833012605086,False,False
1024,99,89884656743115795386465259539451236680898848947115328636715040578866337902750481566354238661203768010560056939935696678829394884407208311246423715319748169917390403716399120088795520941820345849727708829122773697847190715629111056946384574503743797847038265616225220882427050118658920611546122253453761121633,2370187977027294181708131613913039815021135436007832465948110833762663075869535206198863932101855183251733272653544945656017079309560327662609268935134701,37923007632436706907330105822608637040338166976125319455169773340202609213912563299181822913629682932027732362456719130496273268952965242601748302962126533,32,"[2, 3, 5, 7, 11, 13, 17, 19, 23, 29, 31, 37, 41, 43, 47, 53, 59, 61, 67, 71, 73, 79, 83, 89, 97, 101, 103, 107, 109, 113, 127, 131]","[4, 9, 25, 49, 121, 169, 289, 361, 529, 841, 961, 1369, 1681, 1849, 2209, 2809, 3481, 3721, 4489, 5041, 5329, 6241, 6889, 7921, 9409, 10201, 10609, 11449, 11881, 12769, 16129, 17161]",64,no_relation,0,0,0,no_relation,0,0,0,False,,,,True,True,0.0005240829777903855,False,False
1536,0,1205156213460516294290058303014157056456046623972844475679837519532628695795901600334542512053673024831724383140444002393931208489397479162484806493945387325727606669690812612385391038958840749838422771568693910028798672928952299690524340142254896283462281649436013224903585553075590336936346373338090594496125876082324063229763379651666117647258193855790623988074839532583513152254680992816251691152145323826321592642724374002310303559672251584840060153307622529,274449017745158396464337870295745082864746338411464711142734027107319117710440229555061172807946501357880576992646739578543563289642496527491444529943087554735129393735001496358959047582540109058763545419836865483802291922714694549,4391184283922534343429405924731921325835941414583435378283744433717105883367043672880978764927144021726089231882347833256697012634279944439863112479089400875762070299760023941743344761320641744940216726717389847740836670763435113021,40,"[2, 3, 5, 7, 11, 13, 17, 19, 23, 29, 31, 37, 41, 43, 47, 53, 59, 61, 67, 71, 73, 79, 83, 89, 97, 101, 103, 107, 109, 113, 127, 131, 137, 139, 149, 151, 157, 163, 167, 173]","[4, 9, 25, 49, 121, 169, 289, 361, 529, 841, 961, 1369, 1681, 1849, 2209, 2809, 3481, 3721, 4489, 5041, 5329, 6241, 6889, 7921, 9409, 10201, 10609, 11449, 11881, 12769, 16129, 17161, 18769, 19321, 22201, 22801, 24649, 26569, 27889, 29929]",64,no_relation,0,0,0,no_relation,0,0,0,False,,,,True,True,0.000799917004769668,False,False
1536,1,1205156213460516294290058303014157056456046623972844475679837519532628695795901600334542512053673024831724383140444002393931208489397479162484806493945387325727606669690812612385391038958840749838422771568693910028798672928952299800303947240318254869197429767734046370802120917661474794029957216265737678672217698106793186408363922803896914705954025273215939845073450529161325129489702886868009185152743867409940625658767997507728471494418445105756829239185442129,274449017745158396464337870295745082864746338411464711142734027107319117710440229555061172807946501357880576992646739578543563289642496527491444529943087554735129393735001496358959047582540109058763545419836865483802291922714694549,4391184283922534343429405924731921325835941414583435378283744433717105883367043672880978764927144021726089231882347833256697012634279944439863112479089400875762070299760023941743344761320641744940216726717389847740836670763435113421,40,"[2, 3, 5, 7, 11, 13, 17, 19, 23, 29, 31, 37, 41, 43, 47, 53, 59, 61, 67, 71, 73, 79, 83, 89, 97, 101, 103, 107, 109, 113, 127, 131, 137, 139, 149, 151, 157, 163, 167, 173]","[4, 9, 25, 49, 121, 169, 289, 361, 529, 841, 961, 1369, 1681, 1849, 2209, 2809, 3481, 3721, 4489, 5041, 5329, 6241, 6889, 7921, 9409, 10201, 10609, 11449, 11881, 12769, 16129, 17161, 18769, 19321, 22201, 22801, 24649, 26569, 27889, 29929]",64,no_relation,0,0,0,no_relation,0,0,0,False,,,,True,True,0.0007245000160764903,False,False
1536,2,1205156213460516294290058303014157056456046623972844475679837519532628695795901600334542512053673024831724383140444002393931208489397479162484806493945387325727606669690812612385391038958840749838422771568693910028798672928952300001200628229774201081092750824219447027796440634853643350511265058823331842714465732411571681825202916772479273323367396767104267863380908652898721047829792952982725399173839202167963456078127828522643718815003979249034516666341851997,274449017745158396464337870295745082864746338411464711142734027107319117710440229555061172807946501357880576992646739578543563289642496527491444529943087554735129393735001496358959047582540109058763545419836865483802291922714694549,4391184283922534343429405924731921325835941414583435378283744433717105883367043672880978764927144021726089231882347833256697012634279944439863112479089400875762070299760023941743344761320641744940216726717389847740836670763435114153,40,"[2, 3, 5, 7, 11, 13, 17, 19, 23, 29, 31, 37, 41, 43, 47, 53, 59, 61, 67, 71, 73, 79, 83, 89, 97, 101, 103, 107, 109, 113, 127, 131, 137, 139, 149, 151, 157, 163, 167, 173]","[4, 9, 25, 49, 121, 169, 289, 361, 529, 841, 961, 1369, 1681, 1849, 2209, 2809, 3481, 3721, 4489, 5041, 5329, 6241, 6889, 7921, 9409, 10201, 10609, 11449, 11881, 12769, 16129, 17161, 18769, 19321, 22201, 22801, 24649, 26569, 27889, 29929]",64,no_relation,0,0,0,no_relation,0,0,0,False,,,,True,True,0.0007169999880716205,False,False
1536,3,1205156213460516294290058303014157056456046623972844475679837519532628695795901600334542512053673024831724383140444002393931208489397479162484806493945387325727606669690812612385391038958840749838422771568693910028798672928952300149403097812159735171835200783921791774759463377044587367587639696775655406352189692144604998116313650027990849352606769180628444270329033498278767217097072509952598016074647236005849150649786720254958245526911340502272154932276908457,274449017745158396464337870295745082864746338411464711142734027107319117710440229555061172807946501357880576992646739578543563289642496527491444529943087554735129393735001496358959047582540109058763545419836865483802291922714694549,4391184283922534343429405924731921325835941414583435378283744433717105883367043672880978764927144021726089231882347833256697012634279944439863112479089400875762070299760023941743344761320641744940216726717389847740836670763435114693,40,"[2, 3, 5, 7, 11, 13, 17, 19, 23, 29, 31, 37, 41, 43, 47, 53, 59, 61, 67, 71, 73, 79, 83, 89, 97, 101, 103, 107, 109, 113, 127, 131, 137, 139, 149, 151, 157, 163, 167, 173]","[4, 9, 25, 49, 121, 169, 289, 361, 529, 841, 961, 1369, 1681, 1849, 2209, 2809, 3481, 3721, 4489, 5041, 5329, 6241, 6889, 7921, 9409, 10201, 10609, 11449, 11881, 12769, 16129, 17161, 18769, 19321, 22201, 22801, 24649, 26569, 27889, 29929]",64,no_relation,0,0,0,no_relation,0,0,0,False,,,,True,True,0.0007090000144671649,False,False
1536,4,1205156213460516294290058303014157056456046623972844475679837519532628695795901600334542512053673024831724383140444002393931208489397479162484806493945387325727606669690812612385391038958840749838422771568693910028798672928952300155989874238043536686979309671019673763513375498919740435013256347351314231402755201466073145507029682617124697176128519065673963221748950158073435935731173823595703465714683148620866292630749337665283335602996112113527161077429577633,274449017745158396464337870295745082864746338411464711142734027107319117710440229555061172807946501357880576992646739578543563289642496527491444529943087554735129393735001496358959047582540109058763545419836865483802291922714694549,4391184283922534343429405924731921325835941414583435378283744433717105883367043672880978764927144021726089231882347833256697012634279944439863112479089400875762070299760023941743344761320641744940216726717389847740836670763435114717,40,"[2, 3, 5, 7, 11, 13, 17, 19, 23, 29, 31, 37, 41, 43, 47, 53, 59, 61, 67, 71, 73, 79, 83, 89, 97, 101, 103, 107, 109, 113, 127, 131, 137, 139, 149, 151, 157, 163, 167, 173]","[4, 9, 25, 49, 121, 169, 289, 361, 529, 841, 961, 1369, 1681, 1849, 2209, 2809, 3481, 3721, 4489, 5041, 5329, 6241, 6889, 7921, 9409, 10201, 10609, 11449, 11881, 12769, 16129, 17161, 18769, 19321, 22201, 22801, 24649, 26569, 27889, 29929]",64,no_relation,0,0,0,no_relation,0,0,0,False,,,,True,True,0.0006990830006543547,False,False
1536,5,1205156213460516294290058303014157056456046623972844475679837519532628695795901600334542512053673024831724383140444002393931208489397479162484806493945387325727606669690812612385391038958840749838422771568693910028798672928952300198803921006288246535416017437155906690413804291108235373279764576093096594231431012055616103546683894446494708029019893318469836405978408446738782606852832362275888888374916580618477715507006350832396421097547127586684701020921927277,274449017745158396464337870295745082864746338411464711142734027107319117710440229555061172807946501357880576992646739578543563289642496527491444529943087554735129393735001496358959047582540109058763545419836865483802291922714694549,4391184283922534343429405924731921325835941414583435378283744433717105883367043672880978764927144021726089231882347833256697012634279944439863112479089400875762070299760023941743344761320641744940216726717389847740836670763435114873,40,"[2, 3, 5, 7, 11, 13, 17, 19, 23, 29, 31, 37, 41, 43, 47, 53, 59, 61, 67, 71, 73, 79, 83, 89, 97, 101, 103, 107, 109, 113, 127, 131, 137, 139, 149, 151, 157, 163, 167, 173]","[4, 9, 25, 49, 121, 169, 289, 361, 529, 841, 961, 1369, 1681, 1849, 2209, 2809, 3481, 3721, 4489, 5041, 5329, 6241, 6889, 7921, 9409, 10201, 10609, 11449, 11881, 12769, 16129, 17161, 18769, 19321, 22201, 22801, 24649, 26569, 27889, 29929]",64,no_relation,0,0,0,no_relation,0,0,0,False,,,,True,True,0.000704374979250133,False,False
1536,6,1205156213460516294290058303014157056456046623972844475679837519532628695795901600334542512053673024831724383140444002393931208489397479162484806493945387325727606669690812612385391038958840749838422771568693910028798672928952300326148265240041742494868789254381625139656105314027861343508353153889167211875697525604000286433860524503082432617107057762683202800096797202769044500445457759375927581415610891175475793805616954098681495901852712070948153160540198013,274449017745158396464337870295745082864746338411464711142734027107319117710440229555061172807946501357880576992646739578543563289642496527491444529943087554735129393735001496358959047582540109058763545419836865483802291922714694549,4391184283922534343429405924731921325835941414583435378283744433717105883367043672880978764927144021726089231882347833256697012634279944439863112479089400875762070299760023941743344761320641744940216726717389847740836670763435115337,40,"[2, 3, 5, 7, 11, 13, 17, 19, 23, 29, 31, 37, 41, 43, 47, 53, 59, 61, 67, 71, 73, 79, 83, 89, 97, 101, 103, 107, 109, 113, 127, 131, 137, 139, 149, 151, 157, 163, 167, 173]","[4, 9, 25, 49, 121, 169, 289, 361, 529, 841, 961, 1369, 1681, 1849, 2209, 2809, 3481, 3721, 4489, 5041, 5329, 6241, 6889, 7921, 9409, 10201, 10609, 11449, 11881, 12769, 16129, 17161, 18769, 19321, 22201, 22801, 24649, 26569, 27889, 29929]",64,no_relation,0,0,0,no_relation,0,0,0,False,,,,True,True,0.0007036669994704425,False,False
1536,7,1205156213460516294290058303014157056456046623972844475679837519532628695795901600334542512053673024831724383140444002393931208489397479162484806493945387325727606669690812612385391038958840749838422771568693910028798672928952300334381735772396494388798925363253977625598495466371802677790373967108740743188904412255835470672255565239499742396509245118990101489371693027512380398738084401429809393465655781944247221281820225861587858496958676585016910841981034483,274449017745158396464337870295745082864746338411464711142734027107319117710440229555061172807946501357880576992646739578543563289642496527491444529943087554735129393735001496358959047582540109058763545419836865483802291922714694549,4391184283922534343429405924731921325835941414583435378283744433717105883367043672880978764927144021726089231882347833256697012634279944439863112479089400875762070299760023941743344761320641744940216726717389847740836670763435115367,40,"[2, 3, 5, 7, 11, 13, 17, 19, 23, 29, 31, 37, 41, 43, 47, 53, 59, 61, 67, 71, 73, 79, 83, 89, 97, 101, 103, 107, 109, 113, 127, 131, 137, 139, 149, 151, 157, 163, 167, 173]","[4, 9, 25, 49, 121, 169, 289, 361, 529, 841, 961, 1369, 1681, 1849, 2209, 2809, 3481, 3721, 4489, 5041, 5329, 6241, 6889, 7921, 9409, 10201, 10609, 11449, 11881, 12769, 16129, 17161, 18769, 19321, 22201, 22801, 24649, 26569, 27889, 29929]",64,no_relation,0,0,0,no_relation,0,0,0,False,,,,True,True,0.0007023330254014581,False,False
1536,8,1205156213460516294290058303014157056456046623972844475679837519532628695795901600334542512053673024831724383140444002393931208489397479162484806493945387325727606669690812612385391038958840749838422771568693910028798672928952300378842476647112154616021660351164681049687402289029085882913286358494437812280221600175745465559588785216153215205281056843047354411456130481126394249518268268520771178535898192095612929653317893381282216510530884960988202321761551421,274449017745158396464337870295745082864746338411464711142734027107319117710440229555061172807946501357880576992646739578543563289642496527491444529943087554735129393735001496358959047582540109058763545419836865483802291922714694549,4391184283922534343429405924731921325835941414583435378283744433717105883367043672880978764927144021726089231882347833256697012634279944439863112479089400875762070299760023941743344761320641744940216726717389847740836670763435115529,40,"[2, 3, 5, 7, 11, 13, 17, 19, 23, 29, 31, 37, 41, 43, 47, 53, 59, 61, 67, 71, 73, 79, 83, 89, 97, 101, 103, 107, 109, 113, 127, 131, 137, 139, 149, 151, 157, 163, 167, 173]","[4, 9, 25, 49, 121, 169, 289, 361, 529, 841, 961, 1369, 1681, 1849, 2209, 2809, 3481, 3721, 4489, 5041, 5329, 6241, 6889, 7921, 9409, 10201, 10609, 11449, 11881, 12769, 16129, 17161, 18769, 19321, 22201, 22801, 24649, 26569, 27889, 29929]",64,no_relation,0,0,0,no_relation,0,0,0,False,,,,True,True,0.0007034169975668192,False,False
1536,9,1205156213460516294290058303014157056456046623972844475679837519532628695795901600334542512053673024831724383140444002393931208489397479162484806493945387325727606669690812612385391038958840749838422771568693910028798672928952300639020145469522314464213961391531019605466931103097632046225144056232961401777559218373737287492872072486940204234390177302345352992542838543015808635565270157423436439317316740388790037901341281089123274515879363605560945055291983873,274449017745158396464337870295745082864746338411464711142734027107319117710440229555061172807946501357880576992646739578543563289642496527491444529943087554735129393735001496358959047582540109058763545419836865483802291922714694549,4391184283922534343429405924731921325835941414583435378283744433717105883367043672880978764927144021726089231882347833256697012634279944439863112479089400875762070299760023941743344761320641744940216726717389847740836670763435116477,40,"[2, 3, 5, 7, 11, 13, 17, 19, 23, 29, 31, 37, 41, 43, 47, 53, 59, 61, 67, 71, 73, 79, 83, 89, 97, 101, 103, 107, 109, 113, 127, 131, 137, 139, 149, 151, 157, 163, 167, 173]","[4, 9, 25, 49, 121, 169, 289, 361, 529, 841, 961, 1369, 1681, 1849, 2209, 2809, 3481, 3721, 4489, 5041, 5329, 6241, 6889, 7921, 9409, 10201, 10609, 11449, 11881, 12769, 16129, 17161, 18769, 19321, 22201, 22801, 24649, 26569, 27889, 29929]",64,no_relation,0,0,0,no_relation,0,0,0,False,,,,True,True,0.000719208997907117,False,False
1536,10,1205156213460516294290058303014157056456046623972844475679837519532628695795901600334542512053673024831724383140444002393931208489397479162484806493945387325727606669690812612385391038958840749838422771568693910028798672928952300841014622529958894261966633929199400593920236173935659447277388007219832036661568170898760474141497071887044870822390507110407934169420282776718982673677710442478670228278418060582649058650861548339092703515812359684047800173307171937,274449017745158396464337870295745082864746338411464711142734027107319117710440229555061172807946501357880576992646739578543563289642496527491444529943087554735129393735001496358959047582540109058763545419836865483802291922714694549,4391184283922534343429405924731921325835941414583435378283744433717105883367043672880978764927144021726089231882347833256697012634279944439863112479089400875762070299760023941743344761320641744940216726717389847740836670763435117213,40,"[2, 3, 5, 7, 11, 13, 17, 19, 23, 29, 31, 37, 41, 43, 47, 53, 59, 61, 67, 71, 73, 79, 83, 89, 97, 101, 103, 107, 109, 113, 127, 131, 137, 139, 149, 151, 157, 163, 167, 173]","[4, 9, 25, 49, 121, 169, 289, 361, 529, 841, 961, 1369, 1681, 1849, 2209, 2809, 3481, 3721, 4489, 5041, 5329, 6241, 6889, 7921, 9409, 10201, 10609, 11449, 11881, 12769, 16129, 17161, 18769, 19321, 22201, 22801, 24649, 26569, 27889, 29929]",64,no_relation,0,0,0,no_relation,0,0,0,False,,,,True,True,0.0007011250127106905,False,False
1536,11,1205156213460516294290058303014157056456046623972844475679837519532628695795901600334542512053673024831724383140444002393931208489397479162484806493945387325727606669690812612385391038958840749838422771568693910028798672928952301419553151936752794008790864512630035272805517545303270536160717149448532170269572072967712753292721934299301171321717538680239348735802962728684051793706275824131432221661572385268321362645411444212646448531924799539279173255883281229,274449017745158396464337870295745082864746338411464711142734027107319117710440229555061172807946501357880576992646739578543563289642496527491444529943087554735129393735001496358959047582540109058763545419836865483802291922714694549,4391184283922534343429405924731921325835941414583435378283744433717105883367043672880978764927144021726089231882347833256697012634279944439863112479089400875762070299760023941743344761320641744940216726717389847740836670763435119321,40,"[2, 3, 5, 7, 11, 13, 17, 19, 23, 29, 31, 37, 41, 43, 47, 53, 59, 61, 67, 71, 73, 79, 83, 89, 97, 101, 103, 107, 109, 113, 127, 131, 137, 139, 149, 151, 157, 163, 167, 173]","[4, 9, 25, 49, 121, 169, 289, 361, 529, 841, 961, 1369, 1681, 1849, 2209, 2809, 3481, 3721, 4489, 5041, 5329, 6241, 6889, 7921, 9409, 10201, 10609, 11449, 11881, 12769, 16129, 17161, 18769, 19321, 22201, 22801, 24649, 26569, 27889, 29929]",64,no_relation,0,0,0,no_relation,0,0,0,False,,,,True,True,0.0007018750184215605,False,False
1536,12,1205156213460516294290058303014157056456046623972844475679837519532628695795901600334542512053673024831724383140444002393931208489397479162484806493945387325727606669690812612385391038958840749838422771568693910028798672928952301528234962963835519008668661149745088087245067556243296148683391883946902783603902976771937185239536472020009660409826411783490411434231587615296085651168947499242672140722164943416104205331294631483010434787323531124986774650902322633,274449017745158396464337870295745082864746338411464711142734027107319117710440229555061172807946501357880576992646739578543563289642496527491444529943087554735129393735001496358959047582540109058763545419836865483802291922714694549,4391184283922534343429405924731921325835941414583435378283744433717105883367043672880978764927144021726089231882347833256697012634279944439863112479089400875762070299760023941743344761320641744940216726717389847740836670763435119717,40,"[2, 3, 5, 7, 11, 13, 17, 19, 23, 29, 31, 37, 41, 43, 47, 53, 59, 61, 67, 71, 73, 79, 83, 89, 97, 101, 103, 107, 109, 113, 127, 131, 137, 139, 149, 151, 157, 163, 167, 173]","[4, 9, 25, 49, 121, 169, 289, 361, 529, 841, 961, 1369, 1681, 1849, 2209, 2809, 3481, 3721, 4489, 5041, 5329, 6241, 6889, 7921, 9409, 10201, 10609, 11449, 11881, 12769, 16129, 17161, 18769, 19321, 22201, 22801, 24649, 26569, 27889, 29929]",64,no_relation,0,0,0,no_relation,0,0,0,False,,,,True,True,0.0006972920091357082,False,False
1536,13,1205156213460516294290058303014157056456046623972844475679837519532628695795901600334542512053673024831724383140444002393931208489397479162484806493945387325727606669690812612385391038958840749838422771568693910028798672928952301628683303458563492114616321677987788415742227414839380426924045805225699865625026993924326432947955969004300839718533097530434575443385316677164783610338992532300030247732712610795115620540974546990468058447616298196625618364480527567,274449017745158396464337870295745082864746338411464711142734027107319117710440229555061172807946501357880576992646739578543563289642496527491444529943087554735129393735001496358959047582540109058763545419836865483802291922714694549,4391184283922534343429405924731921325835941414583435378283744433717105883367043672880978764927144021726089231882347833256697012634279944439863112479089400875762070299760023941743344761320641744940216726717389847740836670763435120083,40,"[2, 3, 5, 7, 11, 13, 17, 19, 23, 29, 31, 37, 41, 43, 47, 53, 59, 61, 67, 71, 73, 79, 83, 89, 97, 101, 103, 107, 109, 113, 127, 131, 137, 139, 149, 151, 157, 163, 167, 173]","[4, 9, 25, 49, 121, 169, 289, 361, 529, 841, 961, 1369, 1681, 1849, 2209, 2809, 3481, 3721, 4489, 5041, 5329, 6241, 6889, 7921, 9409, 10201, 10609, 11449, 11881, 12769, 16129, 17161, 18769, 19321, 22201, 22801, 24649, 26569, 27889, 29929]",64,no_relation,0,0,0,no_relation,0,0,0,False,,,,True,True,0.0007052500150166452,False,False
1536,14,1205156213460516294290058303014157056456046623972844475679837519532628695795901600334542512053673024831724383140444002393931208489397479162484806493945387325727606669690812612385391038958840749838422771568693910028798672928952301701137844143285308781201519436064490292035260755466064168605828961557946941181247596460476054245832327484773165777272346265935283909004399934906139515314106982374190193773107649560304182331563338504044049284548785920430685961159888503,274449017745158396464337870295745082864746338411464711142734027107319117710440229555061172807946501357880576992646739578543563289642496527491444529943087554735129393735001496358959047582540109058763545419836865483802291922714694549,4391184283922534343429405924731921325835941414583435378283744433717105883367043672880978764927144021726089231882347833256697012634279944439863112479089400875762070299760023941743344761320641744940216726717389847740836670763435120347,40,"[2, 3, 5, 7, 11, 13, 17, 19, 23, 29, 31, 37, 41, 43, 47, 53, 59, 61, 67, 71, 73, 79, 83, 89, 97, 101, 103, 107, 109, 113, 127, 131, 137, 139, 149, 151, 157, 163, 167, 173]","[4, 9, 25, 49, 121, 169, 289, 361, 529, 841, 961, 1369, 1681, 1849, 2209, 2809, 3481, 3721, 4489, 5041, 5329, 6241, 6889, 7921, 9409, 10201, 10609, 11449, 11881, 12769, 16129, 17161, 18769, 19321, 22201, 22801, 24649, 26569, 27889, 29929]",64,no_relation,0,0,0,no_relation,0,0,0,False,,,,True,True,0.0007095830223988742,False,False
1536,15,1205156213460516294290058303014157056456046623972844475679837519532628695795901600334542512053673024831724383140444002393931208489397479162484806493945387325727606669690812612385391038958840749838422771568693910028798672928952301763163322153691106382141878122902879019467933236457088886863719087812067543740739475904301108841741634365783566115435491016780587368208615147972603282451894352513433177883445826685048935985627985784605314167680385259748660494680856577,274449017745158396464337870295745082864746338411464711142734027107319117710440229555061172807946501357880576992646739578543563289642496527491444529943087554735129393735001496358959047582540109058763545419836865483802291922714694549,4391184283922534343429405924731921325835941414583435378283744433717105883367043672880978764927144021726089231882347833256697012634279944439863112479089400875762070299760023941743344761320641744940216726717389847740836670763435120573,40,"[2, 3, 5, 7, 11, 13, 17, 19, 23, 29, 31, 37, 41, 43, 47, 53, 59, 61, 67, 71, 73, 79, 83, 89, 97, 101, 103, 107, 109, 113, 127, 131, 137, 139, 149, 151, 157, 163, 167, 173]","[4, 9, 25, 49, 121, 169, 289, 361, 529, 841, 961, 1369, 1681, 1849, 2209, 2809, 3481, 3721, 4489, 5041, 5329, 6241, 6889, 7921, 9409, 10201, 10609, 11449, 11881, 12769, 16129, 17161, 18769, 19321, 22201, 22801, 24649, 26569, 27889, 29929]",64,no_relation,0,0,0,no_relation,0,0,0,False,,,,True,True,0.0007203330169431865,False,False
1536,16,1205156213460516294290058303014157056456046623972844475679837519532628695795901600334542512053673024831724383140444002393931208489397479162484806493945387325727606669690812612385391038958840749838422771568693910028798672928952301983820332420798457139469525840681925642723989319274716645621876882096638182934684038173484046430728726101767468203414112165805472240775823251094005356694288359557465740824648899288123192347875669030495831716520234236791366357295273973,274449017745158396464337870295745082864746338411464711142734027107319117710440229555061172807946501357880576992646739578543563289642496527491444529943087554735129393735001496358959047582540109058763545419836865483802291922714694549,4391184283922534343429405924731921325835941414583435378283744433717105883367043672880978764927144021726089231882347833256697012634279944439863112479089400875762070299760023941743344761320641744940216726717389847740836670763435121377,40,"[2, 3, 5, 7, 11, 13, 17, 19, 23, 29, 31, 37, 41, 43, 47, 53, 59, 61, 67, 71, 73, 79, 83, 89, 97, 101, 103, 107, 109, 113, 127, 131, 137, 139, 149, 151, 157, 163, 167, 173]","[4, 9, 25, 49, 121, 169, 289, 361, 529, 841, 961, 1369, 1681, 1849, 2209, 2809, 3481, 3721, 4489, 5041, 5329, 6241, 6889, 7921, 9409, 10201, 10609, 11449, 11881, 12769, 16129, 17161, 18769, 19321, 22201, 22801, 24649, 26569, 27889, 29929]",64,no_relation,0,0,0,no_relation,0,0,0,False,,,,True,True,0.0007069589919410646,False,False
1536,17,1205156213460516294290058303014157056456046623972844475679837519532628695795901600334542512053673024831724383140444002393931208489397479162484806493945387325727606669690812612385391038958840749838422771568693910028798672928952302123789331470829239336281839691511917903744621909121719328416230706829388215259201111254682178483444418620861734453251297223022749958449052271730715627668941274473456545675412042357237459443331288999903995833321630975960246941789493963,274449017745158396464337870295745082864746338411464711142734027107319117710440229555061172807946501357880576992646739578543563289642496527491444529943087554735129393735001496358959047582540109058763545419836865483802291922714694549,4391184283922534343429405924731921325835941414583435378283744433717105883367043672880978764927144021726089231882347833256697012634279944439863112479089400875762070299760023941743344761320641744940216726717389847740836670763435121887,40,"[2, 3, 5, 7, 11, 13, 17, 19, 23, 29, 31, 37, 41, 43, 47, 53, 59, 61, 67, 71, 73, 79, 83, 89, 97, 101, 103, 107, 109, 113, 127, 131, 137, 139, 149, 151, 157, 163, 167, 173]","[4, 9, 25, 49, 121, 169, 289, 361, 529, 841, 961, 1369, 1681, 1849, 2209, 2809, 3481, 3721, 4489, 5041, 5329, 6241, 6889, 7921, 9409, 10201, 10609, 11449, 11881, 12769, 16129, 17161, 18769, 19321, 22201, 22801, 24649, 26569, 27889, 29929]",64,no_relation,0,0,0,no_relation,0,0,0,False,,,,True,True,0.0007002089987508953,False,False
1536,18,1205156213460516294290058303014157056456046623972844475679837519532628695795901600334542512053673024831724383140444002393931208489397479162484806493945387325727606669690812612385391038958840749838422771568693910028798672928952302153978723422796662947359005424043877018866719134382837554116973688634491163407626362311411187357559567987725203644392650862814711819123670295789613921408572295337689856525576641842732693522743285463893992015376834194212358440405894353,274449017745158396464337870295745082864746338411464711142734027107319117710440229555061172807946501357880576992646739578543563289642496527491444529943087554735129393735001496358959047582540109058763545419836865483802291922714694549,4391184283922534343429405924731921325835941414583435378283744433717105883367043672880978764927144021726089231882347833256697012634279944439863112479089400875762070299760023941743344761320641744940216726717389847740836670763435121997,40,"[2, 3, 5, 7, 11, 13, 17, 19, 23, 29, 31, 37, 41, 43, 47, 53, 59, 61, 67, 71, 73, 79, 83, 89, 97, 101, 103, 107, 109, 113, 127, 131, 137, 139, 149, 151, 157, 163, 167, 173]","[4, 9, 25, 49, 121, 169, 289, 361, 529, 841, 961, 1369, 1681, 1849, 2209, 2809, 3481, 3721, 4489, 5041, 5329, 6241, 6889, 7921, 9409, 10201, 10609, 11449, 11881, 12769, 16129, 17161, 18769, 19321, 22201, 22801, 24649, 26569, 27889, 29929]",64,no_relation,0,0,0,no_relation,0,0,0,False,,,,True,True,0.0007032919966150075,False,False
1536,19,1205156213460516294290058303014157056456046623972844475679837519532628695795901600334542512053673024831724383140444002393931208489397479162484806493945387325727606669690812612385391038958840749838422771568693910028798672928952302173739052700448067492791332085337522985128455500008296756393823640361467638559322890275815629529707665755126747114957900517951268673383420275173620077310876236267006205445684379687784119465631137694869262243631149027977376875863901881,274449017745158396464337870295745082864746338411464711142734027107319117710440229555061172807946501357880576992646739578543563289642496527491444529943087554735129393735001496358959047582540109058763545419836865483802291922714694549,4391184283922534343429405924731921325835941414583435378283744433717105883367043672880978764927144021726089231882347833256697012634279944439863112479089400875762070299760023941743344761320641744940216726717389847740836670763435122069,40,"[2, 3, 5, 7, 11, 13, 17, 19, 23, 29, 31, 37, 41, 43, 47, 53, 59, 61, 67, 71, 73, 79, 83, 89, 97, 101, 103, 107, 109, 113, 127, 131, 137, 139, 149, 151, 157, 163, 167, 173]","[4, 9, 25, 49, 121, 169, 289, 361, 529, 841, 961, 1369, 1681, 1849, 2209, 2809, 3481, 3721, 4489, 5041, 5329, 6241, 6889, 7921, 9409, 10201, 10609, 11449, 11881, 12769, 16129, 17161, 18769, 19321, 22201, 22801, 24649, 26569, 27889, 29929]",64,no_relation,0,0,0,no_relation,0,0,0,False,,,,True,True,0.0007062919903546572,False,False
1536,20,1205156213460516294290058303014157056456046623972844475679837519532628695795901600334542512053673024831724383140444002393931208489397479162484806493945387325727606669690812612385391038958840749838422771568693910028798672928952302293947722472827445144171319274873869279887351724229840236911327513367241195732143435392609319410275260506819469894229835920031989536796899316426324192383225210253680661376339784911846960618198905433302156132178230933381239024900114343,274449017745158396464337870295745082864746338411464711142734027107319117710440229555061172807946501357880576992646739578543563289642496527491444529943087554735129393735001496358959047582540109058763545419836865483802291922714694549,4391184283922534343429405924731921325835941414583435378283744433717105883367043672880978764927144021726089231882347833256697012634279944439863112479089400875762070299760023941743344761320641744940216726717389847740836670763435122507,40,"[2, 3, 5, 7, 11, 13, 17, 19, 23, 29, 31, 37, 41, 43, 47, 53, 59, 61, 67, 71, 73, 79, 83, 89, 97, 101, 103, 107, 109, 113, 127, 131, 137, 139, 149, 151, 157, 163, 167, 173]","[4, 9, 25, 49, 121, 169, 289, 361, 529, 841, 961, 1369, 1681, 1849, 2209, 2809, 3481, 3721, 4489, 5041, 5329, 6241, 6889, 7921, 9409, 10201, 10609, 11449, 11881, 12769, 16129, 17161, 18769, 19321, 22201, 22801, 24649, 26569, 27889, 29929]",64,no_relation,0,0,0,no_relation,0,0,0,False,,,,True,True,0.0007018330215942115,False,False
1536,21,1205156213460516294290058303014157056456046623972844475679837519532628695795901600334542512053673024831724383140444002393931208489397479162484806493945387325727606669690812612385391038958840749838422771568693910028798672928952302537109552195037784411574672356904012698052607556787574309373675530451979487182186821176808427250875463589010685379241102509629064160048822673846177721958798705578323510587665558949563118748735531497803398107641049582211882550119484757,274449017745158396464337870295745082864746338411464711142734027107319117710440229555061172807946501357880576992646739578543563289642496527491444529943087554735129393735001496358959047582540109058763545419836865483802291922714694549,4391184283922534343429405924731921325835941414583435378283744433717105883367043672880978764927144021726089231882347833256697012634279944439863112479089400875762070299760023941743344761320641744940216726717389847740836670763435123393,40,"[2, 3, 5, 7, 11, 13, 17, 19, 23, 29, 31, 37, 41, 43, 47, 53, 59, 61, 67, 71, 73, 79, 83, 89, 97, 101, 103, 107, 109, 113, 127, 131, 137, 139, 149, 151, 157, 163, 167, 173]","[4, 9, 25, 49, 121, 169, 289, 361, 529, 841, 961, 1369, 1681, 1849, 2209, 2809, 3481, 3721, 4489, 5041, 5329, 6241, 6889, 7921, 9409, 10201, 10609, 11449, 11881, 12769, 16129, 17161, 18769, 19321, 22201, 22801, 24649, 26569, 27889, 29929]",64,no_relation,0,0,0,no_relation,0,0,0,False,,,,True,True,0.0007072500011418015,False,False
1536,22,1205156213460516294290058303014157056456046623972844475679837519532628695795901600334542512053673024831724383140444002393931208489397479162484806493945387325727606669690812612385391038958840749838422771568693910028798672928952302868095067595698810547566143933572582632936691681014015947510912221878835445973103664580582833634356101192986538511209034233166391468899634828528280833322389716144372354999470167854174503292107056366639174430900823047775941344041110851,274449017745158396464337870295745082864746338411464711142734027107319117710440229555061172807946501357880576992646739578543563289642496527491444529943087554735129393735001496358959047582540109058763545419836865483802291922714694549,4391184283922534343429405924731921325835941414583435378283744433717105883367043672880978764927144021726089231882347833256697012634279944439863112479089400875762070299760023941743344761320641744940216726717389847740836670763435124599,40,"[2, 3, 5, 7, 11, 13, 17, 19, 23, 29, 31, 37, 41, 43, 47, 53, 59, 61, 67, 71, 73, 79, 83, 89, 97, 101, 103, 107, 109, 113, 127, 131, 137, 139, 149, 151, 157, 163, 167, 173]","[4, 9, 25, 49, 121, 169, 289, 361, 529, 841, 961, 1369, 1681, 1849, 2209, 2809, 3481, 3721, 4489, 5041, 5329, 6241, 6889, 7921, 9409, 10201, 10609, 11449, 11881, 12769, 16129, 17161, 18769, 19321, 22201, 22801, 24649, 26569, 27889, 29929]",64,no_relation,0,0,0,no_relation,0,0,0,False,,,,True,True,0.0007324169855564833,False,False
1536,23,1205156213460516294290058303014157056456046623972844475679837519532628695795901600334542512053673024831724383140444002393931208489397479162484806493945387325727606669690812612385391038958840749838422771568693910028798672928952302884562008660408314335426416151317287604821471985701898616074953848317982508599517437884253202111146182665821158070013408945780188847449426478014952629907643000252135979099559949391717358244513599892451899621112752075913456706922783791,274449017745158396464337870295745082864746338411464711142734027107319117710440229555061172807946501357880576992646739578543563289642496527491444529943087554735129393735001496358959047582540109058763545419836865483802291922714694549,4391184283922534343429405924731921325835941414583435378283744433717105883367043672880978764927144021726089231882347833256697012634279944439863112479089400875762070299760023941743344761320641744940216726717389847740836670763435124659,40,"[2, 3, 5, 7, 11, 13, 17, 19, 23, 29, 31, 37, 41, 43, 47, 53, 59, 61, 67, 71, 73, 79, 83, 89, 97, 101, 103, 107, 109, 113, 127, 131, 137, 139, 149, 151, 157, 163, 167, 173]","[4, 9, 25, 49, 121, 169, 289, 361, 529, 841, 961, 1369, 1681, 1849, 2209, 2809, 3481, 3721, 4489, 5041, 5329, 6241, 6889, 7921, 9409, 10201, 10609, 11449, 11881, 12769, 16129, 17161, 18769, 19321, 22201, 22801, 24649, 26569, 27889, 29929]",64,no_relation,0,0,0,no_relation,0,0,0,False,,,,True,True,0.0007607499719597399,False,False
1536,24,1205156213460516294290058303014157056456046623972844475679837519532628695795901600334542512053673024831724383140444002393931208489397479162484806493945387325727606669690812612385391038958840749838422771568693910028798672928952302912555808470414470774788878921483286057025598503671299152633824613264532515064420852500492828521689321169640011319980845957223644390984072282142294684102573583235334140069712578005540211663604723886333532444473031423747232823821627789,274449017745158396464337870295745082864746338411464711142734027107319117710440229555061172807946501357880576992646739578543563289642496527491444529943087554735129393735001496358959047582540109058763545419836865483802291922714694549,4391184283922534343429405924731921325835941414583435378283744433717105883367043672880978764927144021726089231882347833256697012634279944439863112479089400875762070299760023941743344761320641744940216726717389847740836670763435124761,40,"[2, 3, 5, 7, 11, 13, 17, 19, 23, 29, 31, 37, 41, 43, 47, 53, 59, 61, 67, 71, 73, 79, 83, 89, 97, 101, 103, 107, 109, 113, 127, 131, 137, 139, 149, 151, 157, 163, 167, 173]","[4, 9, 25, 49, 121, 169, 289, 361, 529, 841, 961, 1369, 1681, 1849, 2209, 2809, 3481, 3721, 4489, 5041, 5329, 6241, 6889, 7921, 9409, 10201, 10609, 11449, 11881, 12769, 16129, 17161, 18769, 19321, 22201, 22801, 24649, 26569, 27889, 29929]",64,no_relation,0,0,0,no_relation,0,0,0,False,,,,True,True,0.0007282910228241235,False,False
1536,25,1205156213460516294290058303014157056456046623972844475679837519532628695795901600334542512053673024831724383140444002393931208489397479162484806493945387325727606669690812612385391038958840749838422771568693910028798672928952303115648081601831684158398902940334647376937888928155185398257004672680679620790190723245760706402100326001266985878568134079460478726431502625811246841987364087231085503970819883635235422743285427371357143123753489437443255632695594049,274449017745158396464337870295745082864746338411464711142734027107319117710440229555061172807946501357880576992646739578543563289642496527491444529943087554735129393735001496358959047582540109058763545419836865483802291922714694549,4391184283922534343429405924731921325835941414583435378283744433717105883367043672880978764927144021726089231882347833256697012634279944439863112479089400875762070299760023941743344761320641744940216726717389847740836670763435125501,40,"[2, 3, 5, 7, 11, 13, 17, 19, 23, 29, 31, 37, 41, 43, 47, 53, 59, 61, 67, 71, 73, 79, 83, 89, 97, 101, 103, 107, 109, 113, 127, 131, 137, 139, 149, 151, 157, 163, 167, 173]","[4, 9, 25, 49, 121, 169, 289, 361, 529, 841, 961, 1369, 1681, 1849, 2209, 2809, 3481, 3721, 4489, 5041, 5329, 6241, 6889, 7921, 9409, 10201, 10609, 11449, 11881, 12769, 16129, 17161, 18769, 19321, 22201, 22801, 24649, 26569, 27889, 29929]",64,no_relation,0,0,0,no_relation,0,0,0,False,,,,True,True,0.00070616599987261,False,False
1536,26,1205156213460516294290058303014157056456046623972844475679837519532628695795901600334542512053673024831724383140444002393931208489397479162484806493945387325727606669690812612385391038958840749838422771568693910028798672928952303135408410879483088703831229601628293343199625293780644600533854624407656095941887251210165148574248423768668529349133383734597035580691252605195252997889668028160401852890927621480286848686173279602332413352007804271208274068153601577,274449017745158396464337870295745082864746338411464711142734027107319117710440229555061172807946501357880576992646739578543563289642496527491444529943087554735129393735001496358959047582540109058763545419836865483802291922714694549,4391184283922534343429405924731921325835941414583435378283744433717105883367043672880978764927144021726089231882347833256697012634279944439863112479089400875762070299760023941743344761320641744940216726717389847740836670763435125573,40,"[2, 3, 5, 7, 11, 13, 17, 19, 23, 29, 31, 37, 41, 43, 47, 53, 59, 61, 67, 71, 73, 79, 83, 89, 97, 101, 103, 107, 109, 113, 127, 131, 137, 139, 149, 151, 157, 163, 167, 173]","[4, 9, 25, 49, 121, 169, 289, 361, 529, 841, 961, 1369, 1681, 1849, 2209, 2809, 3481, 3721, 4489, 5041, 5329, 6241, 6889, 7921, 9409, 10201, 10609, 11449, 11881, 12769, 16129, 17161, 18769, 19321, 22201, 22801, 24649, 26569, 27889, 29929]",64,no_relation,0,0,0,no_relation,0,0,0,False,,,,True,True,0.000705082988133654,False,False
1536,27,1205156213460516294290058303014157056456046623972844475679837519532628695795901600334542512053673024831724383140444002393931208489397479162484806493945387325727606669690812612385391038958840749838422771568693910028798672928952303340696276152861569259155956582845615326029886425556248535298906900682356143351178958395922408918231439463340119848894588485182376233278655168795761395319158970037188366672046897981654440426174855557464387389983186155322632258745124229,274449017745158396464337870295745082864746338411464711142734027107319117710440229555061172807946501357880576992646739578543563289642496527491444529943087554735129393735001496358959047582540109058763545419836865483802291922714694549,4391184283922534343429405924731921325835941414583435378283744433717105883367043672880978764927144021726089231882347833256697012634279944439863112479089400875762070299760023941743344761320641744940216726717389847740836670763435126321,40,"[2, 3, 5, 7, 11, 13, 17, 19, 23, 29, 31, 37, 41, 43, 47, 53, 59, 61, 67, 71, 73, 79, 83, 89, 97, 101, 103, 107, 109, 113, 127, 131, 137, 139, 149, 151, 157, 163, 167, 173]","[4, 9, 25, 49, 121, 169, 289, 361, 529, 841, 961, 1369, 1681, 1849, 2209, 2809, 3481, 3721, 4489, 5041, 5329, 6241, 6889, 7921, 9409, 10201, 10609, 11449, 11881, 12769, 16129, 17161, 18769, 19321, 22201, 22801, 24649, 26569, 27889, 29929]",64,no_relation,0,0,0,no_relation,0,0,0,False,,,,True,True,0.0007123750110622495,False,False
1536,28,1205156213460516294290058303014157056456046623972844475679837519532628695795901600334542512053673024831724383140444002393931208489397479162484806493945387325727606669690812612385391038958840749838422771568693910028798672928952303356065421146590439461158877319407339966455681376598272359292012418692226735135831813479348086163235515504652431437112004883621920453258460708316655072132062035204434415832130694083361105048420962848222930900847653248250979930768018973,274449017745158396464337870295745082864746338411464711142734027107319117710440229555061172807946501357880576992646739578543563289642496527491444529943087554735129393735001496358959047582540109058763545419836865483802291922714694549,4391184283922534343429405924731921325835941414583435378283744433717105883367043672880978764927144021726089231882347833256697012634279944439863112479089400875762070299760023941743344761320641744940216726717389847740836670763435126377,40,"[2, 3, 5, 7, 11, 13, 17, 19, 23, 29, 31, 37, 41, 43, 47, 53, 59, 61, 67, 71, 73, 79, 83, 89, 97, 101, 103, 107, 109, 113, 127, 131, 137, 139, 149, 151, 157, 163, 167, 173]","[4, 9, 25, 49, 121, 169, 289, 361, 529, 841, 961, 1369, 1681, 1849, 2209, 2809, 3481, 3721, 4489, 5041, 5329, 6241, 6889, 7921, 9409, 10201, 10609, 11449, 11881, 12769, 16129, 17161, 18769, 19321, 22201, 22801, 24649, 26569, 27889, 29929]",64,no_relation,0,0,0,no_relation,0,0,0,False,,,,True,True,0.0007060840143822134,False,False
1536,29,1205156213460516294290058303014157056456046623972844475679837519532628695795901600334542512053673024831724383140444002393931208489397479162484806493945387325727606669690812612385391038958840749838422771568693910028798672928952303626123254607826301582067341690420501505366078373479548123742295092294238562209017695659542129182592851659140192201503750170488197461475043759898072536130215894571757851073603111299063926267888276671551624020323289309706231882027455189,274449017745158396464337870295745082864746338411464711142734027107319117710440229555061172807946501357880576992646739578543563289642496527491444529943087554735129393735001496358959047582540109058763545419836865483802291922714694549,4391184283922534343429405924731921325835941414583435378283744433717105883367043672880978764927144021726089231882347833256697012634279944439863112479089400875762070299760023941743344761320641744940216726717389847740836670763435127361,40,"[2, 3, 5, 7, 11, 13, 17, 19, 23, 29, 31, 37, 41, 43, 47, 53, 59, 61, 67, 71, 73, 79, 83, 89, 97, 101, 103, 107, 109, 113, 127, 131, 137, 139, 149, 151, 157, 163, 167, 173]","[4, 9, 25, 49, 121, 169, 289, 361, 529, 841, 961, 1369, 1681, 1849, 2209, 2809, 3481, 3721, 4489, 5041, 5329, 6241, 6889, 7921, 9409, 10201, 10609, 11449, 11881, 12769, 16129, 17161, 18769, 19321, 22201, 22801, 24649, 26569, 27889, 29929]",64,no_relation,0,0,0,no_relation,0,0,0,False,,,,True,True,0.0007075000030454248,False,False
1536,30,1205156213460516294290058303014157056456046623972844475679837519532628695795901600334542512053673024831724383140444002393931208489397479162484806493945387325727606669690812612385391038958840749838422771568693910028798672928952303926919378056519904106981647534557112325128065272444871536178788801915991572851509288006587526691958339896252576142330328254233562909651237890521277353754175884273573384635243120718180076731847805076397404161527859557018179177332680893,274449017745158396464337870295745082864746338411464711142734027107319117710440229555061172807946501357880576992646739578543563289642496527491444529943087554735129393735001496358959047582540109058763545419836865483802291922714694549,4391184283922534343429405924731921325835941414583435378283744433717105883367043672880978764927144021726089231882347833256697012634279944439863112479089400875762070299760023941743344761320641744940216726717389847740836670763435128457,40,"[2, 3, 5, 7, 11, 13, 17, 19, 23, 29, 31, 37, 41, 43, 47, 53, 59, 61, 67, 71, 73, 79, 83, 89, 97, 101, 103, 107, 109, 113, 127, 131, 137, 139, 149, 151, 157, 163, 167, 173]","[4, 9, 25, 49, 121, 169, 289, 361, 529, 841, 961, 1369, 1681, 1849, 2209, 2809, 3481, 3721, 4489, 5041, 5329, 6241, 6889, 7921, 9409, 10201, 10609, 11449, 11881, 12769, 16129, 17161, 18769, 19321, 22201, 22801, 24649, 26569, 27889, 29929]",64,no_relation,0,0,0,no_relation,0,0,0,False,,,,True,True,0.0006986669905018061,False,False
1536,31,1205156213460516294290058303014157056456046623972844475679837519532628695795901600334542512053673024831724383140444002393931208489397479162484806493945387325727606669690812612385391038958840749838422771568693910028798672928952303949973095547113209409986028639399699285766757699007907272168447078930797460528488570631726042559464453958221043524656452851892879239620946199802617868973530482024442458375368814870740073665216966012535219427824560196410700685367023009,274449017745158396464337870295745082864746338411464711142734027107319117710440229555061172807946501357880576992646739578543563289642496527491444529943087554735129393735001496358959047582540109058763545419836865483802291922714694549,4391184283922534343429405924731921325835941414583435378283744433717105883367043672880978764927144021726089231882347833256697012634279944439863112479089400875762070299760023941743344761320641744940216726717389847740836670763435128541,40,"[2, 3, 5, 7, 11, 13, 17, 19, 23, 29, 31, 37, 41, 43, 47, 53, 59, 61, 67, 71, 73, 79, 83, 89, 97, 101, 103, 107, 109, 113, 127, 131, 137, 139, 149, 151, 157, 163, 167, 173]","[4, 9, 25, 49, 121, 169, 289, 361, 529, 841, 961, 1369, 1681, 1849, 2209, 2809, 3481, 3721, 4489, 5041, 5329, 6241, 6889, 7921, 9409, 10201, 10609, 11449, 11881, 12769, 16129, 17161, 18769, 19321, 22201, 22801, 24649, 26569, 27889, 29929]",64,no_relation,0,0,0,no_relation,0,0,0,False,,,,True,True,0.000715957983629778,False,False
1536,32,1205156213460516294290058303014157056456046623972844475679837519532628695795901600334542512053673024831724383140444002393931208489397479162484806493945387325727606669690812612385391038958840749838422771568693910028798672928952303961499954292409862061488219191820992766086103912289425140163276217438200404366978211944295300493217510989205277215819515150722537404605800354443288126583207780899876995245431661947020072131901546480604127060972910516106961439384194067,274449017745158396464337870295745082864746338411464711142734027107319117710440229555061172807946501357880576992646739578543563289642496527491444529943087554735129393735001496358959047582540109058763545419836865483802291922714694549,4391184283922534343429405924731921325835941414583435378283744433717105883367043672880978764927144021726089231882347833256697012634279944439863112479089400875762070299760023941743344761320641744940216726717389847740836670763435128583,40,"[2, 3, 5, 7, 11, 13, 17, 19, 23, 29, 31, 37, 41, 43, 47, 53, 59, 61, 67, 71, 73, 79, 83, 89, 97, 101, 103, 107, 109, 113, 127, 131, 137, 139, 149, 151, 157, 163, 167, 173]","[4, 9, 25, 49, 121, 169, 289, 361, 529, 841, 961, 1369, 1681, 1849, 2209, 2809, 3481, 3721, 4489, 5041, 5329, 6241, 6889, 7921, 9409, 10201, 10609, 11449, 11881, 12769, 16129, 17161, 18769, 19321, 22201, 22801, 24649, 26569, 27889, 29929]",64,no_relation,0,0,0,no_relation,0,0,0,False,,,,True,True,0.0007227080059237778,False,False
1536,33,1205156213460516294290058303014157056456046623972844475679837519532628695795901600334542512053673024831724383140444002393931208489397479162484806493945387325727606669690812612385391038958840749838422771568693910028798672928952304057008212467724984031077798054740281603017829679479144617834717650785253367600178097105583437658599983531646070656884888483882562200194591921465984546777676828724906015025952394864768630855859498930317933164202098879304550544097897119,274449017745158396464337870295745082864746338411464711142734027107319117710440229555061172807946501357880576992646739578543563289642496527491444529943087554735129393735001496358959047582540109058763545419836865483802291922714694549,4391184283922534343429405924731921325835941414583435378283744433717105883367043672880978764927144021726089231882347833256697012634279944439863112479089400875762070299760023941743344761320641744940216726717389847740836670763435128931,40,"[2, 3, 5, 7, 11, 13, 17, 19, 23, 29, 31, 37, 41, 43, 47, 53, 59, 61, 67, 71, 73, 79, 83, 89, 97, 101, 103, 107, 109, 113, 127, 131, 137, 139, 149, 151, 157, 163, 167, 173]","[4, 9, 25, 49, 121, 169, 289, 361, 529, 841, 961, 1369, 1681, 1849, 2209, 2809, 3481, 3721, 4489, 5041, 5329, 6241, 6889, 7921, 9409, 10201, 10609, 11449, 11881, 12769, 16129, 17161, 18769, 19321, 22201, 22801, 24649, 26569, 27889, 29929]",64,no_relation,0,0,0,no_relation,0,0,0,False,,,,True,True,0.0007004170038271695,False,False
1536,34,1205156213460516294290058303014157056456046623972844475679837519532628695795901600334542512053673024831724383140444002393931208489397479162484806493945387325727606669690812612385391038958840749838422771568693910028798672928952304276567426663851701202548094291336347894814900408650913532021939336640547535952361741154521684015801069836107664774276551318733193914191813914621608501247720616828421003027149482032006696887946745941154269033694485921138088715853536319,274449017745158396464337870295745082864746338411464711142734027107319117710440229555061172807946501357880576992646739578543563289642496527491444529943087554735129393735001496358959047582540109058763545419836865483802291922714694549,4391184283922534343429405924731921325835941414583435378283744433717105883367043672880978764927144021726089231882347833256697012634279944439863112479089400875762070299760023941743344761320641744940216726717389847740836670763435129731,40,"[2, 3, 5, 7, 11, 13, 17, 19, 23, 29, 31, 37, 41, 43, 47, 53, 59, 61, 67, 71, 73, 79, 83, 89, 97, 101, 103, 107, 109, 113, 127, 131, 137, 139, 149, 151, 157, 163, 167, 173]","[4, 9, 25, 49, 121, 169, 289, 361, 529, 841, 961, 1369, 1681, 1849, 2209, 2809, 3481, 3721, 4489, 5041, 5329, 6241, 6889, 7921, 9409, 10201, 10609, 11449, 11881, 12769, 16129, 17161, 18769, 19321, 22201, 22801, 24649, 26569, 27889, 29929]",64,no_relation,0,0,0,no_relation,0,0,0,False,,,,True,True,0.0007063329976517707,False,False
1536,35,1205156213460516294290058303014157056456046623972844475679837519532628695795901600334542512053673024831724383140444002393931208489397479162484806493945387325727606669690812612385391038958840749838422771568693910028798672928952304599319471532157975444609429759132565343756594380533413835877155214847829963430071697906460906160886666703666208126842295685963622533767730244560375714318684985340588035388909200167846653955114999047083682761848294872633389828334325943,274449017745158396464337870295745082864746338411464711142734027107319117710440229555061172807946501357880576992646739578543563289642496527491444529943087554735129393735001496358959047582540109058763545419836865483802291922714694549,4391184283922534343429405924731921325835941414583435378283744433717105883367043672880978764927144021726089231882347833256697012634279944439863112479089400875762070299760023941743344761320641744940216726717389847740836670763435130907,40,"[2, 3, 5, 7, 11, 13, 17, 19, 23, 29, 31, 37, 41, 43, 47, 53, 59, 61, 67, 71, 73, 79, 83, 89, 97, 101, 103, 107, 109, 113, 127, 131, 137, 139, 149, 151, 157, 163, 167, 173]","[4, 9, 25, 49, 121, 169, 289, 361, 529, 841, 961, 1369, 1681, 1849, 2209, 2809, 3481, 3721, 4489, 5041, 5329, 6241, 6889, 7921, 9409, 10201, 10609, 11449, 11881, 12769, 16129, 17161, 18769, 19321, 22201, 22801, 24649, 26569, 27889, 29929]",64,no_relation,0,0,0,no_relation,0,0,0,False,,,,True,True,0.00070112498360686,False,False
1536,36,1205156213460516294290058303014157056456046623972844475679837519532628695795901600334542512053673024831724383140444002393931208489397479162484806493945387325727606669690812612385391038958840749838422771568693910028798672928952304663540541684525040217264491408336914734107237568816156243276917557960503507673085413790775343220367984447721224406179357065157432310111917677558395721001172793360866169379259348164263788269500518797753311003674818082369699743572850409,274449017745158396464337870295745082864746338411464711142734027107319117710440229555061172807946501357880576992646739578543563289642496527491444529943087554735129393735001496358959047582540109058763545419836865483802291922714694549,4391184283922534343429405924731921325835941414583435378283744433717105883367043672880978764927144021726089231882347833256697012634279944439863112479089400875762070299760023941743344761320641744940216726717389847740836670763435131141,40,"[2, 3, 5, 7, 11, 13, 17, 19, 23, 29, 31, 37, 41, 43, 47, 53, 59, 61, 67, 71, 73, 79, 83, 89, 97, 101, 103, 107, 109, 113, 127, 131, 137, 139, 149, 151, 157, 163, 167, 173]","[4, 9, 25, 49, 121, 169, 289, 361, 529, 841, 961, 1369, 1681, 1849, 2209, 2809, 3481, 3721, 4489, 5041, 5329, 6241, 6889, 7921, 9409, 10201, 10609, 11449, 11881, 12769, 16129, 17161, 18769, 19321, 22201, 22801, 24649, 26569, 27889, 29929]",64,no_relation,0,0,0,no_relation,0,0,0,False,,,,True,True,0.0007033750007394701,False,False
1536,37,1205156213460516294290058303014157056456046623972844475679837519532628695795901600334542512053673024831724383140444002393931208489397479162484806493945387325727606669690812612385391038958840749838422771568693910028798672928952304814487501444362158272650320070996710309717723695121747371780632466986018248415211669074420387590943731282038570361886125264117241613485007797852887189699327897682032723630082345591739958666560501117703291913950834173630257236654852359,274449017745158396464337870295745082864746338411464711142734027107319117710440229555061172807946501357880576992646739578543563289642496527491444529943087554735129393735001496358959047582540109058763545419836865483802291922714694549,4391184283922534343429405924731921325835941414583435378283744433717105883367043672880978764927144021726089231882347833256697012634279944439863112479089400875762070299760023941743344761320641744940216726717389847740836670763435131691,40,"[2, 3, 5, 7, 11, 13, 17, 19, 23, 29, 31, 37, 41, 43, 47, 53, 59, 61, 67, 71, 73, 79, 83, 89, 97, 101, 103, 107, 109, 113, 127, 131, 137, 139, 149, 151, 157, 163, 167, 173]","[4, 9, 25, 49, 121, 169, 289, 361, 529, 841, 961, 1369, 1681, 1849, 2209, 2809, 3481, 3721, 4489, 5041, 5329, 6241, 6889, 7921, 9409, 10201, 10609, 11449, 11881, 12769, 16129, 17161, 18769, 19321, 22201, 22801, 24649, 26569, 27889, 29929]",64,no_relation,0,0,0,no_relation,0,0,0,False,,,,True,True,0.0006985410000197589,False,False
1536,38,1205156213460516294290058303014157056456046623972844475679837519532628695795901600334542512053673024831724383140444002393931208489397479162484806493945387325727606669690812612385391038958840749838422771568693910028798672928952304903957881229283795520024465787409607323625030017259243204311925303972050622018726504024362722981503173951106669964723227869318874036938875760063803951145870741334215081240570158612389470574636054274619098780768981893177424041645275333,274449017745158396464337870295745082864746338411464711142734027107319117710440229555061172807946501357880576992646739578543563289642496527491444529943087554735129393735001496358959047582540109058763545419836865483802291922714694549,4391184283922534343429405924731921325835941414583435378283744433717105883367043672880978764927144021726089231882347833256697012634279944439863112479089400875762070299760023941743344761320641744940216726717389847740836670763435132017,40,"[2, 3, 5, 7, 11, 13, 17, 19, 23, 29, 31, 37, 41, 43, 47, 53, 59, 61, 67, 71, 73, 79, 83, 89, 97, 101, 103, 107, 109, 113, 127, 131, 137, 139, 149, 151, 157, 163, 167, 173]","[4, 9, 25, 49, 121, 169, 289, 361, 529, 841, 961, 1369, 1681, 1849, 2209, 2809, 3481, 3721, 4489, 5041, 5329, 6241, 6889, 7921, 9409, 10201, 10609, 11449, 11881, 12769, 16129, 17161, 18769, 19321, 22201, 22801, 24649, 26569, 27889, 29929]",64,no_relation,0,0,0,no_relation,0,0,0,False,,,,True,True,0.0007027499959804118,False,False
1536,39,1205156213460516294290058303014157056456046623972844475679837519532628695795901600334542512053673024831724383140444002393931208489397479162484806493945387325727606669690812612385391038958840749838422771568693910028798672928952304913838045868109497792740629118056430306755898200071972805450350279835538859594574768006564944067577222834807441700005852696887152464068750749755807029097022711798873255700624027534915183546079980390106733894896139310059933259374279097,274449017745158396464337870295745082864746338411464711142734027107319117710440229555061172807946501357880576992646739578543563289642496527491444529943087554735129393735001496358959047582540109058763545419836865483802291922714694549,4391184283922534343429405924731921325835941414583435378283744433717105883367043672880978764927144021726089231882347833256697012634279944439863112479089400875762070299760023941743344761320641744940216726717389847740836670763435132053,40,"[2, 3, 5, 7, 11, 13, 17, 19, 23, 29, 31, 37, 41, 43, 47, 53, 59, 61, 67, 71, 73, 79, 83, 89, 97, 101, 103, 107, 109, 113, 127, 131, 137, 139, 149, 151, 157, 163, 167, 173]","[4, 9, 25, 49, 121, 169, 289, 361, 529, 841, 961, 1369, 1681, 1849, 2209, 2809, 3481, 3721, 4489, 5041, 5329, 6241, 6889, 7921, 9409, 10201, 10609, 11449, 11881, 12769, 16129, 17161, 18769, 19321, 22201, 22801, 24649, 26569, 27889, 29929]",64,no_relation,0,0,0,no_relation,0,0,0,False,,,,True,True,0.000699708005413413,False,False
1536,40,1205156213460516294290058303014157056456046623972844475679837519532628695795901600334542512053673024831724383140444002393931208489397479162484806493945387325727606669690812612385391038958840749838422771568693910028798672928952299582940325186152804869441836493503940741923020895781423568984607747268996452003555890498344322514734847362479936529736279066713814448216200755937257414564359536645529347031558751114374940287001622967000498983620981934341626449147292421,274449017745158396464337870295745082864746338411464711142734027107319117710440229555061172807946501357880576992646739578543563289642496527491444529943087554735129393735001496358959047582540109058763545419836865483802291922714694609,4391184283922534343429405924731921325835941414583435378283744433717105883367043672880978764927144021726089231882347833256697012634279944439863112479089400875762070299760023941743344761320641744940216726717389847740836670763435111669,40,"[2, 3, 5, 7, 11, 13, 17, 19, 23, 29, 31, 37, 41, 43, 47, 53, 59, 61, 67, 71, 73, 79, 83, 89, 97, 101, 103, 107, 109, 113, 127, 131, 137, 139, 149, 151, 157, 163, 167, 173]","[4, 9, 25, 49, 121, 169, 289, 361, 529, 841, 961, 1369, 1681, 1849, 2209, 2809, 3481, 3721, 4489, 5041, 5329, 6241, 6889, 7921, 9409, 10201, 10609, 11449, 11881, 12769, 16129, 17161, 18769, 19321, 22201, 22801, 24649, 26569, 27889, 29929]",64,no_relation,0,0,0,no_relation,0,0,0,False,,,,True,True,0.0006980420148465782,False,False
1536,41,1205156213460516294290058303014157056456046623972844475679837519532628695795901600334542512053673024831724383140444002393931208489397479162484806493945387325727606669690812612385391038958840749838422771568693910028798672928952299953995397177606956889226637133351292775060070428081713033961012396364443596518746248941049958858404683217020030588128189257611382044871505924370261897618733538540469676753581828427007271881229070415313906603063116035040305959414403789,274449017745158396464337870295745082864746338411464711142734027107319117710440229555061172807946501357880576992646739578543563289642496527491444529943087554735129393735001496358959047582540109058763545419836865483802291922714694609,4391184283922534343429405924731921325835941414583435378283744433717105883367043672880978764927144021726089231882347833256697012634279944439863112479089400875762070299760023941743344761320641744940216726717389847740836670763435113021,40,"[2, 3, 5, 7, 11, 13, 17, 19, 23, 29, 31, 37, 41, 43, 47, 53, 59, 61, 67, 71, 73, 79, 83, 89, 97, 101, 103, 107, 109, 113, 127, 131, 137, 139, 149, 151, 157, 163, 167, 173]","[4, 9, 25, 49, 121, 169, 289, 361, 529, 841, 961, 1369, 1681, 1849, 2209, 2809, 3481, 3721, 4489, 5041, 5329, 6241, 6889, 7921, 9409, 10201, 10609, 11449, 11881, 12769, 16129, 17161, 18769, 19321, 22201, 22801, 24649, 26569, 27889, 29929]",64,no_relation,0,0,0,no_relation,0,0,0,False,,,,True,True,0.0006984999927226454,False,False
1536,42,1205156213460516294290058303014157056456046623972844475679837519532628695795901600334542512053673024831724383140444002393931208489397479162484806493945387325727606669690812612385391038958840749838422771568693910028798672928952300063775004275670315474961785251649325920958605792667597491054623239292090680694838070965519082037005226369250827646824020675036697901870116920948073874853755432592227170754180372010626304897272693920732074537809309555957075045292247389,274449017745158396464337870295745082864746338411464711142734027107319117710440229555061172807946501357880576992646739578543563289642496527491444529943087554735129393735001496358959047582540109058763545419836865483802291922714694609,4391184283922534343429405924731921325835941414583435378283744433717105883367043672880978764927144021726089231882347833256697012634279944439863112479089400875762070299760023941743344761320641744940216726717389847740836670763435113421,40,"[2, 3, 5, 7, 11, 13, 17, 19, 23, 29, 31, 37, 41, 43, 47, 53, 59, 61, 67, 71, 73, 79, 83, 89, 97, 101, 103, 107, 109, 113, 127, 131, 137, 139, 149, 151, 157, 163, 167, 173]","[4, 9, 25, 49, 121, 169, 289, 361, 529, 841, 961, 1369, 1681, 1849, 2209, 2809, 3481, 3721, 4489, 5041, 5329, 6241, 6889, 7921, 9409, 10201, 10609, 11449, 11881, 12769, 16129, 17161, 18769, 19321, 22201, 22801, 24649, 26569, 27889, 29929]",64,no_relation,0,0,0,no_relation,0,0,0,False,,,,True,True,0.0007026669918559492,False,False
1536,43,1205156213460516294290058303014157056456046623972844475679837519532628695795901600334542512053673024831724383140444002393931208489397479162484806493945387325727606669690812612385391038958840749838422771568693910028798672928952300264671685265126261686857106308134726577952925509859766047535931081849684844737086105270297577453844220337833186264237392168925025920177575044685469793193845498706943384775275706768649135316632524935647321858394843699234762472448701177,274449017745158396464337870295745082864746338411464711142734027107319117710440229555061172807946501357880576992646739578543563289642496527491444529943087554735129393735001496358959047582540109058763545419836865483802291922714694609,4391184283922534343429405924731921325835941414583435378283744433717105883367043672880978764927144021726089231882347833256697012634279944439863112479089400875762070299760023941743344761320641744940216726717389847740836670763435114153,40,"[2, 3, 5, 7, 11, 13, 17, 19, 23, 29, 31, 37, 41, 43, 47, 53, 59, 61, 67, 71, 73, 79, 83, 89, 97, 101, 103, 107, 109, 113, 127, 131, 137, 139, 149, 151, 157, 163, 167, 173]","[4, 9, 25, 49, 121, 169, 289, 361, 529, 841, 961, 1369, 1681, 1849, 2209, 2809, 3481, 3721, 4489, 5041, 5329, 6241, 6889, 7921, 9409, 10201, 10609, 11449, 11881, 12769, 16129, 17161, 18769, 19321, 22201, 22801, 24649, 26569, 27889, 29929]",64,no_relation,0,0,0,no_relation,0,0,0,False,,,,True,True,0.0007043750083539635,False,False
1536,44,1205156213460516294290058303014157056456046623972844475679837519532628695795901600334542512053673024831724383140444002393931208489397479162484806493945387325727606669690812612385391038958840749838422771568693910028798672928952300412874154847511795777599556267837071324915948252050710064612305719802008408374810065003330893744954953593344762293476764582449202327125699890065515962461125055676816001676083740606534829888291416667961848570302204952472400738383790037,274449017745158396464337870295745082864746338411464711142734027107319117710440229555061172807946501357880576992646739578543563289642496527491444529943087554735129393735001496358959047582540109058763545419836865483802291922714694609,4391184283922534343429405924731921325835941414583435378283744433717105883367043672880978764927144021726089231882347833256697012634279944439863112479089400875762070299760023941743344761320641744940216726717389847740836670763435114693,40,"[2, 3, 5, 7, 11, 13, 17, 19, 23, 29, 31, 37, 41, 43, 47, 53, 59, 61, 67, 71, 73, 79, 83, 89, 97, 101, 103, 107, 109, 113, 127, 131, 137, 139, 149, 151, 157, 163, 167, 173]","[4, 9, 25, 49, 121, 169, 289, 361, 529, 841, 961, 1369, 1681, 1849, 2209, 2809, 3481, 3721, 4489, 5041, 5329, 6241, 6889, 7921, 9409, 10201, 10609, 11449, 11881, 12769, 16129, 17161, 18769, 19321, 22201, 22801, 24649, 26569, 27889, 29929]",64,no_relation,0,0,0,no_relation,0,0,0,False,,,,True,True,0.0007034159789327532,False,False
1536,45,1205156213460516294290058303014157056456046623972844475679837519532628695795901600334542512053673024831724383140444002393931208489397479162484806493945387325727606669690812612385391038958840749838422771568693910028798672928952300419460931273395597292743665154934953313669860373925863132037922370377667233425375574324799041135670986182478610116998514467494721278545616549860184681095226369319921451316119653221551971869254034078286938646386976563727406883536460653,274449017745158396464337870295745082864746338411464711142734027107319117710440229555061172807946501357880576992646739578543563289642496527491444529943087554735129393735001496358959047582540109058763545419836865483802291922714694609,4391184283922534343429405924731921325835941414583435378283744433717105883367043672880978764927144021726089231882347833256697012634279944439863112479089400875762070299760023941743344761320641744940216726717389847740836670763435114717,40,"[2, 3, 5, 7, 11, 13, 17, 19, 23, 29, 31, 37, 41, 43, 47, 53, 59, 61, 67, 71, 73, 79, 83, 89, 97, 101, 103, 107, 109, 113, 127, 131, 137, 139, 149, 151, 157, 163, 167, 173]","[4, 9, 25, 49, 121, 169, 289, 361, 529, 841, 961, 1369, 1681, 1849, 2209, 2809, 3481, 3721, 4489, 5041, 5329, 6241, 6889, 7921, 9409, 10201, 10609, 11449, 11881, 12769, 16129, 17161, 18769, 19321, 22201, 22801, 24649, 26569, 27889, 29929]",64,no_relation,0,0,0,no_relation,0,0,0,False,,,,True,True,0.000720290991012007,False,False
1536,46,1205156213460516294290058303014157056456046623972844475679837519532628695795901600334542512053673024831724383140444002393931208489397479162484806493945387325727606669690812612385391038958840749838422771568693910028798672928952300462274978041640307141180372921071186240570289166114358070304430599119449596254051384914341999175325198011848620969889888720290594462775074838525531352216884908000106873976353085219163394745511047245400024140937992036884946827028819657,274449017745158396464337870295745082864746338411464711142734027107319117710440229555061172807946501357880576992646739578543563289642496527491444529943087554735129393735001496358959047582540109058763545419836865483802291922714694609,4391184283922534343429405924731921325835941414583435378283744433717105883367043672880978764927144021726089231882347833256697012634279944439863112479089400875762070299760023941743344761320641744940216726717389847740836670763435114873,40,"[2, 3, 5, 7, 11, 13, 17, 19, 23, 29, 31, 37, 41, 43, 47, 53, 59, 61, 67, 71, 73, 79, 83, 89, 97, 101, 103, 107, 109, 113, 127, 131, 137, 139, 149, 151, 157, 163, 167, 173]","[4, 9, 25, 49, 121, 169, 289, 361, 529, 841, 961, 1369, 1681, 1849, 2209, 2809, 3481, 3721, 4489, 5041, 5329, 6241, 6889, 7921, 9409, 10201, 10609, 11449, 11881, 12769, 16129, 17161, 18769, 19321, 22201, 22801, 24649, 26569, 27889, 29929]",64,no_relation,0,0,0,no_relation,0,0,0,False,,,,True,True,0.0007454169972334057,False,False
1536,47,1205156213460516294290058303014157056456046623972844475679837519532628695795901600334542512053673024831724383140444002393931208489397479162484806493945387325727606669690812612385391038958840749838422771568693910028798672928952300589619322275393803100633144738296904689812590189033984040533019176915520213898317898462726182062501828068436345557977053164503960856893463594555793245809510305100145567017047395776161473044121650511685098945243576521148398966647118233,274449017745158396464337870295745082864746338411464711142734027107319117710440229555061172807946501357880576992646739578543563289642496527491444529943087554735129393735001496358959047582540109058763545419836865483802291922714694609,4391184283922534343429405924731921325835941414583435378283744433717105883367043672880978764927144021726089231882347833256697012634279944439863112479089400875762070299760023941743344761320641744940216726717389847740836670763435115337,40,"[2, 3, 5, 7, 11, 13, 17, 19, 23, 29, 31, 37, 41, 43, 47, 53, 59, 61, 67, 71, 73, 79, 83, 89, 97, 101, 103, 107, 109, 113, 127, 131, 137, 139, 149, 151, 157, 163, 167, 173]","[4, 9, 25, 49, 121, 169, 289, 361, 529, 841, 961, 1369, 1681, 1849, 2209, 2809, 3481, 3721, 4489, 5041, 5329, 6241, 6889, 7921, 9409, 10201, 10609, 11449, 11881, 12769, 16129, 17161, 18769, 19321, 22201, 22801, 24649, 26569, 27889, 29929]",64,no_relation,0,0,0,no_relation,0,0,0,False,,,,True,True,0.0007142079994082451,False,False
1536,48,1205156213460516294290058303014157056456046623972844475679837519532628695795901600334542512053673024831724383140444002393931208489397479162484806493945387325727606669690812612385391038958840749838422771568693910028798672928952300597852792807748554994563280847169257175754980341377925374815039990135093745211524785114561366300896868804853655337379240520810859546168359419299129144102136947154027379067092286544932900520324922274591461540349541035217156648087956503,274449017745158396464337870295745082864746338411464711142734027107319117710440229555061172807946501357880576992646739578543563289642496527491444529943087554735129393735001496358959047582540109058763545419836865483802291922714694609,4391184283922534343429405924731921325835941414583435378283744433717105883367043672880978764927144021726089231882347833256697012634279944439863112479089400875762070299760023941743344761320641744940216726717389847740836670763435115367,40,"[2, 3, 5, 7, 11, 13, 17, 19, 23, 29, 31, 37, 41, 43, 47, 53, 59, 61, 67, 71, 73, 79, 83, 89, 97, 101, 103, 107, 109, 113, 127, 131, 137, 139, 149, 151, 157, 163, 167, 173]","[4, 9, 25, 49, 121, 169, 289, 361, 529, 841, 961, 1369, 1681, 1849, 2209, 2809, 3481, 3721, 4489, 5041, 5329, 6241, 6889, 7921, 9409, 10201, 10609, 11449, 11881, 12769, 16129, 17161, 18769, 19321, 22201, 22801, 24649, 26569, 27889, 29929]",64,no_relation,0,0,0,no_relation,0,0,0,False,,,,True,True,0.000700332981068641,False,False
1536,49,1205156213460516294290058303014157056456046623972844475679837519532628695795901600334542512053673024831724383140444002393931208489397479162484806493945387325727606669690812612385391038958840749838422771568693910028798672928952300642313533682464215221786015835079960599843887164035208579937952381520790814302841973034471361188230088781507128146151052244868112468252796872913142994882320814244989164137334696696298608891822589794285819553921749411188448127868483161,274449017745158396464337870295745082864746338411464711142734027107319117710440229555061172807946501357880576992646739578543563289642496527491444529943087554735129393735001496358959047582540109058763545419836865483802291922714694609,4391184283922534343429405924731921325835941414583435378283744433717105883367043672880978764927144021726089231882347833256697012634279944439863112479089400875762070299760023941743344761320641744940216726717389847740836670763435115529,40,"[2, 3, 5, 7, 11, 13, 17, 19, 23, 29, 31, 37, 41, 43, 47, 53, 59, 61, 67, 71, 73, 79, 83, 89, 97, 101, 103, 107, 109, 113, 127, 131, 137, 139, 149, 151, 157, 163, 167, 173]","[4, 9, 25, 49, 121, 169, 289, 361, 529, 841, 961, 1369, 1681, 1849, 2209, 2809, 3481, 3721, 4489, 5041, 5329, 6241, 6889, 7921, 9409, 10201, 10609, 11449, 11881, 12769, 16129, 17161, 18769, 19321, 22201, 22801, 24649, 26569, 27889, 29929]",64,no_relation,0,0,0,no_relation,0,0,0,False,,,,True,True,0.0006987079977989197,False,False
1536,50,1205156213460516294290058303014157056456046623972844475679837519532628695795901600334542512053673024831724383140444002393931208489397479162484806493945387325727606669690812612385391038958840749838422771568693910028798672928952300902491202504874375069978316875446299155623415978103754743249810079259314403800179591232463183121513376052294117175260172704166111049339504934802557380929322703147654424918753244989475717139845977502126877559270228055761190861398972493,274449017745158396464337870295745082864746338411464711142734027107319117710440229555061172807946501357880576992646739578543563289642496527491444529943087554735129393735001496358959047582540109058763545419836865483802291922714694609,4391184283922534343429405924731921325835941414583435378283744433717105883367043672880978764927144021726089231882347833256697012634279944439863112479089400875762070299760023941743344761320641744940216726717389847740836670763435116477,40,"[2, 3, 5, 7, 11, 13, 17, 19, 23, 29, 31, 37, 41, 43, 47, 53, 59, 61, 67, 71, 73, 79, 83, 89, 97, 101, 103, 107, 109, 113, 127, 131, 137, 139, 149, 151, 157, 163, 167, 173]","[4, 9, 25, 49, 121, 169, 289, 361, 529, 841, 961, 1369, 1681, 1849, 2209, 2809, 3481, 3721, 4489, 5041, 5329, 6241, 6889, 7921, 9409, 10201, 10609, 11449, 11881, 12769, 16129, 17161, 18769, 19321, 22201, 22801, 24649, 26569, 27889, 29929]",64,no_relation,0,0,0,no_relation,0,0,0,False,,,,True,True,0.0007088749844115227,False,False
1536,51,1205156213460516294290058303014157056456046623972844475679837519532628695795901600334542512053673024831724383140444002393931208489397479162484806493945387325727606669690812612385391038958840749838422771568693910028798672928952301104485679565310954867730989413114680144076721048941782144302054030246185038684188543757486369770138375452398783763260502512228692226216949168505731419041762988202888213879854565183334737889366244752096306559203224134248045979414204717,274449017745158396464337870295745082864746338411464711142734027107319117710440229555061172807946501357880576992646739578543563289642496527491444529943087554735129393735001496358959047582540109058763545419836865483802291922714694609,4391184283922534343429405924731921325835941414583435378283744433717105883367043672880978764927144021726089231882347833256697012634279944439863112479089400875762070299760023941743344761320641744940216726717389847740836670763435117213,40,"[2, 3, 5, 7, 11, 13, 17, 19, 23, 29, 31, 37, 41, 43, 47, 53, 59, 61, 67, 71, 73, 79, 83, 89, 97, 101, 103, 107, 109, 113, 127, 131, 137, 139, 149, 151, 157, 163, 167, 173]","[4, 9, 25, 49, 121, 169, 289, 361, 529, 841, 961, 1369, 1681, 1849, 2209, 2809, 3481, 3721, 4489, 5041, 5329, 6241, 6889, 7921, 9409, 10201, 10609, 11449, 11881, 12769, 16129, 17161, 18769, 19321, 22201, 22801, 24649, 26569, 27889, 29929]",64,no_relation,0,0,0,no_relation,0,0,0,False,,,,True,True,0.0007006669766269624,False,False
1536,52,1205156213460516294290058303014157056456046623972844475679837519532628695795901600334542512053673024831724383140444002393931208489397479162484806493945387325727606669690812612385391038958840749838422771568693910028798672928952301683024208972104854614555219996545314822962002420309393233185383172474885172292192445826438648921363237864655084262587534082060106792599629120470800539070328369855650207263008889869007041883916140625650051575315663989479419061990440489,274449017745158396464337870295745082864746338411464711142734027107319117710440229555061172807946501357880576992646739578543563289642496527491444529943087554735129393735001496358959047582540109058763545419836865483802291922714694609,4391184283922534343429405924731921325835941414583435378283744433717105883367043672880978764927144021726089231882347833256697012634279944439863112479089400875762070299760023941743344761320641744940216726717389847740836670763435119321,40,"[2, 3, 5, 7, 11, 13, 17, 19, 23, 29, 31, 37, 41, 43, 47, 53, 59, 61, 67, 71, 73, 79, 83, 89, 97, 101, 103, 107, 109, 113, 127, 131, 137, 139, 149, 151, 157, 163, 167, 173]","[4, 9, 25, 49, 121, 169, 289, 361, 529, 841, 961, 1369, 1681, 1849, 2209, 2809, 3481, 3721, 4489, 5041, 5329, 6241, 6889, 7921, 9409, 10201, 10609, 11449, 11881, 12769, 16129, 17161, 18769, 19321, 22201, 22801, 24649, 26569, 27889, 29929]",64,no_relation,0,0,0,no_relation,0,0,0,False,,,,True,True,0.0006993749993853271,False,False
1536,53,1205156213460516294290058303014157056456046623972844475679837519532628695795901600334542512053673024831724383140444002393931208489397479162484806493945387325727606669690812612385391038958840749838422771568693910028798672928952301791706019999187579614433016633660367637401552431249418845708057906973255785626523349630663080868177775585363573350696407185311169491028254007082834396533000044966890126323601448016789884569799327896014037830714395575187020457009505653,274449017745158396464337870295745082864746338411464711142734027107319117710440229555061172807946501357880576992646739578543563289642496527491444529943087554735129393735001496358959047582540109058763545419836865483802291922714694609,4391184283922534343429405924731921325835941414583435378283744433717105883367043672880978764927144021726089231882347833256697012634279944439863112479089400875762070299760023941743344761320641744940216726717389847740836670763435119717,40,"[2, 3, 5, 7, 11, 13, 17, 19, 23, 29, 31, 37, 41, 43, 47, 53, 59, 61, 67, 71, 73, 79, 83, 89, 97, 101, 103, 107, 109, 113, 127, 131, 137, 139, 149, 151, 157, 163, 167, 173]","[4, 9, 25, 49, 121, 169, 289, 361, 529, 841, 961, 1369, 1681, 1849, 2209, 2809, 3481, 3721, 4489, 5041, 5329, 6241, 6889, 7921, 9409, 10201, 10609, 11449, 11881, 12769, 16129, 17161, 18769, 19321, 22201, 22801, 24649, 26569, 27889, 29929]",64,no_relation,0,0,0,no_relation,0,0,0,False,,,,True,True,0.0007027079991530627,False,False
1536,54,1205156213460516294290058303014157056456046623972844475679837519532628695795901600334542512053673024831724383140444002393931208489397479162484806493945387325727606669690812612385391038958840749838422771568693910028798672928952301892154360493915552720380677161903067965898712289845503123948711828252052867647647366783052328576597272569654752659403092932255333500181983068951532355703045078024248233334149115395801299779479243403471661491007162646825864170587732547,274449017745158396464337870295745082864746338411464711142734027107319117710440229555061172807946501357880576992646739578543563289642496527491444529943087554735129393735001496358959047582540109058763545419836865483802291922714694609,4391184283922534343429405924731921325835941414583435378283744433717105883367043672880978764927144021726089231882347833256697012634279944439863112479089400875762070299760023941743344761320641744940216726717389847740836670763435120083,40,"[2, 3, 5, 7, 11, 13, 17, 19, 23, 29, 31, 37, 41, 43, 47, 53, 59, 61, 67, 71, 73, 79, 83, 89, 97, 101, 103, 107, 109, 113, 127, 131, 137, 139, 149, 151, 157, 163, 167, 173]","[4, 9, 25, 49, 121, 169, 289, 361, 529, 841, 961, 1369, 1681, 1849, 2209, 2809, 3481, 3721, 4489, 5041, 5329, 6241, 6889, 7921, 9409, 10201, 10609, 11449, 11881, 12769, 16129, 17161, 18769, 19321, 22201, 22801, 24649, 26569, 27889, 29929]",64,no_relation,0,0,0,no_relation,0,0,0,False,,,,True,True,0.000697499985108152,False,False
1536,55,1205156213460516294290058303014157056456046623972844475679837519532628695795901600334542512053673024831724383140444002393931208489397479162484806493945387325727606669690812612385391038958840749838422771568693910028798672928952301964608901178637369386965874919979769842191745630472186865630494984584299943203867969319201949874473631050127078718142341667756041965801066326692888260678159528098408179374544154160989861570068034917047652327939650370630931767267109323,274449017745158396464337870295745082864746338411464711142734027107319117710440229555061172807946501357880576992646739578543563289642496527491444529943087554735129393735001496358959047582540109058763545419836865483802291922714694609,4391184283922534343429405924731921325835941414583435378283744433717105883367043672880978764927144021726089231882347833256697012634279944439863112479089400875762070299760023941743344761320641744940216726717389847740836670763435120347,40,"[2, 3, 5, 7, 11, 13, 17, 19, 23, 29, 31, 37, 41, 43, 47, 53, 59, 61, 67, 71, 73, 79, 83, 89, 97, 101, 103, 107, 109, 113, 127, 131, 137, 139, 149, 151, 157, 163, 167, 173]","[4, 9, 25, 49, 121, 169, 289, 361, 529, 841, 961, 1369, 1681, 1849, 2209, 2809, 3481, 3721, 4489, 5041, 5329, 6241, 6889, 7921, 9409, 10201, 10609, 11449, 11881, 12769, 16129, 17161, 18769, 19321, 22201, 22801, 24649, 26569, 27889, 29929]",64,no_relation,0,0,0,no_relation,0,0,0,False,,,,True,True,0.0007012079877313226,False,False
1536,56,1205156213460516294290058303014157056456046623972844475679837519532628695795901600334542512053673024831724383140444002393931208489397479162484806493945387325727606669690812612385391038958840749838422771568693910028798672928952302026634379189043166987906233606818158569624418111463211583888385110838420545763359848763027004470382937931137479056305486418601345425005281539759352027815946898237651163484882331285734615224132682197608917211071249709948906300788090957,274449017745158396464337870295745082864746338411464711142734027107319117710440229555061172807946501357880576992646739578543563289642496527491444529943087554735129393735001496358959047582540109058763545419836865483802291922714694609,4391184283922534343429405924731921325835941414583435378283744433717105883367043672880978764927144021726089231882347833256697012634279944439863112479089400875762070299760023941743344761320641744940216726717389847740836670763435120573,40,"[2, 3, 5, 7, 11, 13, 17, 19, 23, 29, 31, 37, 41, 43, 47, 53, 59, 61, 67, 71, 73, 79, 83, 89, 97, 101, 103, 107, 109, 113, 127, 131, 137, 139, 149, 151, 157, 163, 167, 173]","[4, 9, 25, 49, 121, 169, 289, 361, 529, 841, 961, 1369, 1681, 1849, 2209, 2809, 3481, 3721, 4489, 5041, 5329, 6241, 6889, 7921, 9409, 10201, 10609, 11449, 11881, 12769, 16129, 17161, 18769, 19321, 22201, 22801, 24649, 26569, 27889, 29929]",64,no_relation,0,0,0,no_relation,0,0,0,False,,,,True,True,0.0007030419947113842,False,False
1536,57,1205156213460516294290058303014157056456046623972844475679837519532628695795901600334542512053673024831724383140444002393931208489397479162484806493945387325727606669690812612385391038958840749838422771568693910028798672928952302247291389456150517745233881324597205192880474194280839342646542905122991184957304411032209942059370029667121381144284107567626230297572489642880754102058340905281683726426085403888808871586380365443499434759911098686991612163402556593,274449017745158396464337870295745082864746338411464711142734027107319117710440229555061172807946501357880576992646739578543563289642496527491444529943087554735129393735001496358959047582540109058763545419836865483802291922714694609,4391184283922534343429405924731921325835941414583435378283744433717105883367043672880978764927144021726089231882347833256697012634279944439863112479089400875762070299760023941743344761320641744940216726717389847740836670763435121377,40,"[2, 3, 5, 7, 11, 13, 17, 19, 23, 29, 31, 37, 41, 43, 47, 53, 59, 61, 67, 71, 73, 79, 83, 89, 97, 101, 103, 107, 109, 113, 127, 131, 137, 139, 149, 151, 157, 163, 167, 173]","[4, 9, 25, 49, 121, 169, 289, 361, 529, 841, 961, 1369, 1681, 1849, 2209, 2809, 3481, 3721, 4489, 5041, 5329, 6241, 6889, 7921, 9409, 10201, 10609, 11449, 11881, 12769, 16129, 17161, 18769, 19321, 22201, 22801, 24649, 26569, 27889, 29929]",64,no_relation,0,0,0,no_relation,0,0,0,False,,,,True,True,0.0006949579983484,False,False
1536,58,1205156213460516294290058303014157056456046623972844475679837519532628695795901600334542512053673024831724383140444002393931208489397479162484806493945387325727606669690812612385391038958840749838422771568693910028798672928952302387260388506181299942046195175427197453901106784127842025440896729855741217281821484113408074112085722186215647394121292624843508015245718663517464373032993820197674531276848546957923138681835985412907598876712495426160492747896807183,274449017745158396464337870295745082864746338411464711142734027107319117710440229555061172807946501357880576992646739578543563289642496527491444529943087554735129393735001496358959047582540109058763545419836865483802291922714694609,4391184283922534343429405924731921325835941414583435378283744433717105883367043672880978764927144021726089231882347833256697012634279944439863112479089400875762070299760023941743344761320641744940216726717389847740836670763435121887,40,"[2, 3, 5, 7, 11, 13, 17, 19, 23, 29, 31, 37, 41, 43, 47, 53, 59, 61, 67, 71, 73, 79, 83, 89, 97, 101, 103, 107, 109, 113, 127, 131, 137, 139, 149, 151, 157, 163, 167, 173]","[4, 9, 25, 49, 121, 169, 289, 361, 529, 841, 961, 1369, 1681, 1849, 2209, 2809, 3481, 3721, 4489, 5041, 5329, 6241, 6889, 7921, 9409, 10201, 10609, 11449, 11881, 12769, 16129, 17161, 18769, 19321, 22201, 22801, 24649, 26569, 27889, 29929]",64,no_relation,0,0,0,no_relation,0,0,0,False,,,,True,True,0.0006979580211918801,False,False
1536,59,1205156213460516294290058303014157056456046623972844475679837519532628695795901600334542512053673024831724383140444002393931208489397479162484806493945387325727606669690812612385391038958840749838422771568693910028798672928952302417449780458148723553123360907959156569023204009388960251141639711660844165430246735170137082986200871553079116585262646264635469875920336687576362666772624841061907842127013146443418372761247981876897595058767698644412604246513214173,274449017745158396464337870295745082864746338411464711142734027107319117710440229555061172807946501357880576992646739578543563289642496527491444529943087554735129393735001496358959047582540109058763545419836865483802291922714694609,4391184283922534343429405924731921325835941414583435378283744433717105883367043672880978764927144021726089231882347833256697012634279944439863112479089400875762070299760023941743344761320641744940216726717389847740836670763435121997,40,"[2, 3, 5, 7, 11, 13, 17, 19, 23, 29, 31, 37, 41, 43, 47, 53, 59, 61, 67, 71, 73, 79, 83, 89, 97, 101, 103, 107, 109, 113, 127, 131, 137, 139, 149, 151, 157, 163, 167, 173]","[4, 9, 25, 49, 121, 169, 289, 361, 529, 841, 961, 1369, 1681, 1849, 2209, 2809, 3481, 3721, 4489, 5041, 5329, 6241, 6889, 7921, 9409, 10201, 10609, 11449, 11881, 12769, 16129, 17161, 18769, 19321, 22201, 22801, 24649, 26569, 27889, 29929]",64,no_relation,0,0,0,no_relation,0,0,0,False,,,,True,True,0.0006967500085011125,False,False
1536,60,1205156213460516294290058303014157056456046623972844475679837519532628695795901600334542512053673024831724383140444002393931208489397479162484806493945387325727606669690812612385391038958840749838422771568693910028798672928952302437210109735800128098555687569252802535284940375014419453418489663387820640581943263134541525158348969320480660055827895919772026730180086666960368822674928781991224191047120884288469798704135834107872865287022013478177622681971226021,274449017745158396464337870295745082864746338411464711142734027107319117710440229555061172807946501357880576992646739578543563289642496527491444529943087554735129393735001496358959047582540109058763545419836865483802291922714694609,4391184283922534343429405924731921325835941414583435378283744433717105883367043672880978764927144021726089231882347833256697012634279944439863112479089400875762070299760023941743344761320641744940216726717389847740836670763435122069,40,"[2, 3, 5, 7, 11, 13, 17, 19, 23, 29, 31, 37, 41, 43, 47, 53, 59, 61, 67, 71, 73, 79, 83, 89, 97, 101, 103, 107, 109, 113, 127, 131, 137, 139, 149, 151, 157, 163, 167, 173]","[4, 9, 25, 49, 121, 169, 289, 361, 529, 841, 961, 1369, 1681, 1849, 2209, 2809, 3481, 3721, 4489, 5041, 5329, 6241, 6889, 7921, 9409, 10201, 10609, 11449, 11881, 12769, 16129, 17161, 18769, 19321, 22201, 22801, 24649, 26569, 27889, 29929]",64,no_relation,0,0,0,no_relation,0,0,0,False,,,,True,True,0.0007023750222288072,False,False
1536,61,1205156213460516294290058303014157056456046623972844475679837519532628695795901600334542512053673024831724383140444002393931208489397479162484806493945387325727606669690812612385391038958840749838422771568693910028798672928952302557418779508179505749935674758789148830043836599235962933935993536393594197754763808251335215038916564072173382835099831321852747593593565708213072937747277755977898646977776289512532639856703601846305759175569095383581484831007464763,274449017745158396464337870295745082864746338411464711142734027107319117710440229555061172807946501357880576992646739578543563289642496527491444529943087554735129393735001496358959047582540109058763545419836865483802291922714694609,4391184283922534343429405924731921325835941414583435378283744433717105883367043672880978764927144021726089231882347833256697012634279944439863112479089400875762070299760023941743344761320641744940216726717389847740836670763435122507,40,"[2, 3, 5, 7, 11, 13, 17, 19, 23, 29, 31, 37, 41, 43, 47, 53, 59, 61, 67, 71, 73, 79, 83, 89, 97, 101, 103, 107, 109, 113, 127, 131, 137, 139, 149, 151, 157, 163, 167, 173]","[4, 9, 25, 49, 121, 169, 289, 361, 529, 841, 961, 1369, 1681, 1849, 2209, 2809, 3481, 3721, 4489, 5041, 5329, 6241, 6889, 7921, 9409, 10201, 10609, 11449, 11881, 12769, 16129, 17161, 18769, 19321, 22201, 22801, 24649, 26569, 27889, 29929]",64,no_relation,0,0,0,no_relation,0,0,0,False,,,,True,True,0.0007219999970402569,False,False
1536,62,1205156213460516294290058303014157056456046623972844475679837519532628695795901600334542512053673024831724383140444002393931208489397479162484806493945387325727606669690812612385391038958840749838422771568693910028798672928952302800580609230389845017339027840819292248209092431793697006398341553478332489204807194035534322879516767154364598320111097911449822216845489065632926467322851251302541496189102063550248797987240227910807001151031914032412128356226888337,274449017745158396464337870295745082864746338411464711142734027107319117710440229555061172807946501357880576992646739578543563289642496527491444529943087554735129393735001496358959047582540109058763545419836865483802291922714694609,4391184283922534343429405924731921325835941414583435378283744433717105883367043672880978764927144021726089231882347833256697012634279944439863112479089400875762070299760023941743344761320641744940216726717389847740836670763435123393,40,"[2, 3, 5, 7, 11, 13, 17, 19, 23, 29, 31, 37, 41, 43, 47, 53, 59, 61, 67, 71, 73, 79, 83, 89, 97, 101, 103, 107, 109, 113, 127, 131, 137, 139, 149, 151, 157, 163, 167, 173]","[4, 9, 25, 49, 121, 169, 289, 361, 529, 841, 961, 1369, 1681, 1849, 2209, 2809, 3481, 3721, 4489, 5041, 5329, 6241, 6889, 7921, 9409, 10201, 10609, 11449, 11881, 12769, 16129, 17161, 18769, 19321, 22201, 22801, 24649, 26569, 27889, 29929]",64,no_relation,0,0,0,no_relation,0,0,0,False,,,,True,True,0.0007026249950286001,False,False
1536,63,1205156213460516294290058303014157056456046623972844475679837519532628695795901600334542512053673024831724383140444002393931208489397479162484806493945387325727606669690812612385391038958840749838422771568693910028798672928952303131566124631050871153330499417487862183093176556020138644535578244905188447995724037439308729262997404758340451452079029634987149525696301220315029578686442261868590340600906672454860182530611752779642777474291687497976187150148586791,274449017745158396464337870295745082864746338411464711142734027107319117710440229555061172807946501357880576992646739578543563289642496527491444529943087554735129393735001496358959047582540109058763545419836865483802291922714694609,4391184283922534343429405924731921325835941414583435378283744433717105883367043672880978764927144021726089231882347833256697012634279944439863112479089400875762070299760023941743344761320641744940216726717389847740836670763435124599,40,"[2, 3, 5, 7, 11, 13, 17, 19, 23, 29, 31, 37, 41, 43, 47, 53, 59, 61, 67, 71, 73, 79, 83, 89, 97, 101, 103, 107, 109, 113, 127, 131, 137, 139, 149, 151, 157, 163, 167, 173]","[4, 9, 25, 49, 121, 169, 289, 361, 529, 841, 961, 1369, 1681, 1849, 2209, 2809, 3481, 3721, 4489, 5041, 5329, 6241, 6889, 7921, 9409, 10201, 10609, 11449, 11881, 12769, 16129, 17161, 18769, 19321, 22201, 22801, 24649, 26569, 27889, 29929]",64,no_relation,0,0,0,no_relation,0,0,0,False,,,,True,True,0.000703292025718838,False,False
1536,64,1205156213460516294290058303014157056456046623972844475679837519532628695795901600334542512053673024831724383140444002393931208489397479162484806493945387325727606669690812612385391038958840749838422771568693910028798672928952303148033065695760374941190771635232567154977956860708021313099619871344335510622137810742979097739787486231175071010883404347600946904246092869801701375271695545976353964700996453992403037483018296305455502664503616526113702513030263331,274449017745158396464337870295745082864746338411464711142734027107319117710440229555061172807946501357880576992646739578543563289642496527491444529943087554735129393735001496358959047582540109058763545419836865483802291922714694609,4391184283922534343429405924731921325835941414583435378283744433717105883367043672880978764927144021726089231882347833256697012634279944439863112479089400875762070299760023941743344761320641744940216726717389847740836670763435124659,40,"[2, 3, 5, 7, 11, 13, 17, 19, 23, 29, 31, 37, 41, 43, 47, 53, 59, 61, 67, 71, 73, 79, 83, 89, 97, 101, 103, 107, 109, 113, 127, 131, 137, 139, 149, 151, 157, 163, 167, 173]","[4, 9, 25, 49, 121, 169, 289, 361, 529, 841, 961, 1369, 1681, 1849, 2209, 2809, 3481, 3721, 4489, 5041, 5329, 6241, 6889, 7921, 9409, 10201, 10609, 11449, 11881, 12769, 16129, 17161, 18769, 19321, 22201, 22801, 24649, 26569, 27889, 29929]",64,no_relation,0,0,0,no_relation,0,0,0,False,,,,True,True,0.0006954999989829957,False,False
1536,65,1205156213460516294290058303014157056456046623972844475679837519532628695795901600334542512053673024831724383140444002393931208489397479162484806493945387325727606669690812612385391038958840749838422771568693910028798672928952303176026865505766531380553234405398565607182083378677421849658490636290885517087041225359218724150330624734993924260850841359044402447780738673929043429466626128959552125671149082606225890902109420299337135487863895873947478629929113449,274449017745158396464337870295745082864746338411464711142734027107319117710440229555061172807946501357880576992646739578543563289642496527491444529943087554735129393735001496358959047582540109058763545419836865483802291922714694609,4391184283922534343429405924731921325835941414583435378283744433717105883367043672880978764927144021726089231882347833256697012634279944439863112479089400875762070299760023941743344761320641744940216726717389847740836670763435124761,40,"[2, 3, 5, 7, 11, 13, 17, 19, 23, 29, 31, 37, 41, 43, 47, 53, 59, 61, 67, 71, 73, 79, 83, 89, 97, 101, 103, 107, 109, 113, 127, 131, 137, 139, 149, 151, 157, 163, 167, 173]","[4, 9, 25, 49, 121, 169, 289, 361, 529, 841, 961, 1369, 1681, 1849, 2209, 2809, 3481, 3721, 4489, 5041, 5329, 6241, 6889, 7921, 9409, 10201, 10609, 11449, 11881, 12769, 16129, 17161, 18769, 19321, 22201, 22801, 24649, 26569, 27889, 29929]",64,no_relation,0,0,0,no_relation,0,0,0,False,,,,True,True,0.0006938340084161609,False,False
1536,66,1205156213460516294290058303014157056456046623972844475679837519532628695795901600334542512053673024831724383140444002393931208489397479162484806493945387325727606669690812612385391038958840749838422771568693910028798672928952303379119138637183744764163258424249926927094373803161308095281670695707032622812811096104486602030741629566620898819438129481281236783228169017597995587351416632955303489572256388235921101981790123784360746167144353887643501438803124109,274449017745158396464337870295745082864746338411464711142734027107319117710440229555061172807946501357880576992646739578543563289642496527491444529943087554735129393735001496358959047582540109058763545419836865483802291922714694609,4391184283922534343429405924731921325835941414583435378283744433717105883367043672880978764927144021726089231882347833256697012634279944439863112479089400875762070299760023941743344761320641744940216726717389847740836670763435125501,40,"[2, 3, 5, 7, 11, 13, 17, 19, 23, 29, 31, 37, 41, 43, 47, 53, 59, 61, 67, 71, 73, 79, 83, 89, 97, 101, 103, 107, 109, 113, 127, 131, 137, 139, 149, 151, 157, 163, 167, 173]","[4, 9, 25, 49, 121, 169, 289, 361, 529, 841, 961, 1369, 1681, 1849, 2209, 2809, 3481, 3721, 4489, 5041, 5329, 6241, 6889, 7921, 9409, 10201, 10609, 11449, 11881, 12769, 16129, 17161, 18769, 19321, 22201, 22801, 24649, 26569, 27889, 29929]",64,no_relation,0,0,0,no_relation,0,0,0,False,,,,True,True,0.0006989999965298921,False,False
1536,67,1205156213460516294290058303014157056456046623972844475679837519532628695795901600334542512053673024831724383140444002393931208489397479162484806493945387325727606669690812612385391038958840749838422771568693910028798672928952303398879467914835149309595585085543572893356110168786767297558520647434009097964507624068891044202889727334022442290003379136417793637487918996982001743253720573884619838492364126080972527924677976015336016395398668721408519874261135957,274449017745158396464337870295745082864746338411464711142734027107319117710440229555061172807946501357880576992646739578543563289642496527491444529943087554735129393735001496358959047582540109058763545419836865483802291922714694609,4391184283922534343429405924731921325835941414583435378283744433717105883367043672880978764927144021726089231882347833256697012634279944439863112479089400875762070299760023941743344761320641744940216726717389847740836670763435125573,40,"[2, 3, 5, 7, 11, 13, 17, 19, 23, 29, 31, 37, 41, 43, 47, 53, 59, 61, 67, 71, 73, 79, 83, 89, 97, 101, 103, 107, 109, 113, 127, 131, 137, 139, 149, 151, 157, 163, 167, 173]","[4, 9, 25, 49, 121, 169, 289, 361, 529, 841, 961, 1369, 1681, 1849, 2209, 2809, 3481, 3721, 4489, 5041, 5329, 6241, 6889, 7921, 9409, 10201, 10609, 11449, 11881, 12769, 16129, 17161, 18769, 19321, 22201, 22801, 24649, 26569, 27889, 29929]",64,no_relation,0,0,0,no_relation,0,0,0,False,,,,True,True,0.0006986249936744571,False,False
1536,68,1205156213460516294290058303014157056456046623972844475679837519532628695795901600334542512053673024831724383140444002393931208489397479162484806493945387325727606669690812612385391038958840749838422771568693910028798672928952303604167333188213629864920312066760894876186371300562371232323572923708709145373799331254648304546872743028694032789764583887003134290075321560582510140683211515761406352273483402582340119664679551970467990433374050605522878064852703489,274449017745158396464337870295745082864746338411464711142734027107319117710440229555061172807946501357880576992646739578543563289642496527491444529943087554735129393735001496358959047582540109058763545419836865483802291922714694609,4391184283922534343429405924731921325835941414583435378283744433717105883367043672880978764927144021726089231882347833256697012634279944439863112479089400875762070299760023941743344761320641744940216726717389847740836670763435126321,40,"[2, 3, 5, 7, 11, 13, 17, 19, 23, 29, 31, 37, 41, 43, 47, 53, 59, 61, 67, 71, 73, 79, 83, 89, 97, 101, 103, 107, 109, 113, 127, 131, 137, 139, 149, 151, 157, 163, 167, 173]","[4, 9, 25, 49, 121, 169, 289, 361, 529, 841, 961, 1369, 1681, 1849, 2209, 2809, 3481, 3721, 4489, 5041, 5329, 6241, 6889, 7921, 9409, 10201, 10609, 11449, 11881, 12769, 16129, 17161, 18769, 19321, 22201, 22801, 24649, 26569, 27889, 29929]",64,no_relation,0,0,0,no_relation,0,0,0,False,,,,True,True,0.0006960000027902424,False,False
1536,69,1205156213460516294290058303014157056456046623972844475679837519532628695795901600334542512053673024831724383140444002393931208489397479162484806493945387325727606669690812612385391038958840749838422771568693910028798672928952303619536478181942500066923232803322619516612166251604395056316678441718579737158452186338073981791876819070006344377982000285442678510055127100103403817496114580928652401433567198684046784286925659261226533944238517698451225736875601593,274449017745158396464337870295745082864746338411464711142734027107319117710440229555061172807946501357880576992646739578543563289642496527491444529943087554735129393735001496358959047582540109058763545419836865483802291922714694609,4391184283922534343429405924731921325835941414583435378283744433717105883367043672880978764927144021726089231882347833256697012634279944439863112479089400875762070299760023941743344761320641744940216726717389847740836670763435126377,40,"[2, 3, 5, 7, 11, 13, 17, 19, 23, 29, 31, 37, 41, 43, 47, 53, 59, 61, 67, 71, 73, 79, 83, 89, 97, 101, 103, 107, 109, 113, 127, 131, 137, 139, 149, 151, 157, 163, 167, 173]","[4, 9, 25, 49, 121, 169, 289, 361, 529, 841, 961, 1369, 1681, 1849, 2209, 2809, 3481, 3721, 4489, 5041, 5329, 6241, 6889, 7921, 9409, 10201, 10609, 11449, 11881, 12769, 16129, 17161, 18769, 19321, 22201, 22801, 24649, 26569, 27889, 29929]",64,no_relation,0,0,0,no_relation,0,0,0,False,,,,True,True,0.0007707500190008432,False,False
1536,70,1205156213460516294290058303014157056456046623972844475679837519532628695795901600334542512053673024831724383140444002393931208489397479162484806493945387325727606669690812612385391038958840749838422771568693910028798672928952303889594311643178362187831697174335781055522563248485670820766961115320591564231638068518268024811234155224494105142373745572308955518271710151684821281494268440295975836675039615899749605506392973084555227063714153759906477688135096849,274449017745158396464337870295745082864746338411464711142734027107319117710440229555061172807946501357880576992646739578543563289642496527491444529943087554735129393735001496358959047582540109058763545419836865483802291922714694609,4391184283922534343429405924731921325835941414583435378283744433717105883367043672880978764927144021726089231882347833256697012634279944439863112479089400875762070299760023941743344761320641744940216726717389847740836670763435127361,40,"[2, 3, 5, 7, 11, 13, 17, 19, 23, 29, 31, 37, 41, 43, 47, 53, 59, 61, 67, 71, 73, 79, 83, 89, 97, 101, 103, 107, 109, 113, 127, 131, 137, 139, 149, 151, 157, 163, 167, 173]","[4, 9, 25, 49, 121, 169, 289, 361, 529, 841, 961, 1369, 1681, 1849, 2209, 2809, 3481, 3721, 4489, 5041, 5329, 6241, 6889, 7921, 9409, 10201, 10609, 11449, 11881, 12769, 16129, 17161, 18769, 19321, 22201, 22801, 24649, 26569, 27889, 29929]",64,no_relation,0,0,0,no_relation,0,0,0,False,,,,True,True,0.000737666996428743,False,False
1536,71,1205156213460516294290058303014157056456046623972844475679837519532628695795901600334542512053673024831724383140444002393931208489397479162484806493945387325727606669690812612385391038958840749838422771568693910028798672928952304190390435091871964712746003018472391875284550147450994233203454824942344574874129660865313422320599643461606489083200323656054320966447904282308026099118228429997791370236679625318865755970352501489401007204918724007218424983440388313,274449017745158396464337870295745082864746338411464711142734027107319117710440229555061172807946501357880576992646739578543563289642496527491444529943087554735129393735001496358959047582540109058763545419836865483802291922714694609,4391184283922534343429405924731921325835941414583435378283744433717105883367043672880978764927144021726089231882347833256697012634279944439863112479089400875762070299760023941743344761320641744940216726717389847740836670763435128457,40,"[2, 3, 5, 7, 11, 13, 17, 19, 23, 29, 31, 37, 41, 43, 47, 53, 59, 61, 67, 71, 73, 79, 83, 89, 97, 101, 103, 107, 109, 113, 127, 131, 137, 139, 149, 151, 157, 163, 167, 173]","[4, 9, 25, 49, 121, 169, 289, 361, 529, 841, 961, 1369, 1681, 1849, 2209, 2809, 3481, 3721, 4489, 5041, 5329, 6241, 6889, 7921, 9409, 10201, 10609, 11449, 11881, 12769, 16129, 17161, 18769, 19321, 22201, 22801, 24649, 26569, 27889, 29929]",64,no_relation,0,0,0,no_relation,0,0,0,False,,,,True,True,0.0007173749909270555,False,False
1536,72,1205156213460516294290058303014157056456046623972844475679837519532628695795901600334542512053673024831724383140444002393931208489397479162484806493945387325727606669690812612385391038958840749838422771568693910028798672928952304213444152582465270015750384123314978835923242574014029969193113101957150462551108943490451938188105757523574956465526448253713637296417612591589366614337583027748660443976805319471425752903721662425538822471215424646610946491474735469,274449017745158396464337870295745082864746338411464711142734027107319117710440229555061172807946501357880576992646739578543563289642496527491444529943087554735129393735001496358959047582540109058763545419836865483802291922714694609,4391184283922534343429405924731921325835941414583435378283744433717105883367043672880978764927144021726089231882347833256697012634279944439863112479089400875762070299760023941743344761320641744940216726717389847740836670763435128541,40,"[2, 3, 5, 7, 11, 13, 17, 19, 23, 29, 31, 37, 41, 43, 47, 53, 59, 61, 67, 71, 73, 79, 83, 89, 97, 101, 103, 107, 109, 113, 127, 131, 137, 139, 149, 151, 157, 163, 167, 173]","[4, 9, 25, 49, 121, 169, 289, 361, 529, 841, 961, 1369, 1681, 1849, 2209, 2809, 3481, 3721, 4489, 5041, 5329, 6241, 6889, 7921, 9409, 10201, 10609, 11449, 11881, 12769, 16129, 17161, 18769, 19321, 22201, 22801, 24649, 26569, 27889, 29929]",64,no_relation,0,0,0,no_relation,0,0,0,False,,,,True,True,0.0007071669970173389,False,False
1536,73,1205156213460516294290058303014157056456046623972844475679837519532628695795901600334542512053673024831724383140444002393931208489397479162484806493945387325727606669690812612385391038958840749838422771568693910028798672928952304224971011327761922667252574675736272316242588787295547837187942240464553406389598584803021196121858814554559190156689510552543295461402466746230036871947260326624094980846868166547705751370406242893607730104363774966307207245491909047,274449017745158396464337870295745082864746338411464711142734027107319117710440229555061172807946501357880576992646739578543563289642496527491444529943087554735129393735001496358959047582540109058763545419836865483802291922714694609,4391184283922534343429405924731921325835941414583435378283744433717105883367043672880978764927144021726089231882347833256697012634279944439863112479089400875762070299760023941743344761320641744940216726717389847740836670763435128583,40,"[2, 3, 5, 7, 11, 13, 17, 19, 23, 29, 31, 37, 41, 43, 47, 53, 59, 61, 67, 71, 73, 79, 83, 89, 97, 101, 103, 107, 109, 113, 127, 131, 137, 139, 149, 151, 157, 163, 167, 173]","[4, 9, 25, 49, 121, 169, 289, 361, 529, 841, 961, 1369, 1681, 1849, 2209, 2809, 3481, 3721, 4489, 5041, 5329, 6241, 6889, 7921, 9409, 10201, 10609, 11449, 11881, 12769, 16129, 17161, 18769, 19321, 22201, 22801, 24649, 26569, 27889, 29929]",64,no_relation,0,0,0,no_relation,0,0,0,False,,,,True,True,0.0007021249912213534,False,False
1536,74,1205156213460516294290058303014157056456046623972844475679837519532628695795901600334542512053673024831724383140444002393931208489397479162484806493945387325727606669690812612385391038958840749838422771568693910028798672928952304320479269503077044636842153538655561153174314554485267314859383673811606369622798469964309333287241287096999983597754883885703320256991258313252733292141729374449124000627388899465454310094364195343321536207592963329504796350205632979,274449017745158396464337870295745082864746338411464711142734027107319117710440229555061172807946501357880576992646739578543563289642496527491444529943087554735129393735001496358959047582540109058763545419836865483802291922714694609,4391184283922534343429405924731921325835941414583435378283744433717105883367043672880978764927144021726089231882347833256697012634279944439863112479089400875762070299760023941743344761320641744940216726717389847740836670763435128931,40,"[2, 3, 5, 7, 11, 13, 17, 19, 23, 29, 31, 37, 41, 43, 47, 53, 59, 61, 67, 71, 73, 79, 83, 89, 97, 101, 103, 107, 109, 113, 127, 131, 137, 139, 149, 151, 157, 163, 167, 173]","[4, 9, 25, 49, 121, 169, 289, 361, 529, 841, 961, 1369, 1681, 1849, 2209, 2809, 3481, 3721, 4489, 5041, 5329, 6241, 6889, 7921, 9409, 10201, 10609, 11449, 11881, 12769, 16129, 17161, 18769, 19321, 22201, 22801, 24649, 26569, 27889, 29929]",64,no_relation,0,0,0,no_relation,0,0,0,False,,,,True,True,0.0007040829805191606,False,False
1536,75,1205156213460516294290058303014157056456046623972844475679837519532628695795901600334542512053673024831724383140444002393931208489397479162484806493945387325727606669690812612385391038958840749838422771568693910028798672928952304540038483699203761808312449775251627444971385283657036229046605359666900537974982114013247579644442373401461577715146546720553951970988480306408357246611773162552638988628585986632692376126451442354157872077085350371338334521961320179,274449017745158396464337870295745082864746338411464711142734027107319117710440229555061172807946501357880576992646739578543563289642496527491444529943087554735129393735001496358959047582540109058763545419836865483802291922714694609,4391184283922534343429405924731921325835941414583435378283744433717105883367043672880978764927144021726089231882347833256697012634279944439863112479089400875762070299760023941743344761320641744940216726717389847740836670763435129731,40,"[2, 3, 5, 7, 11, 13, 17, 19, 23, 29, 31, 37, 41, 43, 47, 53, 59, 61, 67, 71, 73, 79, 83, 89, 97, 101, 103, 107, 109, 113, 127, 131, 137, 139, 149, 151, 157, 163, 167, 173]","[4, 9, 25, 49, 121, 169, 289, 361, 529, 841, 961, 1369, 1681, 1849, 2209, 2809, 3481, 3721, 4489, 5041, 5329, 6241, 6889, 7921, 9409, 10201, 10609, 11449, 11881, 12769, 16129, 17161, 18769, 19321, 22201, 22801, 24649, 26569, 27889, 29929]",64,no_relation,0,0,0,no_relation,0,0,0,False,,,,True,True,0.0007035830058157444,False,False
1536,76,1205156213460516294290058303014157056456046623972844475679837519532628695795901600334542512053673024831724383140444002393931208489397479162484806493945387325727606669690812612385391038958840749838422771568693910028798672928952304862790528567510036050373785243047844893913079255539536532901821237874182965452692070765186801789527970269020121067712291087784380590564396636347124459682737531064806020990345704768532333193619695460087285805239159322833635634442180363,274449017745158396464337870295745082864746338411464711142734027107319117710440229555061172807946501357880576992646739578543563289642496527491444529943087554735129393735001496358959047582540109058763545419836865483802291922714694609,4391184283922534343429405924731921325835941414583435378283744433717105883367043672880978764927144021726089231882347833256697012634279944439863112479089400875762070299760023941743344761320641744940216726717389847740836670763435130907,40,"[2, 3, 5, 7, 11, 13, 17, 19, 23, 29, 31, 37, 41, 43, 47, 53, 59, 61, 67, 71, 73, 79, 83, 89, 97, 101, 103, 107, 109, 113, 127, 131, 137, 139, 149, 151, 157, 163, 167, 173]","[4, 9, 25, 49, 121, 169, 289, 361, 529, 841, 961, 1369, 1681, 1849, 2209, 2809, 3481, 3721, 4489, 5041, 5329, 6241, 6889, 7921, 9409, 10201, 10609, 11449, 11881, 12769, 16129, 17161, 18769, 19321, 22201, 22801, 24649, 26569, 27889, 29929]",64,no_relation,0,0,0,no_relation,0,0,0,False,,,,True,True,0.0007031249988358468,False,False
1536,77,1205156213460516294290058303014157056456046623972844475679837519532628695795901600334542512053673024831724383140444002393931208489397479162484806493945387325727606669690812612385391038958840749838422771568693910028798672928952304927011598719877100823028846892252194284263722443822278940301583580986856509695705786649501238849009288013075137347049352466978190366908584069345144466365225339085084154980695852764949467508005215210756914047065682532569945549680718869,274449017745158396464337870295745082864746338411464711142734027107319117710440229555061172807946501357880576992646739578543563289642496527491444529943087554735129393735001496358959047582540109058763545419836865483802291922714694609,4391184283922534343429405924731921325835941414583435378283744433717105883367043672880978764927144021726089231882347833256697012634279944439863112479089400875762070299760023941743344761320641744940216726717389847740836670763435131141,40,"[2, 3, 5, 7, 11, 13, 17, 19, 23, 29, 31, 37, 41, 43, 47, 53, 59, 61, 67, 71, 73, 79, 83, 89, 97, 101, 103, 107, 109, 113, 127, 131, 137, 139, 149, 151, 157, 163, 167, 173]","[4, 9, 25, 49, 121, 169, 289, 361, 529, 841, 961, 1369, 1681, 1849, 2209, 2809, 3481, 3721, 4489, 5041, 5329, 6241, 6889, 7921, 9409, 10201, 10609, 11449, 11881, 12769, 16129, 17161, 18769, 19321, 22201, 22801, 24649, 26569, 27889, 29929]",64,no_relation,0,0,0,no_relation,0,0,0,False,,,,True,True,0.0007095829932950437,False,False
1536,78,1205156213460516294290058303014157056456046623972844475679837519532628695795901600334542512053673024831724383140444002393931208489397479162484806493945387325727606669690812612385391038958840749838422771568693910028798672928952305077958558479714218878414675554911989859874208570127870068805298490012371250437832041933146283219585034847392483302756120665937999670281674189639635935063380443406250709231518850192425637905065197530706894957341698623830503042762753819,274449017745158396464337870295745082864746338411464711142734027107319117710440229555061172807946501357880576992646739578543563289642496527491444529943087554735129393735001496358959047582540109058763545419836865483802291922714694609,4391184283922534343429405924731921325835941414583435378283744433717105883367043672880978764927144021726089231882347833256697012634279944439863112479089400875762070299760023941743344761320641744940216726717389847740836670763435131691,40,"[2, 3, 5, 7, 11, 13, 17, 19, 23, 29, 31, 37, 41, 43, 47, 53, 59, 61, 67, 71, 73, 79, 83, 89, 97, 101, 103, 107, 109, 113, 127, 131, 137, 139, 149, 151, 157, 163, 167, 173]","[4, 9, 25, 49, 121, 169, 289, 361, 529, 841, 961, 1369, 1681, 1849, 2209, 2809, 3481, 3721, 4489, 5041, 5329, 6241, 6889, 7921, 9409, 10201, 10609, 11449, 11881, 12769, 16129, 17161, 18769, 19321, 22201, 22801, 24649, 26569, 27889, 29929]",64,no_relation,0,0,0,no_relation,0,0,0,False,,,,True,True,0.0006985420186538249,False,False
1536,79,1205156213460516294290058303014157056456046623972844475679837519532628695795901600334542512053673024831724383140444002393931208489397479162484806493945387325727606669690812612385391038958840749838422771568693910028798672928952305167428938264635856125788821271324886873781514892265365901336591326998403624041346876883088618610144477516460582905593223271139632093735542151850552696509923287058433066842006663213075149813140750687622701824159846343377669847753196353,274449017745158396464337870295745082864746338411464711142734027107319117710440229555061172807946501357880576992646739578543563289642496527491444529943087554735129393735001496358959047582540109058763545419836865483802291922714694609,4391184283922534343429405924731921325835941414583435378283744433717105883367043672880978764927144021726089231882347833256697012634279944439863112479089400875762070299760023941743344761320641744940216726717389847740836670763435132017,40,"[2, 3, 5, 7, 11, 13, 17, 19, 23, 29, 31, 37, 41, 43, 47, 53, 59, 61, 67, 71, 73, 79, 83, 89, 97, 101, 103, 107, 109, 113, 127, 131, 137, 139, 149, 151, 157, 163, 167, 173]","[4, 9, 25, 49, 121, 169, 289, 361, 529, 841, 961, 1369, 1681, 1849, 2209, 2809, 3481, 3721, 4489, 5041, 5329, 6241, 6889, 7921, 9409, 10201, 10609, 11449, 11881, 12769, 16129, 17161, 18769, 19321, 22201, 22801, 24649, 26569, 27889, 29929]",64,no_relation,0,0,0,no_relation,0,0,0,False,,,,True,True,0.0007022919890005141,False,False
1536,80,1205156213460516294290058303014157056456046623972844475679837519532628695795901600334542512053673024831724383140444002393931208489397479162484806493945387325727606669690812612385391038958840749838422771568693910028798672928952299759685492614034812192475424963963774106819662832764697544905321204382508257527063723957739610832281721837571519794236567648768572977983964460427534697912744786068858912372522406284001583442831856810723749358562353503017624677402433641,274449017745158396464337870295745082864746338411464711142734027107319117710440229555061172807946501357880576992646739578543563289642496527491444529943087554735129393735001496358959047582540109058763545419836865483802291922714695281,4391184283922534343429405924731921325835941414583435378283744433717105883367043672880978764927144021726089231882347833256697012634279944439863112479089400875762070299760023941743344761320641744940216726717389847740836670763435101561,40,"[2, 3, 5, 7, 11, 13, 17, 19, 23, 29, 31, 37, 41, 43, 47, 53, 59, 61, 67, 71, 73, 79, 83, 89, 97, 101, 103, 107, 109, 113, 127, 131, 137, 139, 149, 151, 157, 163, 167, 173]","[4, 9, 25, 49, 121, 169, 289, 361, 529, 841, 961, 1369, 1681, 1849, 2209, 2809, 3481, 3721, 4489, 5041, 5329, 6241, 6889, 7921, 9409, 10201, 10609, 11449, 11881, 12769, 16129, 17161, 18769, 19321, 22201, 22801, 24649, 26569, 27889, 29929]",64,no_relation,0,0,0,no_relation,0,0,0,False,,,,True,True,0.000700707983924076,False,False
1536,81,1205156213460516294290058303014157056456046623972844475679837519532628695795901600334542512053673024831724383140444002393931208489397479162484806493945387325727606669690812612385391038958840749838422771568693910028798672928952299836531217582679163202490028646772397308948637587974816664870848794431861216450327999374867997057302102044133077735323649640966294077882992158032003081977260111905089158172941386792534906554062393264516466912884688967659363037517112321,274449017745158396464337870295745082864746338411464711142734027107319117710440229555061172807946501357880576992646739578543563289642496527491444529943087554735129393735001496358959047582540109058763545419836865483802291922714695281,4391184283922534343429405924731921325835941414583435378283744433717105883367043672880978764927144021726089231882347833256697012634279944439863112479089400875762070299760023941743344761320641744940216726717389847740836670763435101841,40,"[2, 3, 5, 7, 11, 13, 17, 19, 23, 29, 31, 37, 41, 43, 47, 53, 59, 61, 67, 71, 73, 79, 83, 89, 97, 101, 103, 107, 109, 113, 127, 131, 137, 139, 149, 151, 157, 163, 167, 173]","[4, 9, 25, 49, 121, 169, 289, 361, 529, 841, 961, 1369, 1681, 1849, 2209, 2809, 3481, 3721, 4489, 5041, 5329, 6241, 6889, 7921, 9409, 10201, 10609, 11449, 11881, 12769, 16129, 17161, 18769, 19321, 22201, 22801, 24649, 26569, 27889, 29929]",64,no_relation,0,0,0,no_relation,0,0,0,False,,,,True,True,0.0006987089873291552,False,False
1536,82,1205156213460516294290058303014157056456046623972844475679837519532628695795901600334542512053673024831724383140444002393931208489397479162484806493945387325727606669690812612385391038958840749838422771568693910028798672928952299863427221321704686055995139935755415429693778752298358356858783450949134752073470495770862932236059235116429623014704128338235496462847651852193567016399840475947769744203088029970521569642993081023343918056897506380283971463557249859,274449017745158396464337870295745082864746338411464711142734027107319117710440229555061172807946501357880576992646739578543563289642496527491444529943087554735129393735001496358959047582540109058763545419836865483802291922714695281,4391184283922534343429405924731921325835941414583435378283744433717105883367043672880978764927144021726089231882347833256697012634279944439863112479089400875762070299760023941743344761320641744940216726717389847740836670763435101939,40,"[2, 3, 5, 7, 11, 13, 17, 19, 23, 29, 31, 37, 41, 43, 47, 53, 59, 61, 67, 71, 73, 79, 83, 89, 97, 101, 103, 107, 109, 113, 127, 131, 137, 139, 149, 151, 157, 163, 167, 173]","[4, 9, 25, 49, 121, 169, 289, 361, 529, 841, 961, 1369, 1681, 1849, 2209, 2809, 3481, 3721, 4489, 5041, 5329, 6241, 6889, 7921, 9409, 10201, 10609, 11449, 11881, 12769, 16129, 17161, 18769, 19321, 22201, 22801, 24649, 26569, 27889, 29929]",64,no_relation,0,0,0,no_relation,0,0,0,False,,,,True,True,0.0006974169809836894,False,False
1536,83,1205156213460516294290058303014157056456046623972844475679837519532628695795901600334542512053673024831724383140444002393931208489397479162484806493945387325727606669690812612385391038958840749838422771568693910028798672928952300027547733933309407141669186372610974982812089122354255620213731661125967142916727769697444271388067047129014664617454396307286343669060575292077395922366198207555147197733982852628032024001978298163944079119343065694054541246945027897,274449017745158396464337870295745082864746338411464711142734027107319117710440229555061172807946501357880576992646739578543563289642496527491444529943087554735129393735001496358959047582540109058763545419836865483802291922714695281,4391184283922534343429405924731921325835941414583435378283744433717105883367043672880978764927144021726089231882347833256697012634279944439863112479089400875762070299760023941743344761320641744940216726717389847740836670763435102537,40,"[2, 3, 5, 7, 11, 13, 17, 19, 23, 29, 31, 37, 41, 43, 47, 53, 59, 61, 67, 71, 73, 79, 83, 89, 97, 101, 103, 107, 109, 113, 127, 131, 137, 139, 149, 151, 157, 163, 167, 173]","[4, 9, 25, 49, 121, 169, 289, 361, 529, 841, 961, 1369, 1681, 1849, 2209, 2809, 3481, 3721, 4489, 5041, 5329, 6241, 6889, 7921, 9409, 10201, 10609, 11449, 11881, 12769, 16129, 17161, 18769, 19321, 22201, 22801, 24649, 26569, 27889, 29929]",64,no_relation,0,0,0,no_relation,0,0,0,False,,,,True,True,0.0007037500035949051,False,False
1536,84,1205156213460516294290058303014157056456046623972844475679837519532628695795901600334542512053673024831724383140444002393931208489397479162484806493945387325727606669690812612385391038958840749838422771568693910028798672928952300075301863020966968126463975804070619401277952005949115359049452377799493624533327712278088339970758283400235061337987082973866356066854971075588744132463432731467661707624243219086906303363957274388800982170957659875653335799302006791,274449017745158396464337870295745082864746338411464711142734027107319117710440229555061172807946501357880576992646739578543563289642496527491444529943087554735129393735001496358959047582540109058763545419836865483802291922714695281,4391184283922534343429405924731921325835941414583435378283744433717105883367043672880978764927144021726089231882347833256697012634279944439863112479089400875762070299760023941743344761320641744940216726717389847740836670763435102711,40,"[2, 3, 5, 7, 11, 13, 17, 19, 23, 29, 31, 37, 41, 43, 47, 53, 59, 61, 67, 71, 73, 79, 83, 89, 97, 101, 103, 107, 109, 113, 127, 131, 137, 139, 149, 151, 157, 163, 167, 173]","[4, 9, 25, 49, 121, 169, 289, 361, 529, 841, 961, 1369, 1681, 1849, 2209, 2809, 3481, 3721, 4489, 5041, 5329, 6241, 6889, 7921, 9409, 10201, 10609, 11449, 11881, 12769, 16129, 17161, 18769, 19321, 22201, 22801, 24649, 26569, 27889, 29929]",64,no_relation,0,0,0,no_relation,0,0,0,False,,,,True,True,0.0007042920042295009,False,False
1536,85,1205156213460516294290058303014157056456046623972844475679837519532628695795901600334542512053673024831724383140444002393931208489397479162484806493945387325727606669690812612385391038958840749838422771568693910028798672928952300319012590778667624186796004626692252985172700515329778853797268449098870151404251557172409793427251489198187430808291828720550557269391887487991486721925181336262563344305571985842540556659574118570829314986094209492088563169951416319,274449017745158396464337870295745082864746338411464711142734027107319117710440229555061172807946501357880576992646739578543563289642496527491444529943087554735129393735001496358959047582540109058763545419836865483802291922714695281,4391184283922534343429405924731921325835941414583435378283744433717105883367043672880978764927144021726089231882347833256697012634279944439863112479089400875762070299760023941743344761320641744940216726717389847740836670763435103599,40,"[2, 3, 5, 7, 11, 13, 17, 19, 23, 29, 31, 37, 41, 43, 47, 53, 59, 61, 67, 71, 73, 79, 83, 89, 97, 101, 103, 107, 109, 113, 127, 131, 137, 139, 149, 151, 157, 163, 167, 173]","[4, 9, 25, 49, 121, 169, 289, 361, 529, 841, 961, 1369, 1681, 1849, 2209, 2809, 3481, 3721, 4489, 5041, 5329, 6241, 6889, 7921, 9409, 10201, 10609, 11449, 11881, 12769, 16129, 17161, 18769, 19321, 22201, 22801, 24649, 26569, 27889, 29929]",64,no_relation,0,0,0,no_relation,0,0,0,False,,,,True,True,0.0006967090012039989,False,False
1536,86,1205156213460516294290058303014157056456046623972844475679837519532628695795901600334542512053673024831724383140444002393931208489397479162484806493945387325727606669690812612385391038958840749838422771568693910028798672928952300349201982730635047797873170359224212100294797740590897079498011430903973099552676808229138802301366638565050899999433182360342519130066505512050385015664812357126796655155736585328035790738986115034819311168149412710340674668567897229,274449017745158396464337870295745082864746338411464711142734027107319117710440229555061172807946501357880576992646739578543563289642496527491444529943087554735129393735001496358959047582540109058763545419836865483802291922714695281,4391184283922534343429405924731921325835941414583435378283744433717105883367043672880978764927144021726089231882347833256697012634279944439863112479089400875762070299760023941743344761320641744940216726717389847740836670763435103709,40,"[2, 3, 5, 7, 11, 13, 17, 19, 23, 29, 31, 37, 41, 43, 47, 53, 59, 61, 67, 71, 73, 79, 83, 89, 97, 101, 103, 107, 109, 113, 127, 131, 137, 139, 149, 151, 157, 163, 167, 173]","[4, 9, 25, 49, 121, 169, 289, 361, 529, 841, 961, 1369, 1681, 1849, 2209, 2809, 3481, 3721, 4489, 5041, 5329, 6241, 6889, 7921, 9409, 10201, 10609, 11449, 11881, 12769, 16129, 17161, 18769, 19321, 22201, 22801, 24649, 26569, 27889, 29929]",64,no_relation,0,0,0,no_relation,0,0,0,False,,,,True,True,0.0007077080081216991,False,False
1536,87,1205156213460516294290058303014157056456046623972844475679837519532628695795901600334542512053673024831724383140444002393931208489397479162484806493945387325727606669690812612385391038958840749838422771568693910028798672928952300393662723605350708025095905347134915524383704563248180284620923822289670168643993996149048797188699858541704372808204994084399772052150942965664398866444996224217758440225978995479401499110483782554513669181721621086311966148348532751,274449017745158396464337870295745082864746338411464711142734027107319117710440229555061172807946501357880576992646739578543563289642496527491444529943087554735129393735001496358959047582540109058763545419836865483802291922714695281,4391184283922534343429405924731921325835941414583435378283744433717105883367043672880978764927144021726089231882347833256697012634279944439863112479089400875762070299760023941743344761320641744940216726717389847740836670763435103871,40,"[2, 3, 5, 7, 11, 13, 17, 19, 23, 29, 31, 37, 41, 43, 47, 53, 59, 61, 67, 71, 73, 79, 83, 89, 97, 101, 103, 107, 109, 113, 127, 131, 137, 139, 149, 151, 157, 163, 167, 173]","[4, 9, 25, 49, 121, 169, 289, 361, 529, 841, 961, 1369, 1681, 1849, 2209, 2809, 3481, 3721, 4489, 5041, 5329, 6241, 6889, 7921, 9409, 10201, 10609, 11449, 11881, 12769, 16129, 17161, 18769, 19321, 22201, 22801, 24649, 26569, 27889, 29929]",64,no_relation,0,0,0,no_relation,0,0,0,False,,,,True,True,0.000699333002557978,False,False
1536,88,1205156213460516294290058303014157056456046623972844475679837519532628695795901600334542512053673024831724383140444002393931208489397479162484806493945387325727606669690812612385391038958840749838422771568693910028798672928952300541316295152245925322909679566245770105617234628616194879411830406027355496860837496771959767863917589081454794852150887340836821879814074756061555975826100671717372269656784036599369098517062456169301105053955251371945020568854593929,274449017745158396464337870295745082864746338411464711142734027107319117710440229555061172807946501357880576992646739578543563289642496527491444529943087554735129393735001496358959047582540109058763545419836865483802291922714695281,4391184283922534343429405924731921325835941414583435378283744433717105883367043672880978764927144021726089231882347833256697012634279944439863112479089400875762070299760023941743344761320641744940216726717389847740836670763435104409,40,"[2, 3, 5, 7, 11, 13, 17, 19, 23, 29, 31, 37, 41, 43, 47, 53, 59, 61, 67, 71, 73, 79, 83, 89, 97, 101, 103, 107, 109, 113, 127, 131, 137, 139, 149, 151, 157, 163, 167, 173]","[4, 9, 25, 49, 121, 169, 289, 361, 529, 841, 961, 1369, 1681, 1849, 2209, 2809, 3481, 3721, 4489, 5041, 5329, 6241, 6889, 7921, 9409, 10201, 10609, 11449, 11881, 12769, 16129, 17161, 18769, 19321, 22201, 22801, 24649, 26569, 27889, 29929]",64,no_relation,0,0,0,no_relation,0,0,0,False,,,,True,True,0.000710541004082188,False,False
1536,89,1205156213460516294290058303014157056456046623972844475679837519532628695795901600334542512053673024831724383140444002393931208489397479162484806493945387325727606669690812612385391038958840749838422771568693910028798672928952300765815591667785493630738057468165247888979739449194328594168264579814393784000945272811999124764155699827766774837183862589471592807376234244063181469271720445053216344888008058227870021034871666237881258480511217122219813349475333787,274449017745158396464337870295745082864746338411464711142734027107319117710440229555061172807946501357880576992646739578543563289642496527491444529943087554735129393735001496358959047582540109058763545419836865483802291922714695281,4391184283922534343429405924731921325835941414583435378283744433717105883367043672880978764927144021726089231882347833256697012634279944439863112479089400875762070299760023941743344761320641744940216726717389847740836670763435105227,40,"[2, 3, 5, 7, 11, 13, 17, 19, 23, 29, 31, 37, 41, 43, 47, 53, 59, 61, 67, 71, 73, 79, 83, 89, 97, 101, 103, 107, 109, 113, 127, 131, 137, 139, 149, 151, 157, 163, 167, 173]","[4, 9, 25, 49, 121, 169, 289, 361, 529, 841, 961, 1369, 1681, 1849, 2209, 2809, 3481, 3721, 4489, 5041, 5329, 6241, 6889, 7921, 9409, 10201, 10609, 11449, 11881, 12769, 16129, 17161, 18769, 19321, 22201, 22801, 24649, 26569, 27889, 29929]",64,no_relation,0,0,0,no_relation,0,0,0,False,,,,True,True,0.0006967080116737634,False,False
1536,90,1205156213460516294290058303014157056456046623972844475679837519532628695795901600334542512053673024831724383140444002393931208489397479162484806493945387325727606669690812612385391038958840749838422771568693910028798672928952301037520119235492306130432549060952879925078614476544392625474951416060320317336772532322560204631192044129537997557456045347599249553447796460593266112928399632831316142539489453597327127749579634413791224119008046086488816837023661977,274449017745158396464337870295745082864746338411464711142734027107319117710440229555061172807946501357880576992646739578543563289642496527491444529943087554735129393735001496358959047582540109058763545419836865483802291922714695281,4391184283922534343429405924731921325835941414583435378283744433717105883367043672880978764927144021726089231882347833256697012634279944439863112479089400875762070299760023941743344761320641744940216726717389847740836670763435106217,40,"[2, 3, 5, 7, 11, 13, 17, 19, 23, 29, 31, 37, 41, 43, 47, 53, 59, 61, 67, 71, 73, 79, 83, 89, 97, 101, 103, 107, 109, 113, 127, 131, 137, 139, 149, 151, 157, 163, 167, 173]","[4, 9, 25, 49, 121, 169, 289, 361, 529, 841, 961, 1369, 1681, 1849, 2209, 2809, 3481, 3721, 4489, 5041, 5329, 6241, 6889, 7921, 9409, 10201, 10609, 11449, 11881, 12769, 16129, 17161, 18769, 19321, 22201, 22801, 24649, 26569, 27889, 29929]",64,no_relation,0,0,0,no_relation,0,0,0,False,,,,True,True,0.0006990419933572412,False,False
1536,91,1205156213460516294290058303014157056456046623972844475679837519532628695795901600334542512053673024831724383140444002393931208489397479162484806493945387325727606669690812612385391038958840749838422771568693910028798672928952301162668871327284534918170617915812637711402944792172300906561667776997837993297517209430455005054796663323081106204369293163464109630426212996691971766976324592050319685700171793282652825387869365209967935564618706700333933594924710113,274449017745158396464337870295745082864746338411464711142734027107319117710440229555061172807946501357880576992646739578543563289642496527491444529943087554735129393735001496358959047582540109058763545419836865483802291922714695281,4391184283922534343429405924731921325835941414583435378283744433717105883367043672880978764927144021726089231882347833256697012634279944439863112479089400875762070299760023941743344761320641744940216726717389847740836670763435106673,40,"[2, 3, 5, 7, 11, 13, 17, 19, 23, 29, 31, 37, 41, 43, 47, 53, 59, 61, 67, 71, 73, 79, 83, 89, 97, 101, 103, 107, 109, 113, 127, 131, 137, 139, 149, 151, 157, 163, 167, 173]","[4, 9, 25, 49, 121, 169, 289, 361, 529, 841, 961, 1369, 1681, 1849, 2209, 2809, 3481, 3721, 4489, 5041, 5329, 6241, 6889, 7921, 9409, 10201, 10609, 11449, 11881, 12769, 16129, 17161, 18769, 19321, 22201, 22801, 24649, 26569, 27889, 29929]",64,no_relation,0,0,0,no_relation,0,0,0,False,,,,True,True,0.0007004580111242831,False,False
1536,92,1205156213460516294290058303014157056456046623972844475679837519532628695795901600334542512053673024831724383140444002393931208489397479162484806493945387325727606669690812612385391038958840749838422771568693910028798672928952301259823823609070607266546224000506397045523148589830808651089513372988805662793358471922110179067858144012805361601315103967885514163869983728663335366829318968286125067890701504354155669607067972012263014186869087966345274235926839587,274449017745158396464337870295745082864746338411464711142734027107319117710440229555061172807946501357880576992646739578543563289642496527491444529943087554735129393735001496358959047582540109058763545419836865483802291922714695281,4391184283922534343429405924731921325835941414583435378283744433717105883367043672880978764927144021726089231882347833256697012634279944439863112479089400875762070299760023941743344761320641744940216726717389847740836670763435107027,40,"[2, 3, 5, 7, 11, 13, 17, 19, 23, 29, 31, 37, 41, 43, 47, 53, 59, 61, 67, 71, 73, 79, 83, 89, 97, 101, 103, 107, 109, 113, 127, 131, 137, 139, 149, 151, 157, 163, 167, 173]","[4, 9, 25, 49, 121, 169, 289, 361, 529, 841, 961, 1369, 1681, 1849, 2209, 2809, 3481, 3721, 4489, 5041, 5329, 6241, 6889, 7921, 9409, 10201, 10609, 11449, 11881, 12769, 16129, 17161, 18769, 19321, 22201, 22801, 24649, 26569, 27889, 29929]",64,no_relation,0,0,0,no_relation,0,0,0,False,,,,True,True,0.0007397920126095414,False,False
1536,93,1205156213460516294290058303014157056456046623972844475679837519532628695795901600334542512053673024831724383140444002393931208489397479162484806493945387325727606669690812612385391038958840749838422771568693910028798672928952301460171606563036236685512869316400307536787975630200047785285353161331761591414726047116766328868804135265626566233434996304686715602892448797417842225283233924930582494441793846394260404861347584909651170667780891142018377817654394717,274449017745158396464337870295745082864746338411464711142734027107319117710440229555061172807946501357880576992646739578543563289642496527491444529943087554735129393735001496358959047582540109058763545419836865483802291922714695281,4391184283922534343429405924731921325835941414583435378283744433717105883367043672880978764927144021726089231882347833256697012634279944439863112479089400875762070299760023941743344761320641744940216726717389847740836670763435107757,40,"[2, 3, 5, 7, 11, 13, 17, 19, 23, 29, 31, 37, 41, 43, 47, 53, 59, 61, 67, 71, 73, 79, 83, 89, 97, 101, 103, 107, 109, 113, 127, 131, 137, 139, 149, 151, 157, 163, 167, 173]","[4, 9, 25, 49, 121, 169, 289, 361, 529, 841, 961, 1369, 1681, 1849, 2209, 2809, 3481, 3721, 4489, 5041, 5329, 6241, 6889, 7921, 9409, 10201, 10609, 11449, 11881, 12769, 16129, 17161, 18769, 19321, 22201, 22801, 24649, 26569, 27889, 29929]",64,no_relation,0,0,0,no_relation,0,0,0,False,,,,True,True,0.0007207499875221401,False,False
1536,94,1205156213460516294290058303014157056456046623972844475679837519532628695795901600334542512053673024831724383140444002393931208489397479162484806493945387325727606669690812612385391038958840749838422771568693910028798672928952301476638547627745740473373141534145012508672755934887930453849394787770908654041139820420436697345594216738461185792239371017300512981442240446904514021868487209038346118541883627931803259813754128435463895857992820170155893180536111577,274449017745158396464337870295745082864746338411464711142734027107319117710440229555061172807946501357880576992646739578543563289642496527491444529943087554735129393735001496358959047582540109058763545419836865483802291922714695281,4391184283922534343429405924731921325835941414583435378283744433717105883367043672880978764927144021726089231882347833256697012634279944439863112479089400875762070299760023941743344761320641744940216726717389847740836670763435107817,40,"[2, 3, 5, 7, 11, 13, 17, 19, 23, 29, 31, 37, 41, 43, 47, 53, 59, 61, 67, 71, 73, 79, 83, 89, 97, 101, 103, 107, 109, 113, 127, 131, 137, 139, 149, 151, 157, 163, 167, 173]","[4, 9, 25, 49, 121, 169, 289, 361, 529, 841, 961, 1369, 1681, 1849, 2209, 2809, 3481, 3721, 4489, 5041, 5329, 6241, 6889, 7921, 9409, 10201, 10609, 11449, 11881, 12769, 16129, 17161, 18769, 19321, 22201, 22801, 24649, 26569, 27889, 29929]",64,no_relation,0,0,0,no_relation,0,0,0,False,,,,True,True,0.0007115420012269169,False,False
1536,95,1205156213460516294290058303014157056456046623972844475679837519532628695795901600334542512053673024831724383140444002393931208489397479162484806493945387325727606669690812612385391038958840749838422771568693910028798672928952301595749421329144484538895777242498378471972666805463615089795962552347405740372199447316985695994375806058631600600924348105206980686285733378191440017168485964084502999532533047720029910636161459938842608067192440140350587638713863531,274449017745158396464337870295745082864746338411464711142734027107319117710440229555061172807946501357880576992646739578543563289642496527491444529943087554735129393735001496358959047582540109058763545419836865483802291922714695281,4391184283922534343429405924731921325835941414583435378283744433717105883367043672880978764927144021726089231882347833256697012634279944439863112479089400875762070299760023941743344761320641744940216726717389847740836670763435108251,40,"[2, 3, 5, 7, 11, 13, 17, 19, 23, 29, 31, 37, 41, 43, 47, 53, 59, 61, 67, 71, 73, 79, 83, 89, 97, 101, 103, 107, 109, 113, 127, 131, 137, 139, 149, 151, 157, 163, 167, 173]","[4, 9, 25, 49, 121, 169, 289, 361, 529, 841, 961, 1369, 1681, 1849, 2209, 2809, 3481, 3721, 4489, 5041, 5329, 6241, 6889, 7921, 9409, 10201, 10609, 11449, 11881, 12769, 16129, 17161, 18769, 19321, 22201, 22801, 24649, 26569, 27889, 29929]",64,no_relation,0,0,0,no_relation,0,0,0,False,,,,True,True,0.0007029999978840351,False,False
1536,96,1205156213460516294290058303014157056456046623972844475679837519532628695795901600334542512053673024831724383140444002393931208489397479162484806493945387325727606669690812612385391038958840749838422771568693910028798672928952301659421593446021232518622163151111237696593817316923428074910256841245441049194332704091177787437964121086925462894967930327313663883344927756206570963964798662634522346052880202998528949785466761571985145469345232382482313708523168723,274449017745158396464337870295745082864746338411464711142734027107319117710440229555061172807946501357880576992646739578543563289642496527491444529943087554735129393735001496358959047582540109058763545419836865483802291922714695281,4391184283922534343429405924731921325835941414583435378283744433717105883367043672880978764927144021726089231882347833256697012634279944439863112479089400875762070299760023941743344761320641744940216726717389847740836670763435108483,40,"[2, 3, 5, 7, 11, 13, 17, 19, 23, 29, 31, 37, 41, 43, 47, 53, 59, 61, 67, 71, 73, 79, 83, 89, 97, 101, 103, 107, 109, 113, 127, 131, 137, 139, 149, 151, 157, 163, 167, 173]","[4, 9, 25, 49, 121, 169, 289, 361, 529, 841, 961, 1369, 1681, 1849, 2209, 2809, 3481, 3721, 4489, 5041, 5329, 6241, 6889, 7921, 9409, 10201, 10609, 11449, 11881, 12769, 16129, 17161, 18769, 19321, 22201, 22801, 24649, 26569, 27889, 29929]",64,no_relation,0,0,0,no_relation,0,0,0,False,,,,True,True,0.0007012920104898512,False,False
1536,97,1205156213460516294290058303014157056456046623972844475679837519532628695795901600334542512053673024831724383140444002393931208489397479162484806493945387325727606669690812612385391038958840749838422771568693910028798672928952301699491150036814358402415492214290019794846782724997275901749424798914032234918606219130109017398153319337489703821391908794673904171149420769957472335655581653963413831363098671406549896836322684151462776765527593017616934424868679749,274449017745158396464337870295745082864746338411464711142734027107319117710440229555061172807946501357880576992646739578543563289642496527491444529943087554735129393735001496358959047582540109058763545419836865483802291922714695281,4391184283922534343429405924731921325835941414583435378283744433717105883367043672880978764927144021726089231882347833256697012634279944439863112479089400875762070299760023941743344761320641744940216726717389847740836670763435108629,40,"[2, 3, 5, 7, 11, 13, 17, 19, 23, 29, 31, 37, 41, 43, 47, 53, 59, 61, 67, 71, 73, 79, 83, 89, 97, 101, 103, 107, 109, 113, 127, 131, 137, 139, 149, 151, 157, 163, 167, 173]","[4, 9, 25, 49, 121, 169, 289, 361, 529, 841, 961, 1369, 1681, 1849, 2209, 2809, 3481, 3721, 4489, 5041, 5329, 6241, 6889, 7921, 9409, 10201, 10609, 11449, 11881, 12769, 16129, 17161, 18769, 19321, 22201, 22801, 24649, 26569, 27889, 29929]",64,no_relation,0,0,0,no_relation,0,0,0,False,,,,True,True,0.0007001250050961971,False,False
1536,98,1205156213460516294290058303014157056456046623972844475679837519532628695795901600334542512053673024831724383140444002393931208489397479162484806493945387325727606669690812612385391038958840749838422771568693910028798672928952302141902966642009693502928139131031093372817880244278390263836676495912449984148256261888719583807913508240979815967936109406897927074853823086166054603912719886991996532185510802048534599890978486878297993542554752906911513840957472721,274449017745158396464337870295745082864746338411464711142734027107319117710440229555061172807946501357880576992646739578543563289642496527491444529943087554735129393735001496358959047582540109058763545419836865483802291922714695281,4391184283922534343429405924731921325835941414583435378283744433717105883367043672880978764927144021726089231882347833256697012634279944439863112479089400875762070299760023941743344761320641744940216726717389847740836670763435110241,40,"[2, 3, 5, 7, 11, 13, 17, 19, 23, 29, 31, 37, 41, 43, 47, 53, 59, 61, 67, 71, 73, 79, 83, 89, 97, 101, 103, 107, 109, 113, 127, 131, 137, 139, 149, 151, 157, 163, 167, 173]","[4, 9, 25, 49, 121, 169, 289, 361, 529, 841, 961, 1369, 1681, 1849, 2209, 2809, 3481, 3721, 4489, 5041, 5329, 6241, 6889, 7921, 9409, 10201, 10609, 11449, 11881, 12769, 16129, 17161, 18769, 19321, 22201, 22801, 24649, 26569, 27889, 29929]",64,no_relation,0,0,0,no_relation,0,0,0,False,,,,True,True,0.0007022920181043446,False,False
1536,99,1205156213460516294290058303014157056456046623972844475679837519532628695795901600334542512053673024831724383140444002393931208489397479162484806493945387325727606669690812612385391038958840749838422771568693910028798672928952302225884366072028162821015527441529088729430259798186591873513288790752100003542966505737438463039542923752436375717838420441228293705457760498548080766497511635941591015095968687890003160148251858859942892012635590950412842191654228707,274449017745158396464337870295745082864746338411464711142734027107319117710440229555061172807946501357880576992646739578543563289642496527491444529943087554735129393735001496358959047582540109058763545419836865483802291922714695281,4391184283922534343429405924731921325835941414583435378283744433717105883367043672880978764927144021726089231882347833256697012634279944439863112479089400875762070299760023941743344761320641744940216726717389847740836670763435110547,40,"[2, 3, 5, 7, 11, 13, 17, 19, 23, 29, 31, 37, 41, 43, 47, 53, 59, 61, 67, 71, 73, 79, 83, 89, 97, 101, 103, 107, 109, 113, 127, 131, 137, 139, 149, 151, 157, 163, 167, 173]","[4, 9, 25, 49, 121, 169, 289, 361, 529, 841, 961, 1369, 1681, 1849, 2209, 2809, 3481, 3721, 4489, 5041, 5329, 6241, 6889, 7921, 9409, 10201, 10609, 11449, 11881, 12769, 16129, 17161, 18769, 19321, 22201, 22801, 24649, 26569, 27889, 29929]",64,no_relation,0,0,0,no_relation,0,0,0,False,,,,True,True,0.0007092920131981373,False,False
2048,0,16158503035655503650357438344334975980222051334857742016065172713762327569433945446598600705761456731844358980460949009747059779575245460547544076193224141560315438683650498045875098875194826053398028819192033784138396109321309878080919047169238085235290822926018152521443787945770532904303776199561965192766072374399184855325554478445502643908332311252315938191870589296094797430352158414951623795664904921185364297446581814275039263502462247442641543651255834839694562066415088286850976101248818932575972401380226840313738779492377031967679906525219354455379071131782779998115050588801051824396942808514495995746167,31779025153841157091513007105557096277387334840819443417178193530301278470709096311394824553569989106972848669869283033573478951733709065157841998998033955859717469231561398068006634165493265976424502714135170801354940950278586808835367689087182968719458341961385261029208970474236951767835518903843770348683,508464402461458513464208113688913540438197357453111094674851096484820455531345540982317192857119825711565578717908528537175663227739345042525471983968543293755479507704982369088106146647892255622792043426162732821679055204457388941365883025394927499511333471382164176467343527587791228285368302461500325562949,46,"[2, 3, 5, 7, 11, 13, 17, 19, 23, 29, 31, 37, 41, 43, 47, 53, 59, 61, 67, 71, 73, 79, 83, 89, 97, 101, 103, 107, 109, 113, 127, 131, 137, 139, 149, 151, 157, 163, 167, 173, 179, 181, 191, 193, 197, 199]","[4, 9, 25, 49, 121, 169, 289, 361, 529, 841, 961, 1369, 1681, 1849, 2209, 2809, 3481, 3721, 4489, 5041, 5329, 6241, 6889, 7921, 9409, 10201, 10609, 11449, 11881, 12769, 16129, 17161, 18769, 19321, 22201, 22801, 24649, 26569, 27889, 29929, 32041, 32761, 36481, 37249, 38809, 39601]",64,no_relation,0,0,0,no_relation,0,0,0,False,,,,True,True,0.0009556250006426126,False,False
2048,1,16158503035655503650357438344334975980222051334857742016065172713762327569433945446598600705761456731844358980460949009747059779575245460547544076193224141560315438683650498045875098875194826053398028819192033784138396109321309878080919047169238085235290822926018152521443787945770532904303776199561965192775415407794414155510459302534536430213884187695516854556520978194003373300740632730501702214414481718635381806388151026145642075312172712599047091356677817862451498020494139318844926545903839129644776199335967055912091418874281553765278007116851147258899823668430046740702487908226715644140585366244564478258969,31779025153841157091513007105557096277387334840819443417178193530301278470709096311394824553569989106972848669869283033573478951733709065157841998998033955859717469231561398068006634165493265976424502714135170801354940950278586808835367689087182968719458341961385261029208970474236951767835518903843770348683,508464402461458513464208113688913540438197357453111094674851096484820455531345540982317192857119825711565578717908528537175663227739345042525471983968543293755479507704982369088106146647892255622792043426162732821679055204457388941365883025394927499511333471382164176467343527587791228285368302461500325563243,46,"[2, 3, 5, 7, 11, 13, 17, 19, 23, 29, 31, 37, 41, 43, 47, 53, 59, 61, 67, 71, 73, 79, 83, 89, 97, 101, 103, 107, 109, 113, 127, 131, 137, 139, 149, 151, 157, 163, 167, 173, 179, 181, 191, 193, 197, 199]","[4, 9, 25, 49, 121, 169, 289, 361, 529, 841, 961, 1369, 1681, 1849, 2209, 2809, 3481, 3721, 4489, 5041, 5329, 6241, 6889, 7921, 9409, 10201, 10609, 11449, 11881, 12769, 16129, 17161, 18769, 19321, 22201, 22801, 24649, 26569, 27889, 29929, 32041, 32761, 36481, 37249, 38809, 39601]",64,no_relation,0,0,0,no_relation,0,0,0,False,,,,True,True,0.0008356670150533319,False,False
2048,2,16158503035655503650357438344334975980222051334857742016065172713762327569433945446598600705761456731844358980460949009747059779575245460547544076193224141560315438683650498045875098875194826053398028819192033784138396109321309878080919047169238085235290822926018152521443787945770532904303776199561965192779419564963798141303989941429836624344834991885460104427085430578821334388049978865737450108164300346113960738791680688375900423230620054808935183230430096300775899143670875475413762450755990642674263541316998576882813978609383491678534335941836201317551574755564589630382818187980571566887860748128879542193027,31779025153841157091513007105557096277387334840819443417178193530301278470709096311394824553569989106972848669869283033573478951733709065157841998998033955859717469231561398068006634165493265976424502714135170801354940950278586808835367689087182968719458341961385261029208970474236951767835518903843770348683,508464402461458513464208113688913540438197357453111094674851096484820455531345540982317192857119825711565578717908528537175663227739345042525471983968543293755479507704982369088106146647892255622792043426162732821679055204457388941365883025394927499511333471382164176467343527587791228285368302461500325563369,46,"[2, 3, 5, 7, 11, 13, 17, 19, 23, 29, 31, 37, 41, 43, 47, 53, 59, 61, 67, 71, 73, 79, 83, 89, 97, 101, 103, 107, 109, 113, 127, 131, 137, 139, 149, 151, 157, 163, 167, 173, 179, 181, 191, 193, 197, 199]","[4, 9, 25, 49, 121, 169, 289, 361, 529, 841, 961, 1369, 1681, 1849, 2209, 2809, 3481, 3721, 4489, 5041, 5329, 6241, 6889, 7921, 9409, 10201, 10609, 11449, 11881, 12769, 16129, 17161, 18769, 19321, 22201, 22801, 24649, 26569, 27889, 29929, 32041, 32761, 36481, 37249, 38809, 39601]",64,no_relation,0,0,0,no_relation,0,0,0,False,,,,True,True,0.0008201250166166574,False,False
2048,3,16158503035655503650357438344334975980222051334857742016065172713762327569433945446598600705761456731844358980460949009747059779575245460547544076193224141560315438683650498045875098875194826053398028819192033784138396109321309878080919047169238085235290822926018152521443787945770532904303776199561965192783995744585951267925167814453036846208778768102538104279159090447184718487832088734578304843878378777518050947252857445210481392280274160191664431086146985944575214713015716797206717770587020943279391932152463172277925475449499992150827283170390548813153575998004067218588909936270692621456175470282382472403379,31779025153841157091513007105557096277387334840819443417178193530301278470709096311394824553569989106972848669869283033573478951733709065157841998998033955859717469231561398068006634165493265976424502714135170801354940950278586808835367689087182968719458341961385261029208970474236951767835518903843770348683,508464402461458513464208113688913540438197357453111094674851096484820455531345540982317192857119825711565578717908528537175663227739345042525471983968543293755479507704982369088106146647892255622792043426162732821679055204457388941365883025394927499511333471382164176467343527587791228285368302461500325563513,46,"[2, 3, 5, 7, 11, 13, 17, 19, 23, 29, 31, 37, 41, 43, 47, 53, 59, 61, 67, 71, 73, 79, 83, 89, 97, 101, 103, 107, 109, 113, 127, 131, 137, 139, 149, 151, 157, 163, 167, 173, 179, 181, 191, 193, 197, 199]","[4, 9, 25, 49, 121, 169, 289, 361, 529, 841, 961, 1369, 1681, 1849, 2209, 2809, 3481, 3721, 4489, 5041, 5329, 6241, 6889, 7921, 9409, 10201, 10609, 11449, 11881, 12769, 16129, 17161, 18769, 19321, 22201, 22801, 24649, 26569, 27889, 29929, 32041, 32761, 36481, 37249, 38809, 39601]",64,no_relation,0,0,0,no_relation,0,0,0,False,,,,True,True,0.0008168340136762708,False,False
2048,4,16158503035655503650357438344334975980222051334857742016065172713762327569433945446598600705761456731844358980460949009747059779575245460547544076193224141560315438683650498045875098875194826053398028819192033784138396109321309878080919047169238085235290822926018152521443787945770532904303776199561965192793338777981180568110072638542070632514330644545739020643809479345093294358220563050128383262627955574968068456194426657081084204089984625348069978791568968967332150667094767829200668215242041140348195730108203387876278114831404513948425383762022341616674328534651333961176347255696356441199818028012450954916181,31779025153841157091513007105557096277387334840819443417178193530301278470709096311394824553569989106972848669869283033573478951733709065157841998998033955859717469231561398068006634165493265976424502714135170801354940950278586808835367689087182968719458341961385261029208970474236951767835518903843770348683,508464402461458513464208113688913540438197357453111094674851096484820455531345540982317192857119825711565578717908528537175663227739345042525471983968543293755479507704982369088106146647892255622792043426162732821679055204457388941365883025394927499511333471382164176467343527587791228285368302461500325563807,46,"[2, 3, 5, 7, 11, 13, 17, 19, 23, 29, 31, 37, 41, 43, 47, 53, 59, 61, 67, 71, 73, 79, 83, 89, 97, 101, 103, 107, 109, 113, 127, 131, 137, 139, 149, 151, 157, 163, 167, 173, 179, 181, 191, 193, 197, 199]","[4, 9, 25, 49, 121, 169, 289, 361, 529, 841, 961, 1369, 1681, 1849, 2209, 2809, 3481, 3721, 4489, 5041, 5329, 6241, 6889, 7921, 9409, 10201, 10609, 11449, 11881, 12769, 16129, 17161, 18769, 19321, 22201, 22801, 24649, 26569, 27889, 29929, 32041, 32761, 36481, 37249, 38809, 39601]",64,no_relation,0,0,0,no_relation,0,0,0,False,,,,True,True,0.0008177499985322356,False,False
2048,5,16158503035655503650357438344334975980222051334857742016065172713762327569433945446598600705761456731844358980460949009747059779575245460547544076193224141560315438683650498045875098875194826053398028819192033784138396109321309878080919047169238085235290822926018152521443787945770532904303776199561965192829757540807482534136946544685039064848216530273318102799895689130818559485653187422986852201019163091558953031864625013556291082776815214018956909643315882382568370406464130015136270968897323949330675840507109126229040443850664996873756755455934023769173588422398843100649827419171903167139322691817411774506899,31779025153841157091513007105557096277387334840819443417178193530301278470709096311394824553569989106972848669869283033573478951733709065157841998998033955859717469231561398068006634165493265976424502714135170801354940950278586808835367689087182968719458341961385261029208970474236951767835518903843770348683,508464402461458513464208113688913540438197357453111094674851096484820455531345540982317192857119825711565578717908528537175663227739345042525471983968543293755479507704982369088106146647892255622792043426162732821679055204457388941365883025394927499511333471382164176467343527587791228285368302461500325564953,46,"[2, 3, 5, 7, 11, 13, 17, 19, 23, 29, 31, 37, 41, 43, 47, 53, 59, 61, 67, 71, 73, 79, 83, 89, 97, 101, 103, 107, 109, 113, 127, 131, 137, 139, 149, 151, 157, 163, 167, 173, 179, 181, 191, 193, 197, 199]","[4, 9, 25, 49, 121, 169, 289, 361, 529, 841, 961, 1369, 1681, 1849, 2209, 2809, 3481, 3721, 4489, 5041, 5329, 6241, 6889, 7921, 9409, 10201, 10609, 11449, 11881, 12769, 16129, 17161, 18769, 19321, 22201, 22801, 24649, 26569, 27889, 29929, 32041, 32761, 36481, 37249, 38809, 39601]",64,no_relation,0,0,0,no_relation,0,0,0,False,,,,True,True,0.0008136670221574605,False,False
2048,6,16158503035655503650357438344334975980222051334857742016065172713762327569433945446598600705761456731844358980460949009747059779575245460547544076193224141560315438683650498045875098875194826053398028819192033784138396109321309878080919047169238085235290822926018152521443787945770532904303776199561965192831664282316713003562437325111372490624859770363767269404926380742636636193895733201670541674233362437977323952056781995570699819880837757928427429583197919734151418560357813899216669018826919907916146003355219374310336900867380205403878816801165001892341088940081958762402365647626120273209453826048037995427879,31779025153841157091513007105557096277387334840819443417178193530301278470709096311394824553569989106972848669869283033573478951733709065157841998998033955859717469231561398068006634165493265976424502714135170801354940950278586808835367689087182968719458341961385261029208970474236951767835518903843770348683,508464402461458513464208113688913540438197357453111094674851096484820455531345540982317192857119825711565578717908528537175663227739345042525471983968543293755479507704982369088106146647892255622792043426162732821679055204457388941365883025394927499511333471382164176467343527587791228285368302461500325565013,46,"[2, 3, 5, 7, 11, 13, 17, 19, 23, 29, 31, 37, 41, 43, 47, 53, 59, 61, 67, 71, 73, 79, 83, 89, 97, 101, 103, 107, 109, 113, 127, 131, 137, 139, 149, 151, 157, 163, 167, 173, 179, 181, 191, 193, 197, 199]","[4, 9, 25, 49, 121, 169, 289, 361, 529, 841, 961, 1369, 1681, 1849, 2209, 2809, 3481, 3721, 4489, 5041, 5329, 6241, 6889, 7921, 9409, 10201, 10609, 11449, 11881, 12769, 16129, 17161, 18769, 19321, 22201, 22801, 24649, 26569, 27889, 29929, 32041, 32761, 36481, 37249, 38809, 39601]",64,no_relation,0,0,0,no_relation,0,0,0,False,,,,True,True,0.0008197499846573919,False,False
2048,7,16158503035655503650357438344334975980222051334857742016065172713762327569433945446598600705761456731844358980460949009747059779575245460547544076193224141560315438683650498045875098875194826053398028819192033784138396109321309878080919047169238085235290822926018152521443787945770532904303776199561965192860837427407939185772446265634273905007501343747639518461895962403453209830006683615530990614410612438178399030996783820391153497572382679743326384663393091213372055314931177325646759182749738074273839494931306169954172693223122895914746355383198967176803846860633628387216200542975641996082460179776619175518873,31779025153841157091513007105557096277387334840819443417178193530301278470709096311394824553569989106972848669869283033573478951733709065157841998998033955859717469231561398068006634165493265976424502714135170801354940950278586808835367689087182968719458341961385261029208970474236951767835518903843770348683,508464402461458513464208113688913540438197357453111094674851096484820455531345540982317192857119825711565578717908528537175663227739345042525471983968543293755479507704982369088106146647892255622792043426162732821679055204457388941365883025394927499511333471382164176467343527587791228285368302461500325565931,46,"[2, 3, 5, 7, 11, 13, 17, 19, 23, 29, 31, 37, 41, 43, 47, 53, 59, 61, 67, 71, 73, 79, 83, 89, 97, 101, 103, 107, 109, 113, 127, 131, 137, 139, 149, 151, 157, 163, 167, 173, 179, 181, 191, 193, 197, 199]","[4, 9, 25, 49, 121, 169, 289, 361, 529, 841, 961, 1369, 1681, 1849, 2209, 2809, 3481, 3721, 4489, 5041, 5329, 6241, 6889, 7921, 9409, 10201, 10609, 11449, 11881, 12769, 16129, 17161, 18769, 19321, 22201, 22801, 24649, 26569, 27889, 29929, 32041, 32761, 36481, 37249, 38809, 39601]",64,no_relation,0,0,0,no_relation,0,0,0,False,,,,True,True,0.0008142080041579902,False,False
2048,8,16158503035655503650357438344334975980222051334857742016065172713762327569433945446598600705761456731844358980460949009747059779575245460547544076193224141560315438683650498045875098875194826053398028819192033784138396109321309878080919047169238085235290822926018152521443787945770532904303776199561965192876091359481782941176372509044941311220647264471232851302141495297997823495947049845000506400124207209525366392534039676506423394404563031019090544182449390026036440546080648398289943582186505742957600797716188154604544349356844564155722846145046792162143851002098553681236506370609378844643509253621628942886713,31779025153841157091513007105557096277387334840819443417178193530301278470709096311394824553569989106972848669869283033573478951733709065157841998998033955859717469231561398068006634165493265976424502714135170801354940950278586808835367689087182968719458341961385261029208970474236951767835518903843770348683,508464402461458513464208113688913540438197357453111094674851096484820455531345540982317192857119825711565578717908528537175663227739345042525471983968543293755479507704982369088106146647892255622792043426162732821679055204457388941365883025394927499511333471382164176467343527587791228285368302461500325566411,46,"[2, 3, 5, 7, 11, 13, 17, 19, 23, 29, 31, 37, 41, 43, 47, 53, 59, 61, 67, 71, 73, 79, 83, 89, 97, 101, 103, 107, 109, 113, 127, 131, 137, 139, 149, 151, 157, 163, 167, 173, 179, 181, 191, 193, 197, 199]","[4, 9, 25, 49, 121, 169, 289, 361, 529, 841, 961, 1369, 1681, 1849, 2209, 2809, 3481, 3721, 4489, 5041, 5329, 6241, 6889, 7921, 9409, 10201, 10609, 11449, 11881, 12769, 16129, 17161, 18769, 19321, 22201, 22801, 24649, 26569, 27889, 29929, 32041, 32761, 36481, 37249, 38809, 39601]",64,no_relation,0,0,0,no_relation,0,0,0,False,,,,True,True,0.0008177500276360661,False,False
2048,9,16158503035655503650357438344334975980222051334857742016065172713762327569433945446598600705761456731844358980460949009747059779575245460547544076193224141560315438683650498045875098875194826053398028819192033784138396109321309878080919047169238085235290822926018152521443787945770532904303776199561965192941492593248388042470706277668177815359510399573639265854694217583357854588666370053851055331371244791675488955125024159600643077072536287113929378120403271185334992224634005622247596694771647122439227383406369663793012825030176216738909550286469341786789118758629420879348567606589025582849007157732108320476327,31779025153841157091513007105557096277387334840819443417178193530301278470709096311394824553569989106972848669869283033573478951733709065157841998998033955859717469231561398068006634165493265976424502714135170801354940950278586808835367689087182968719458341961385261029208970474236951767835518903843770348683,508464402461458513464208113688913540438197357453111094674851096484820455531345540982317192857119825711565578717908528537175663227739345042525471983968543293755479507704982369088106146647892255622792043426162732821679055204457388941365883025394927499511333471382164176467343527587791228285368302461500325568469,46,"[2, 3, 5, 7, 11, 13, 17, 19, 23, 29, 31, 37, 41, 43, 47, 53, 59, 61, 67, 71, 73, 79, 83, 89, 97, 101, 103, 107, 109, 113, 127, 131, 137, 139, 149, 151, 157, 163, 167, 173, 179, 181, 191, 193, 197, 199]","[4, 9, 25, 49, 121, 169, 289, 361, 529, 841, 961, 1369, 1681, 1849, 2209, 2809, 3481, 3721, 4489, 5041, 5329, 6241, 6889, 7921, 9409, 10201, 10609, 11449, 11881, 12769, 16129, 17161, 18769, 19321, 22201, 22801, 24649, 26569, 27889, 29929, 32041, 32761, 36481, 37249, 38809, 39601]",64,no_relation,0,0,0,no_relation,0,0,0,False,,,,True,True,0.0008156670082826167,False,False
2048,10,16158503035655503650357438344334975980222051334857742016065172713762327569433945446598600705761456731844358980460949009747059779575245460547544076193224141560315438683650498045875098875194826053398028819192033784138396109321309878080919047169238085235290822926018152521443787945770532904303776199561965193005114201606378038967915317893503122106839843924959791575884961031021014087025980869263494087618362983835131992203328792814747938443421835559929060114467250816489365626219924554396878294089165607241081817104981608105604607487907008027315663839009645163144719365322713459824926496011403022055716003227336558539693,31779025153841157091513007105557096277387334840819443417178193530301278470709096311394824553569989106972848669869283033573478951733709065157841998998033955859717469231561398068006634165493265976424502714135170801354940950278586808835367689087182968719458341961385261029208970474236951767835518903843770348683,508464402461458513464208113688913540438197357453111094674851096484820455531345540982317192857119825711565578717908528537175663227739345042525471983968543293755479507704982369088106146647892255622792043426162732821679055204457388941365883025394927499511333471382164176467343527587791228285368302461500325570471,46,"[2, 3, 5, 7, 11, 13, 17, 19, 23, 29, 31, 37, 41, 43, 47, 53, 59, 61, 67, 71, 73, 79, 83, 89, 97, 101, 103, 107, 109, 113, 127, 131, 137, 139, 149, 151, 157, 163, 167, 173, 179, 181, 191, 193, 197, 199]","[4, 9, 25, 49, 121, 169, 289, 361, 529, 841, 961, 1369, 1681, 1849, 2209, 2809, 3481, 3721, 4489, 5041, 5329, 6241, 6889, 7921, 9409, 10201, 10609, 11449, 11881, 12769, 16129, 17161, 18769, 19321, 22201, 22801, 24649, 26569, 27889, 29929, 32041, 32761, 36481, 37249, 38809, 39601]",64,no_relation,0,0,0,no_relation,0,0,0,False,,,,True,True,0.0008152910158969462,False,False
2048,11,16158503035655503650357438344334975980222051334857742016065172713762327569433945446598600705761456731844358980460949009747059779575245460547544076193224141560315438683650498045875098875194826053398028819192033784138396109321309878080919047169238085235290822926018152521443787945770532904303776199561965193017380905315760725605239338636248161269911355173516096734915743733717307576719692045461896365296378779126651578772872043774110813812633534710856071727708357778340308749602624208647439081969566274140939864761157537428611814295441516237767591826662271088855639362417424217099589099066866404440226300111031913131331,31779025153841157091513007105557096277387334840819443417178193530301278470709096311394824553569989106972848669869283033573478951733709065157841998998033955859717469231561398068006634165493265976424502714135170801354940950278586808835367689087182968719458341961385261029208970474236951767835518903843770348683,508464402461458513464208113688913540438197357453111094674851096484820455531345540982317192857119825711565578717908528537175663227739345042525471983968543293755479507704982369088106146647892255622792043426162732821679055204457388941365883025394927499511333471382164176467343527587791228285368302461500325570857,46,"[2, 3, 5, 7, 11, 13, 17, 19, 23, 29, 31, 37, 41, 43, 47, 53, 59, 61, 67, 71, 73, 79, 83, 89, 97, 101, 103, 107, 109, 113, 127, 131, 137, 139, 149, 151, 157, 163, 167, 173, 179, 181, 191, 193, 197, 199]","[4, 9, 25, 49, 121, 169, 289, 361, 529, 841, 961, 1369, 1681, 1849, 2209, 2809, 3481, 3721, 4489, 5041, 5329, 6241, 6889, 7921, 9409, 10201, 10609, 11449, 11881, 12769, 16129, 17161, 18769, 19321, 22201, 22801, 24649, 26569, 27889, 29929, 32041, 32761, 36481, 37249, 38809, 39601]",64,no_relation,0,0,0,no_relation,0,0,0,False,,,,True,True,0.0008120420097839087,False,False
2048,12,16158503035655503650357438344334975980222051334857742016065172713762327569433945446598600705761456731844358980460949009747059779575245460547544076193224141560315438683650498045875098875194826053398028819192033784138396109321309878080919047169238085235290822926018152521443787945770532904303776199561965193021385062485144711398769977531548355400862159363459346605480196118535268664029038180697644259046197406605230511176401706004369161731080876920744163601460636216664709872779360365216274986821717787170427206742189058399334374030543454151023920651647325147507390449551967106779919378820722327187501681995346977065389,31779025153841157091513007105557096277387334840819443417178193530301278470709096311394824553569989106972848669869283033573478951733709065157841998998033955859717469231561398068006634165493265976424502714135170801354940950278586808835367689087182968719458341961385261029208970474236951767835518903843770348683,508464402461458513464208113688913540438197357453111094674851096484820455531345540982317192857119825711565578717908528537175663227739345042525471983968543293755479507704982369088106146647892255622792043426162732821679055204457388941365883025394927499511333471382164176467343527587791228285368302461500325570983,46,"[2, 3, 5, 7, 11, 13, 17, 19, 23, 29, 31, 37, 41, 43, 47, 53, 59, 61, 67, 71, 73, 79, 83, 89, 97, 101, 103, 107, 109, 113, 127, 131, 137, 139, 149, 151, 157, 163, 167, 173, 179, 181, 191, 193, 197, 199]","[4, 9, 25, 49, 121, 169, 289, 361, 529, 841, 961, 1369, 1681, 1849, 2209, 2809, 3481, 3721, 4489, 5041, 5329, 6241, 6889, 7921, 9409, 10201, 10609, 11449, 11881, 12769, 16129, 17161, 18769, 19321, 22201, 22801, 24649, 26569, 27889, 29929, 32041, 32761, 36481, 37249, 38809, 39601]",64,no_relation,0,0,0,no_relation,0,0,0,False,,,,True,True,0.0008266250079032034,False,False
2048,13,16158503035655503650357438344334975980222051334857742016065172713762327569433945446598600705761456731844358980460949009747059779575245460547544076193224141560315438683650498045875098875194826053398028819192033784138396109321309878080919047169238085235290822926018152521443787945770532904303776199561965193162039027816045672685806546980744063524578503368926203169910880683648727175387498454931137733146969194067058724017848412600587002104477199309352851166758924851774228691670108214213637803294912998825276219504455025196303019963568670056361312551519144699830011970643132422058822697793470851627508350407874540336347,31779025153841157091513007105557096277387334840819443417178193530301278470709096311394824553569989106972848669869283033573478951733709065157841998998033955859717469231561398068006634165493265976424502714135170801354940950278586808835367689087182968719458341961385261029208970474236951767835518903843770348683,508464402461458513464208113688913540438197357453111094674851096484820455531345540982317192857119825711565578717908528537175663227739345042525471983968543293755479507704982369088106146647892255622792043426162732821679055204457388941365883025394927499511333471382164176467343527587791228285368302461500325575409,46,"[2, 3, 5, 7, 11, 13, 17, 19, 23, 29, 31, 37, 41, 43, 47, 53, 59, 61, 67, 71, 73, 79, 83, 89, 97, 101, 103, 107, 109, 113, 127, 131, 137, 139, 149, 151, 157, 163, 167, 173, 179, 181, 191, 193, 197, 199]","[4, 9, 25, 49, 121, 169, 289, 361, 529, 841, 961, 1369, 1681, 1849, 2209, 2809, 3481, 3721, 4489, 5041, 5329, 6241, 6889, 7921, 9409, 10201, 10609, 11449, 11881, 12769, 16129, 17161, 18769, 19321, 22201, 22801, 24649, 26569, 27889, 29929, 32041, 32761, 36481, 37249, 38809, 39601]",64,no_relation,0,0,0,no_relation,0,0,0,False,,,,True,True,0.0008182089950423688,False,False
2048,14,16158503035655503650357438344334975980222051334857742016065172713762327569433945446598600705761456731844358980460949009747059779575245460547544076193224141560315438683650498045875098875194826053398028819192033784138396109321309878080919047169238085235290822926018152521443787945770532904303776199561965193169729551903275232701952694700288880823706238400404508476868003517981636565299099762288685275110906557954488102126214906725368908424034793077550614924283142169825856245707966546671243271344283365120005876325166359124198729930986677794520293310617423129938930725298365591127393552558813179443703925138066964717633,31779025153841157091513007105557096277387334840819443417178193530301278470709096311394824553569989106972848669869283033573478951733709065157841998998033955859717469231561398068006634165493265976424502714135170801354940950278586808835367689087182968719458341961385261029208970474236951767835518903843770348683,508464402461458513464208113688913540438197357453111094674851096484820455531345540982317192857119825711565578717908528537175663227739345042525471983968543293755479507704982369088106146647892255622792043426162732821679055204457388941365883025394927499511333471382164176467343527587791228285368302461500325575651,46,"[2, 3, 5, 7, 11, 13, 17, 19, 23, 29, 31, 37, 41, 43, 47, 53, 59, 61, 67, 71, 73, 79, 83, 89, 97, 101, 103, 107, 109, 113, 127, 131, 137, 139, 149, 151, 157, 163, 167, 173, 179, 181, 191, 193, 197, 199]","[4, 9, 25, 49, 121, 169, 289, 361, 529, 841, 961, 1369, 1681, 1849, 2209, 2809, 3481, 3721, 4489, 5041, 5329, 6241, 6889, 7921, 9409, 10201, 10609, 11449, 11881, 12769, 16129, 17161, 18769, 19321, 22201, 22801, 24649, 26569, 27889, 29929, 32041, 32761, 36481, 37249, 38809, 39601]",64,no_relation,0,0,0,no_relation,0,0,0,False,,,,True,True,0.0008162910235114396,False,False
2048,15,16158503035655503650357438344334975980222051334857742016065172713762327569433945446598600705761456731844358980460949009747059779575245460547544076193224141560315438683650498045875098875194826053398028819192033784138396109321309878080919047169238085235290822926018152521443787945770532904303776199561965193178500562845735392059210284661422639396265142816470674860009184932344789423214810344233656851896223551478994335010137023991649099102538495061115006647740513987107877753618912413441074301020424774613168625426473500298162432207876637033081775498679922496509433106640697635189069403448211867366307142598947580954141,31779025153841157091513007105557096277387334840819443417178193530301278470709096311394824553569989106972848669869283033573478951733709065157841998998033955859717469231561398068006634165493265976424502714135170801354940950278586808835367689087182968719458341961385261029208970474236951767835518903843770348683,508464402461458513464208113688913540438197357453111094674851096484820455531345540982317192857119825711565578717908528537175663227739345042525471983968543293755479507704982369088106146647892255622792043426162732821679055204457388941365883025394927499511333471382164176467343527587791228285368302461500325575927,46,"[2, 3, 5, 7, 11, 13, 17, 19, 23, 29, 31, 37, 41, 43, 47, 53, 59, 61, 67, 71, 73, 79, 83, 89, 97, 101, 103, 107, 109, 113, 127, 131, 137, 139, 149, 151, 157, 163, 167, 173, 179, 181, 191, 193, 197, 199]","[4, 9, 25, 49, 121, 169, 289, 361, 529, 841, 961, 1369, 1681, 1849, 2209, 2809, 3481, 3721, 4489, 5041, 5329, 6241, 6889, 7921, 9409, 10201, 10609, 11449, 11881, 12769, 16129, 17161, 18769, 19321, 22201, 22801, 24649, 26569, 27889, 29929, 32041, 32761, 36481, 37249, 38809, 39601]",64,no_relation,0,0,0,no_relation,0,0,0,False,,,,True,True,0.0008128340123221278,False,False
2048,16,16158503035655503650357438344334975980222051334857742016065172713762327569433945446598600705761456731844358980460949009747059779575245460547544076193224141560315438683650498045875098875194826053398028819192033784138396109321309878080919047169238085235290822926018152521443787945770532904303776199561965193184729251775888258849146834054111830266633060445271285769776110864283840003473793221267042464395941416445672674304516498572050973642345471832052038451355169335612501723004946434770374597457104905992371157396966977363730858462479651564813842559767784365523268131072208796914027616398654413862068847752326569296009,31779025153841157091513007105557096277387334840819443417178193530301278470709096311394824553569989106972848669869283033573478951733709065157841998998033955859717469231561398068006634165493265976424502714135170801354940950278586808835367689087182968719458341961385261029208970474236951767835518903843770348683,508464402461458513464208113688913540438197357453111094674851096484820455531345540982317192857119825711565578717908528537175663227739345042525471983968543293755479507704982369088106146647892255622792043426162732821679055204457388941365883025394927499511333471382164176467343527587791228285368302461500325576123,46,"[2, 3, 5, 7, 11, 13, 17, 19, 23, 29, 31, 37, 41, 43, 47, 53, 59, 61, 67, 71, 73, 79, 83, 89, 97, 101, 103, 107, 109, 113, 127, 131, 137, 139, 149, 151, 157, 163, 167, 173, 179, 181, 191, 193, 197, 199]","[4, 9, 25, 49, 121, 169, 289, 361, 529, 841, 961, 1369, 1681, 1849, 2209, 2809, 3481, 3721, 4489, 5041, 5329, 6241, 6889, 7921, 9409, 10201, 10609, 11449, 11881, 12769, 16129, 17161, 18769, 19321, 22201, 22801, 24649, 26569, 27889, 29929, 32041, 32761, 36481, 37249, 38809, 39601]",64,no_relation,0,0,0,no_relation,0,0,0,False,,,,True,True,0.0009244999964721501,False,False
2048,17,16158503035655503650357438344334975980222051334857742016065172713762327569433945446598600705761456731844358980460949009747059779575245460547544076193224141560315438683650498045875098875194826053398028819192033784138396109321309878080919047169238085235290822926018152521443787945770532904303776199561965193186635993285118728274637614480445256043276300535720452374806802476101916711716338999950731937610140762864043594496673480586459710746368015741522558391237206687195549876898630318850772647386700864577841320245077225445027315479194860094935903904998762488690768648755324458666565844852871519932199981982952790216989,31779025153841157091513007105557096277387334840819443417178193530301278470709096311394824553569989106972848669869283033573478951733709065157841998998033955859717469231561398068006634165493265976424502714135170801354940950278586808835367689087182968719458341961385261029208970474236951767835518903843770348683,508464402461458513464208113688913540438197357453111094674851096484820455531345540982317192857119825711565578717908528537175663227739345042525471983968543293755479507704982369088106146647892255622792043426162732821679055204457388941365883025394927499511333471382164176467343527587791228285368302461500325576183,46,"[2, 3, 5, 7, 11, 13, 17, 19, 23, 29, 31, 37, 41, 43, 47, 53, 59, 61, 67, 71, 73, 79, 83, 89, 97, 101, 103, 107, 109, 113, 127, 131, 137, 139, 149, 151, 157, 163, 167, 173, 179, 181, 191, 193, 197, 199]","[4, 9, 25, 49, 121, 169, 289, 361, 529, 841, 961, 1369, 1681, 1849, 2209, 2809, 3481, 3721, 4489, 5041, 5329, 6241, 6889, 7921, 9409, 10201, 10609, 11449, 11881, 12769, 16129, 17161, 18769, 19321, 22201, 22801, 24649, 26569, 27889, 29929, 32041, 32761, 36481, 37249, 38809, 39601]",64,no_relation,0,0,0,no_relation,0,0,0,False,,,,True,True,0.0008830000006128103,False,False
2048,18,16158503035655503650357438344334975980222051334857742016065172713762327569433945446598600705761456731844358980460949009747059779575245460547544076193224141560315438683650498045875098875194826053398028819192033784138396109321309878080919047169238085235290822926018152521443787945770532904303776199561965193190703708504810396382351279389956564366781879395345341132205611247980480355967103327809269480467099368556568224239941708883865016568282776081726334262985553037239385938538489271555621820569838909560177667654379088018459757114853971625862968108158182484781436419812637870405314065555201346215146401674955394848413,31779025153841157091513007105557096277387334840819443417178193530301278470709096311394824553569989106972848669869283033573478951733709065157841998998033955859717469231561398068006634165493265976424502714135170801354940950278586808835367689087182968719458341961385261029208970474236951767835518903843770348683,508464402461458513464208113688913540438197357453111094674851096484820455531345540982317192857119825711565578717908528537175663227739345042525471983968543293755479507704982369088106146647892255622792043426162732821679055204457388941365883025394927499511333471382164176467343527587791228285368302461500325576311,46,"[2, 3, 5, 7, 11, 13, 17, 19, 23, 29, 31, 37, 41, 43, 47, 53, 59, 61, 67, 71, 73, 79, 83, 89, 97, 101, 103, 107, 109, 113, 127, 131, 137, 139, 149, 151, 157, 163, 167, 173, 179, 181, 191, 193, 197, 199]","[4, 9, 25, 49, 121, 169, 289, 361, 529, 841, 961, 1369, 1681, 1849, 2209, 2809, 3481, 3721, 4489, 5041, 5329, 6241, 6889, 7921, 9409, 10201, 10609, 11449, 11881, 12769, 16129, 17161, 18769, 19321, 22201, 22801, 24649, 26569, 27889, 29929, 32041, 32761, 36481, 37249, 38809, 39601]",64,no_relation,0,0,0,no_relation,0,0,0,False,,,,True,True,0.0008340420026797801,False,False
2048,19,16158503035655503650357438344334975980222051334857742016065172713762327569433945446598600705761456731844358980460949009747059779575245460547544076193224141560315438683650498045875098875194826053398028819192033784138396109321309878080919047169238085235290822926018152521443787945770532904303776199561965193214283745168960534944253930662279929804603281847233368147751830847464028981233252790864229299216031285930421937282949719795386398754694902428845097519526748285149748108357046638016544371365842264067158681542675822623825942221565383781705793410847945274619526155160501554078370157439019557949101428327032993571199,31779025153841157091513007105557096277387334840819443417178193530301278470709096311394824553569989106972848669869283033573478951733709065157841998998033955859717469231561398068006634165493265976424502714135170801354940950278586808835367689087182968719458341961385261029208970474236951767835518903843770348683,508464402461458513464208113688913540438197357453111094674851096484820455531345540982317192857119825711565578717908528537175663227739345042525471983968543293755479507704982369088106146647892255622792043426162732821679055204457388941365883025394927499511333471382164176467343527587791228285368302461500325577053,46,"[2, 3, 5, 7, 11, 13, 17, 19, 23, 29, 31, 37, 41, 43, 47, 53, 59, 61, 67, 71, 73, 79, 83, 89, 97, 101, 103, 107, 109, 113, 127, 131, 137, 139, 149, 151, 157, 163, 167, 173, 179, 181, 191, 193, 197, 199]","[4, 9, 25, 49, 121, 169, 289, 361, 529, 841, 961, 1369, 1681, 1849, 2209, 2809, 3481, 3721, 4489, 5041, 5329, 6241, 6889, 7921, 9409, 10201, 10609, 11449, 11881, 12769, 16129, 17161, 18769, 19321, 22201, 22801, 24649, 26569, 27889, 29929, 32041, 32761, 36481, 37249, 38809, 39601]",64,no_relation,0,0,0,no_relation,0,0,0,False,,,,True,True,0.0008188329811673611,False,False
2048,20,16158503035655503650357438344334975980222051334857742016065172713762327569433945446598600705761456731844358980460949009747059779575245460547544076193224141560315438683650498045875098875194826053398028819192033784138396109321309878080919047169238085235290822926018152521443787945770532904303776199561965193229537677242804290348180174072947336017749202570826700987997363742008642647173619020333745084929626057277389298820205575910656295586875253704609257038583047097814133339506517710659728770802609932750919984327557807274197598355287052022682284172695770259959530296625426848098675985072756406510150502172042760939039,31779025153841157091513007105557096277387334840819443417178193530301278470709096311394824553569989106972848669869283033573478951733709065157841998998033955859717469231561398068006634165493265976424502714135170801354940950278586808835367689087182968719458341961385261029208970474236951767835518903843770348683,508464402461458513464208113688913540438197357453111094674851096484820455531345540982317192857119825711565578717908528537175663227739345042525471983968543293755479507704982369088106146647892255622792043426162732821679055204457388941365883025394927499511333471382164176467343527587791228285368302461500325577533,46,"[2, 3, 5, 7, 11, 13, 17, 19, 23, 29, 31, 37, 41, 43, 47, 53, 59, 61, 67, 71, 73, 79, 83, 89, 97, 101, 103, 107, 109, 113, 127, 131, 137, 139, 149, 151, 157, 163, 167, 173, 179, 181, 191, 193, 197, 199]","[4, 9, 25, 49, 121, 169, 289, 361, 529, 841, 961, 1369, 1681, 1849, 2209, 2809, 3481, 3721, 4489, 5041, 5329, 6241, 6889, 7921, 9409, 10201, 10609, 11449, 11881, 12769, 16129, 17161, 18769, 19321, 22201, 22801, 24649, 26569, 27889, 29929, 32041, 32761, 36481, 37249, 38809, 39601]",64,no_relation,0,0,0,no_relation,0,0,0,False,,,,True,True,0.0008162919839378446,False,False
2048,21,16158503035655503650357438344334975980222051334857742016065172713762327569433945446598600705761456731844358980460949009747059779575245460547544076193224141560315438683650498045875098875194826053398028819192033784138396109321309878080919047169238085235290822926018152521443787945770532904303776199561965193326654378112942866419843923787529822241444897844370920070893923170609349653660617347956328920639512768186414833940734526511207972085090156826974405976574816205110719311158150206488002780550030756704200278724639776214897142406648339823565942023126922666624223330618784553361289754340881009015496272318604946514287,31779025153841157091513007105557096277387334840819443417178193530301278470709096311394824553569989106972848669869283033573478951733709065157841998998033955859717469231561398068006634165493265976424502714135170801354940950278586808835367689087182968719458341961385261029208970474236951767835518903843770348683,508464402461458513464208113688913540438197357453111094674851096484820455531345540982317192857119825711565578717908528537175663227739345042525471983968543293755479507704982369088106146647892255622792043426162732821679055204457388941365883025394927499511333471382164176467343527587791228285368302461500325580589,46,"[2, 3, 5, 7, 11, 13, 17, 19, 23, 29, 31, 37, 41, 43, 47, 53, 59, 61, 67, 71, 73, 79, 83, 89, 97, 101, 103, 107, 109, 113, 127, 131, 137, 139, 149, 151, 157, 163, 167, 173, 179, 181, 191, 193, 197, 199]","[4, 9, 25, 49, 121, 169, 289, 361, 529, 841, 961, 1369, 1681, 1849, 2209, 2809, 3481, 3721, 4489, 5041, 5329, 6241, 6889, 7921, 9409, 10201, 10609, 11449, 11881, 12769, 16129, 17161, 18769, 19321, 22201, 22801, 24649, 26569, 27889, 29929, 32041, 32761, 36481, 37249, 38809, 39601]",64,no_relation,0,0,0,no_relation,0,0,0,False,,,,True,True,0.0008106660097837448,False,False
2048,22,16158503035655503650357438344334975980222051334857742016065172713762327569433945446598600705761456731844358980460949009747059779575245460547544076193224141560315438683650498045875098875194826053398028819192033784138396109321309878080919047169238085235290822926018152521443787945770532904303776199561965193329895838678634664443178250512296646061738405998134503299446098910700080057672945171718601025103651657097645398267401395935702825161928481473074289874374279702801901172777412809424679465430343886299499555566427197953101119335064194324773446310019585476008974210680081178340604742713050089334719200510669522079953,31779025153841157091513007105557096277387334840819443417178193530301278470709096311394824553569989106972848669869283033573478951733709065157841998998033955859717469231561398068006634165493265976424502714135170801354940950278586808835367689087182968719458341961385261029208970474236951767835518903843770348683,508464402461458513464208113688913540438197357453111094674851096484820455531345540982317192857119825711565578717908528537175663227739345042525471983968543293755479507704982369088106146647892255622792043426162732821679055204457388941365883025394927499511333471382164176467343527587791228285368302461500325580691,46,"[2, 3, 5, 7, 11, 13, 17, 19, 23, 29, 31, 37, 41, 43, 47, 53, 59, 61, 67, 71, 73, 79, 83, 89, 97, 101, 103, 107, 109, 113, 127, 131, 137, 139, 149, 151, 157, 163, 167, 173, 179, 181, 191, 193, 197, 199]","[4, 9, 25, 49, 121, 169, 289, 361, 529, 841, 961, 1369, 1681, 1849, 2209, 2809, 3481, 3721, 4489, 5041, 5329, 6241, 6889, 7921, 9409, 10201, 10609, 11449, 11881, 12769, 16129, 17161, 18769, 19321, 22201, 22801, 24649, 26569, 27889, 29929, 32041, 32761, 36481, 37249, 38809, 39601]",64,no_relation,0,0,0,no_relation,0,0,0,False,,,,True,True,0.0008071250049397349,False,False
2048,23,16158503035655503650357438344334975980222051334857742016065172713762327569433945446598600705761456731844358980460949009747059779575245460547544076193224141560315438683650498045875098875194826053398028819192033784138396109321309878080919047169238085235290822926018152521443787945770532904303776199561965193342861680941401856536515557411363941342912438613188836213654801871063001673722256466767689442960207212742567655574068873633682237469281780057473825465572133693566628619254463221171386204951596404680696662933576884905917027048727612329603463457590236713547977730925267678257864696201726410611610913278927824342617,31779025153841157091513007105557096277387334840819443417178193530301278470709096311394824553569989106972848669869283033573478951733709065157841998998033955859717469231561398068006634165493265976424502714135170801354940950278586808835367689087182968719458341961385261029208970474236951767835518903843770348683,508464402461458513464208113688913540438197357453111094674851096484820455531345540982317192857119825711565578717908528537175663227739345042525471983968543293755479507704982369088106146647892255622792043426162732821679055204457388941365883025394927499511333471382164176467343527587791228285368302461500325581099,46,"[2, 3, 5, 7, 11, 13, 17, 19, 23, 29, 31, 37, 41, 43, 47, 53, 59, 61, 67, 71, 73, 79, 83, 89, 97, 101, 103, 107, 109, 113, 127, 131, 137, 139, 149, 151, 157, 163, 167, 173, 179, 181, 191, 193, 197, 199]","[4, 9, 25, 49, 121, 169, 289, 361, 529, 841, 961, 1369, 1681, 1849, 2209, 2809, 3481, 3721, 4489, 5041, 5329, 6241, 6889, 7921, 9409, 10201, 10609, 11449, 11881, 12769, 16129, 17161, 18769, 19321, 22201, 22801, 24649, 26569, 27889, 29929, 32041, 32761, 36481, 37249, 38809, 39601]",64,no_relation,0,0,0,no_relation,0,0,0,False,,,,True,True,0.0008083340071607381,False,False
2048,24,16158503035655503650357438344334975980222051334857742016065172713762327569433945446598600705761456731844358980460949009747059779575245460547544076193224141560315438683650498045875098875194826053398028819192033784138396109321309878080919047169238085235290822926018152521443787945770532904303776199561965193371780593831397309489792393877420898955334913318334529723286957983637165082067534110136979786708897300087859945155116434185548083546957029351110044553783033525909525619975335463057423295550468443226994132796582314138913291802241608369788060526926738248255068915785855214838027827757352519341933115776758841644147,31779025153841157091513007105557096277387334840819443417178193530301278470709096311394824553569989106972848669869283033573478951733709065157841998998033955859717469231561398068006634165493265976424502714135170801354940950278586808835367689087182968719458341961385261029208970474236951767835518903843770348683,508464402461458513464208113688913540438197357453111094674851096484820455531345540982317192857119825711565578717908528537175663227739345042525471983968543293755479507704982369088106146647892255622792043426162732821679055204457388941365883025394927499511333471382164176467343527587791228285368302461500325582009,46,"[2, 3, 5, 7, 11, 13, 17, 19, 23, 29, 31, 37, 41, 43, 47, 53, 59, 61, 67, 71, 73, 79, 83, 89, 97, 101, 103, 107, 109, 113, 127, 131, 137, 139, 149, 151, 157, 163, 167, 173, 179, 181, 191, 193, 197, 199]","[4, 9, 25, 49, 121, 169, 289, 361, 529, 841, 961, 1369, 1681, 1849, 2209, 2809, 3481, 3721, 4489, 5041, 5329, 6241, 6889, 7921, 9409, 10201, 10609, 11449, 11881, 12769, 16129, 17161, 18769, 19321, 22201, 22801, 24649, 26569, 27889, 29929, 32041, 32761, 36481, 37249, 38809, 39601]",64,no_relation,0,0,0,no_relation,0,0,0,False,,,,True,True,0.0008085830195341259,False,False
2048,25,16158503035655503650357438344334975980222051334857742016065172713762327569433945446598600705761456731844358980460949009747059779575245460547544076193224141560315438683650498045875098875194826053398028819192033784138396109321309878080919047169238085235290822926018152521443787945770532904303776199561965193417987296405082351900852306208900916942656098176886000451864051376695223978478560146905054687599661461626381911145053965001386479367770010090612311096924405345938725882665608253939069372177677172948221079149120659308997433507306828416412680459690774766347498127640024751307870897297880389774777601965600928629229,31779025153841157091513007105557096277387334840819443417178193530301278470709096311394824553569989106972848669869283033573478951733709065157841998998033955859717469231561398068006634165493265976424502714135170801354940950278586808835367689087182968719458341961385261029208970474236951767835518903843770348683,508464402461458513464208113688913540438197357453111094674851096484820455531345540982317192857119825711565578717908528537175663227739345042525471983968543293755479507704982369088106146647892255622792043426162732821679055204457388941365883025394927499511333471382164176467343527587791228285368302461500325583463,46,"[2, 3, 5, 7, 11, 13, 17, 19, 23, 29, 31, 37, 41, 43, 47, 53, 59, 61, 67, 71, 73, 79, 83, 89, 97, 101, 103, 107, 109, 113, 127, 131, 137, 139, 149, 151, 157, 163, 167, 173, 179, 181, 191, 193, 197, 199]","[4, 9, 25, 49, 121, 169, 289, 361, 529, 841, 961, 1369, 1681, 1849, 2209, 2809, 3481, 3721, 4489, 5041, 5329, 6241, 6889, 7921, 9409, 10201, 10609, 11449, 11881, 12769, 16129, 17161, 18769, 19321, 22201, 22801, 24649, 26569, 27889, 29929, 32041, 32761, 36481, 37249, 38809, 39601]",64,no_relation,0,0,0,no_relation,0,0,0,False,,,,True,True,0.0008083749853540212,False,False
2048,26,16158503035655503650357438344334975980222051334857742016065172713762327569433945446598600705761456731844358980460949009747059779575245460547544076193224141560315438683650498045875098875194826053398028819192033784138396109321309878080919047169238085235290822926018152521443787945770532904303776199561965193438770778855694468638701812855935257908067415162781916446698589945512260098322309134557269945634434337586624941239565068958441713801615738703840978441638612478193950760106762590415408116410273121529845854193522363395128814989502601394743149122708436308873253770385985464410537587448846845939206965079426736667911,31779025153841157091513007105557096277387334840819443417178193530301278470709096311394824553569989106972848669869283033573478951733709065157841998998033955859717469231561398068006634165493265976424502714135170801354940950278586808835367689087182968719458341961385261029208970474236951767835518903843770348683,508464402461458513464208113688913540438197357453111094674851096484820455531345540982317192857119825711565578717908528537175663227739345042525471983968543293755479507704982369088106146647892255622792043426162732821679055204457388941365883025394927499511333471382164176467343527587791228285368302461500325584117,46,"[2, 3, 5, 7, 11, 13, 17, 19, 23, 29, 31, 37, 41, 43, 47, 53, 59, 61, 67, 71, 73, 79, 83, 89, 97, 101, 103, 107, 109, 113, 127, 131, 137, 139, 149, 151, 157, 163, 167, 173, 179, 181, 191, 193, 197, 199]","[4, 9, 25, 49, 121, 169, 289, 361, 529, 841, 961, 1369, 1681, 1849, 2209, 2809, 3481, 3721, 4489, 5041, 5329, 6241, 6889, 7921, 9409, 10201, 10609, 11449, 11881, 12769, 16129, 17161, 18769, 19321, 22201, 22801, 24649, 26569, 27889, 29929, 32041, 32761, 36481, 37249, 38809, 39601]",64,no_relation,0,0,0,no_relation,0,0,0,False,,,,True,True,0.0008067080052569509,False,False
2048,27,16158503035655503650357438344334975980222051334857742016065172713762327569433945446598600705761456731844358980460949009747059779575245460547544076193224141560315438683650498045875098875194826053398028819192033784138396109321309878080919047169238085235290822926018152521443787945770532904303776199561965193483896994574148911708650282945826334621957430636745526099091624758540075526729225896737920811703818869488070052453946976632781825263482611227976617018846829798992757068923947846984828631410710808052639708265464901319144964385095869940965267626508251890504099355553056125887275660865318356265643808537580631797771,31779025153841157091513007105557096277387334840819443417178193530301278470709096311394824553569989106972848669869283033573478951733709065157841998998033955859717469231561398068006634165493265976424502714135170801354940950278586808835367689087182968719458341961385261029208970474236951767835518903843770348683,508464402461458513464208113688913540438197357453111094674851096484820455531345540982317192857119825711565578717908528537175663227739345042525471983968543293755479507704982369088106146647892255622792043426162732821679055204457388941365883025394927499511333471382164176467343527587791228285368302461500325585537,46,"[2, 3, 5, 7, 11, 13, 17, 19, 23, 29, 31, 37, 41, 43, 47, 53, 59, 61, 67, 71, 73, 79, 83, 89, 97, 101, 103, 107, 109, 113, 127, 131, 137, 139, 149, 151, 157, 163, 167, 173, 179, 181, 191, 193, 197, 199]","[4, 9, 25, 49, 121, 169, 289, 361, 529, 841, 961, 1369, 1681, 1849, 2209, 2809, 3481, 3721, 4489, 5041, 5329, 6241, 6889, 7921, 9409, 10201, 10609, 11449, 11881, 12769, 16129, 17161, 18769, 19321, 22201, 22801, 24649, 26569, 27889, 29929, 32041, 32761, 36481, 37249, 38809, 39601]",64,no_relation,0,0,0,no_relation,0,0,0,False,,,,True,True,0.0008063330024015158,False,False
2048,28,16158503035655503650357438344334975980222051334857742016065172713762327569433945446598600705761456731844358980460949009747059779575245460547544076193224141560315438683650498045875098875194826053398028819192033784138396109321309878080919047169238085235290822926018152521443787945770532904303776199561965193496290814384146962974340355716993602170138491224665109031791120235357574130305773458181902387596114621207481033702967359726438616439629146639534996628080072584282570069232893093507415955953084538858195766778181513847571934993744725386758666370509609691092852720493307927278774145817729545721496181036651067784141,31779025153841157091513007105557096277387334840819443417178193530301278470709096311394824553569989106972848669869283033573478951733709065157841998998033955859717469231561398068006634165493265976424502714135170801354940950278586808835367689087182968719458341961385261029208970474236951767835518903843770348683,508464402461458513464208113688913540438197357453111094674851096484820455531345540982317192857119825711565578717908528537175663227739345042525471983968543293755479507704982369088106146647892255622792043426162732821679055204457388941365883025394927499511333471382164176467343527587791228285368302461500325585927,46,"[2, 3, 5, 7, 11, 13, 17, 19, 23, 29, 31, 37, 41, 43, 47, 53, 59, 61, 67, 71, 73, 79, 83, 89, 97, 101, 103, 107, 109, 113, 127, 131, 137, 139, 149, 151, 157, 163, 167, 173, 179, 181, 191, 193, 197, 199]","[4, 9, 25, 49, 121, 169, 289, 361, 529, 841, 961, 1369, 1681, 1849, 2209, 2809, 3481, 3721, 4489, 5041, 5329, 6241, 6889, 7921, 9409, 10201, 10609, 11449, 11881, 12769, 16129, 17161, 18769, 19321, 22201, 22801, 24649, 26569, 27889, 29929, 32041, 32761, 36481, 37249, 38809, 39601]",64,no_relation,0,0,0,no_relation,0,0,0,False,,,,True,True,0.0008085830195341259,False,False
2048,29,16158503035655503650357438344334975980222051334857742016065172713762327569433945446598600705761456731844358980460949009747059779575245460547544076193224141560315438683650498045875098875194826053398028819192033784138396109321309878080919047169238085235290822926018152521443787945770532904303776199561965193530802835701218459575723481433628608727381136861795024582846638409264762549495852052356681852773122791379994689181008734187236758022437191400951407539944948647935741654708571395362620659678771389255205714328977004119037806996289999781967976719190313720424612090557701404999716080839059165590869710610985666453879,31779025153841157091513007105557096277387334840819443417178193530301278470709096311394824553569989106972848669869283033573478951733709065157841998998033955859717469231561398068006634165493265976424502714135170801354940950278586808835367689087182968719458341961385261029208970474236951767835518903843770348683,508464402461458513464208113688913540438197357453111094674851096484820455531345540982317192857119825711565578717908528537175663227739345042525471983968543293755479507704982369088106146647892255622792043426162732821679055204457388941365883025394927499511333471382164176467343527587791228285368302461500325587013,46,"[2, 3, 5, 7, 11, 13, 17, 19, 23, 29, 31, 37, 41, 43, 47, 53, 59, 61, 67, 71, 73, 79, 83, 89, 97, 101, 103, 107, 109, 113, 127, 131, 137, 139, 149, 151, 157, 163, 167, 173, 179, 181, 191, 193, 197, 199]","[4, 9, 25, 49, 121, 169, 289, 361, 529, 841, 961, 1369, 1681, 1849, 2209, 2809, 3481, 3721, 4489, 5041, 5329, 6241, 6889, 7921, 9409, 10201, 10609, 11449, 11881, 12769, 16129, 17161, 18769, 19321, 22201, 22801, 24649, 26569, 27889, 29929, 32041, 32761, 36481, 37249, 38809, 39601]",64,no_relation,0,0,0,no_relation,0,0,0,False,,,,True,True,0.0008058329985942692,False,False
2048,30,16158503035655503650357438344334975980222051334857742016065172713762327569433945446598600705761456731844358980460949009747059779575245460547544076193224141560315438683650498045875098875194826053398028819192033784138396109321309878080919047169238085235290822926018152521443787945770532904303776199561965193569700362489520035855735402130830494570903234706958023325472747290353527397643785937503947106342789458314761461101011167281174994944497087154150014313538510620229923994139722630602740878242528944398797036430426064977485530137280253796458028161902267433041622651293260904751495941305088129421544848915760573241871,31779025153841157091513007105557096277387334840819443417178193530301278470709096311394824553569989106972848669869283033573478951733709065157841998998033955859717469231561398068006634165493265976424502714135170801354940950278586808835367689087182968719458341961385261029208970474236951767835518903843770348683,508464402461458513464208113688913540438197357453111094674851096484820455531345540982317192857119825711565578717908528537175663227739345042525471983968543293755479507704982369088106146647892255622792043426162732821679055204457388941365883025394927499511333471382164176467343527587791228285368302461500325588237,46,"[2, 3, 5, 7, 11, 13, 17, 19, 23, 29, 31, 37, 41, 43, 47, 53, 59, 61, 67, 71, 73, 79, 83, 89, 97, 101, 103, 107, 109, 113, 127, 131, 137, 139, 149, 151, 157, 163, 167, 173, 179, 181, 191, 193, 197, 199]","[4, 9, 25, 49, 121, 169, 289, 361, 529, 841, 961, 1369, 1681, 1849, 2209, 2809, 3481, 3721, 4489, 5041, 5329, 6241, 6889, 7921, 9409, 10201, 10609, 11449, 11881, 12769, 16129, 17161, 18769, 19321, 22201, 22801, 24649, 26569, 27889, 29929, 32041, 32761, 36481, 37249, 38809, 39601]",64,no_relation,0,0,0,no_relation,0,0,0,False,,,,True,True,0.0008094999939203262,False,False
2048,31,16158503035655503650357438344334975980222051334857742016065172713762327569433945446598600705761456731844358980460949009747059779575245460547544076193224141560315438683650498045875098875194826053398028819192033784138396109321309878080919047169238085235290822926018152521443787945770532904303776199561965193592390586449362622019075689204198261312957791783303105925337977470988640225730080703839851837591761680693375411387679253252638966482365359676849201598134755104068197025474560851159477672404720851565891974322938017144913368636191235304910558170150907098734878811722337279606700859910271691656105346260212602201533,31779025153841157091513007105557096277387334840819443417178193530301278470709096311394824553569989106972848669869283033573478951733709065157841998998033955859717469231561398068006634165493265976424502714135170801354940950278586808835367689087182968719458341961385261029208970474236951767835518903843770348683,508464402461458513464208113688913540438197357453111094674851096484820455531345540982317192857119825711565578717908528537175663227739345042525471983968543293755479507704982369088106146647892255622792043426162732821679055204457388941365883025394927499511333471382164176467343527587791228285368302461500325588951,46,"[2, 3, 5, 7, 11, 13, 17, 19, 23, 29, 31, 37, 41, 43, 47, 53, 59, 61, 67, 71, 73, 79, 83, 89, 97, 101, 103, 107, 109, 113, 127, 131, 137, 139, 149, 151, 157, 163, 167, 173, 179, 181, 191, 193, 197, 199]","[4, 9, 25, 49, 121, 169, 289, 361, 529, 841, 961, 1369, 1681, 1849, 2209, 2809, 3481, 3721, 4489, 5041, 5329, 6241, 6889, 7921, 9409, 10201, 10609, 11449, 11881, 12769, 16129, 17161, 18769, 19321, 22201, 22801, 24649, 26569, 27889, 29929, 32041, 32761, 36481, 37249, 38809, 39601]",64,no_relation,0,0,0,no_relation,0,0,0,False,,,,True,True,0.0008089579932857305,False,False
2048,32,16158503035655503650357438344334975980222051334857742016065172713762327569433945446598600705761456731844358980460949009747059779575245460547544076193224141560315438683650498045875098875194826053398028819192033784138396109321309878080919047169238085235290822926018152521443787945770532904303776199561965193619148525628896876290129641187077336378517927719273077282602016423502316698067139798034294111697692508764513991417615567521508243842148392539752164754479345937950306118449258024421063639750050803715323259624751831885773648770761328344290152381558966760518802743208727066200653999217785080173612263296667235792619,31779025153841157091513007105557096277387334840819443417178193530301278470709096311394824553569989106972848669869283033573478951733709065157841998998033955859717469231561398068006634165493265976424502714135170801354940950278586808835367689087182968719458341961385261029208970474236951767835518903843770348683,508464402461458513464208113688913540438197357453111094674851096484820455531345540982317192857119825711565578717908528537175663227739345042525471983968543293755479507704982369088106146647892255622792043426162732821679055204457388941365883025394927499511333471382164176467343527587791228285368302461500325589793,46,"[2, 3, 5, 7, 11, 13, 17, 19, 23, 29, 31, 37, 41, 43, 47, 53, 59, 61, 67, 71, 73, 79, 83, 89, 97, 101, 103, 107, 109, 113, 127, 131, 137, 139, 149, 151, 157, 163, 167, 173, 179, 181, 191, 193, 197, 199]","[4, 9, 25, 49, 121, 169, 289, 361, 529, 841, 961, 1369, 1681, 1849, 2209, 2809, 3481, 3721, 4489, 5041, 5329, 6241, 6889, 7921, 9409, 10201, 10609, 11449, 11881, 12769, 16129, 17161, 18769, 19321, 22201, 22801, 24649, 26569, 27889, 29929, 32041, 32761, 36481, 37249, 38809, 39601]",64,no_relation,0,0,0,no_relation,0,0,0,False,,,,True,True,0.0008072500058915466,False,False
2048,33,16158503035655503650357438344334975980222051334857742016065172713762327569433945446598600705761456731844358980460949009747059779575245460547544076193224141560315438683650498045875098875194826053398028819192033784138396109321309878080919047169238085235290822926018152521443787945770532904303776199561965193665863692605043377214653761632246267906277309935277659105853960913045196050009511375784686205445576496014601536125461626874522302890700718321779903281589261051734985888844513184390815863025151789059342249403452909877536845680283937332280655339717930778122565426445060779137840596346104178891825051947009648356629,31779025153841157091513007105557096277387334840819443417178193530301278470709096311394824553569989106972848669869283033573478951733709065157841998998033955859717469231561398068006634165493265976424502714135170801354940950278586808835367689087182968719458341961385261029208970474236951767835518903843770348683,508464402461458513464208113688913540438197357453111094674851096484820455531345540982317192857119825711565578717908528537175663227739345042525471983968543293755479507704982369088106146647892255622792043426162732821679055204457388941365883025394927499511333471382164176467343527587791228285368302461500325591263,46,"[2, 3, 5, 7, 11, 13, 17, 19, 23, 29, 31, 37, 41, 43, 47, 53, 59, 61, 67, 71, 73, 79, 83, 89, 97, 101, 103, 107, 109, 113, 127, 131, 137, 139, 149, 151, 157, 163, 167, 173, 179, 181, 191, 193, 197, 199]","[4, 9, 25, 49, 121, 169, 289, 361, 529, 841, 961, 1369, 1681, 1849, 2209, 2809, 3481, 3721, 4489, 5041, 5329, 6241, 6889, 7921, 9409, 10201, 10609, 11449, 11881, 12769, 16129, 17161, 18769, 19321, 22201, 22801, 24649, 26569, 27889, 29929, 32041, 32761, 36481, 37249, 38809, 39601]",64,no_relation,0,0,0,no_relation,0,0,0,False,,,,True,True,0.000805042014690116,False,False
2048,34,16158503035655503650357438344334975980222051334857742016065172713762327569433945446598600705761456731844358980460949009747059779575245460547544076193224141560315438683650498045875098875194826053398028819192033784138396109321309878080919047169238085235290822926018152521443787945770532904303776199561965193668342456567042987467791776186479721415913522052861575692393860008408695770724820888073482520624035646358483732375265703493253661125930025404091579203435909608792948488906302233695333327933626535220453461105996232383222239802013708421439335088518202338240316099433111139416140293336586416782995526446823735553903,31779025153841157091513007105557096277387334840819443417178193530301278470709096311394824553569989106972848669869283033573478951733709065157841998998033955859717469231561398068006634165493265976424502714135170801354940950278586808835367689087182968719458341961385261029208970474236951767835518903843770348683,508464402461458513464208113688913540438197357453111094674851096484820455531345540982317192857119825711565578717908528537175663227739345042525471983968543293755479507704982369088106146647892255622792043426162732821679055204457388941365883025394927499511333471382164176467343527587791228285368302461500325591341,46,"[2, 3, 5, 7, 11, 13, 17, 19, 23, 29, 31, 37, 41, 43, 47, 53, 59, 61, 67, 71, 73, 79, 83, 89, 97, 101, 103, 107, 109, 113, 127, 131, 137, 139, 149, 151, 157, 163, 167, 173, 179, 181, 191, 193, 197, 199]","[4, 9, 25, 49, 121, 169, 289, 361, 529, 841, 961, 1369, 1681, 1849, 2209, 2809, 3481, 3721, 4489, 5041, 5329, 6241, 6889, 7921, 9409, 10201, 10609, 11449, 11881, 12769, 16129, 17161, 18769, 19321, 22201, 22801, 24649, 26569, 27889, 29929, 32041, 32761, 36481, 37249, 38809, 39601]",64,no_relation,0,0,0,no_relation,0,0,0,False,,,,True,True,0.0008080420084297657,False,False
2048,35,16158503035655503650357438344334975980222051334857742016065172713762327569433945446598600705761456731844358980460949009747059779575245460547544076193224141560315438683650498045875098875194826053398028819192033784138396109321309878080919047169238085235290822926018152521443787945770532904303776199561965193692685189834885313799890739629336457164392220540929269349952356252619475079287988662601918128658647302299685813495136507210538538153951169314998550435929919797336529920282333153788415098701468273161622540133537066221107007715411203989330984929300356377345406041854221087790211676602091470945003006791151822645081,31779025153841157091513007105557096277387334840819443417178193530301278470709096311394824553569989106972848669869283033573478951733709065157841998998033955859717469231561398068006634165493265976424502714135170801354940950278586808835367689087182968719458341961385261029208970474236951767835518903843770348683,508464402461458513464208113688913540438197357453111094674851096484820455531345540982317192857119825711565578717908528537175663227739345042525471983968543293755479507704982369088106146647892255622792043426162732821679055204457388941365883025394927499511333471382164176467343527587791228285368302461500325592107,46,"[2, 3, 5, 7, 11, 13, 17, 19, 23, 29, 31, 37, 41, 43, 47, 53, 59, 61, 67, 71, 73, 79, 83, 89, 97, 101, 103, 107, 109, 113, 127, 131, 137, 139, 149, 151, 157, 163, 167, 173, 179, 181, 191, 193, 197, 199]","[4, 9, 25, 49, 121, 169, 289, 361, 529, 841, 961, 1369, 1681, 1849, 2209, 2809, 3481, 3721, 4489, 5041, 5329, 6241, 6889, 7921, 9409, 10201, 10609, 11449, 11881, 12769, 16129, 17161, 18769, 19321, 22201, 22801, 24649, 26569, 27889, 29929, 32041, 32761, 36481, 37249, 38809, 39601]",64,no_relation,0,0,0,no_relation,0,0,0,False,,,,True,True,0.0008097499958239496,False,False
2048,36,16158503035655503650357438344334975980222051334857742016065172713762327569433945446598600705761456731844358980460949009747059779575245460547544076193224141560315438683650498045875098875194826053398028819192033784138396109321309878080919047169238085235290822926018152521443787945770532904303776199561965193695036837696269559424662702155147682288918883319149908162823542573861769686120461789645135145622826496215676615065463451694975980582245640136678858361784432530955622643417876610820906026947969955417035740979539705521372638036026627843148193921751896062585323346996730403951675491695625901764831405675590828447623,31779025153841157091513007105557096277387334840819443417178193530301278470709096311394824553569989106972848669869283033573478951733709065157841998998033955859717469231561398068006634165493265976424502714135170801354940950278586808835367689087182968719458341961385261029208970474236951767835518903843770348683,508464402461458513464208113688913540438197357453111094674851096484820455531345540982317192857119825711565578717908528537175663227739345042525471983968543293755479507704982369088106146647892255622792043426162732821679055204457388941365883025394927499511333471382164176467343527587791228285368302461500325592181,46,"[2, 3, 5, 7, 11, 13, 17, 19, 23, 29, 31, 37, 41, 43, 47, 53, 59, 61, 67, 71, 73, 79, 83, 89, 97, 101, 103, 107, 109, 113, 127, 131, 137, 139, 149, 151, 157, 163, 167, 173, 179, 181, 191, 193, 197, 199]","[4, 9, 25, 49, 121, 169, 289, 361, 529, 841, 961, 1369, 1681, 1849, 2209, 2809, 3481, 3721, 4489, 5041, 5329, 6241, 6889, 7921, 9409, 10201, 10609, 11449, 11881, 12769, 16129, 17161, 18769, 19321, 22201, 22801, 24649, 26569, 27889, 29929, 32041, 32761, 36481, 37249, 38809, 39601]",64,no_relation,0,0,0,no_relation,0,0,0,False,,,,True,True,0.0008399579965043813,False,False
2048,37,16158503035655503650357438344334975980222051334857742016065172713762327569433945446598600705761456731844358980460949009747059779575245460547544076193224141560315438683650498045875098875194826053398028819192033784138396109321309878080919047169238085235290822926018152521443787945770532904303776199561965193715248297694112535334864974674281995521337228277911074176148873659133382793491447043692243561693339568250408369102327461047708593884884605577066369724534028457735933074690925782073125356201687116423019467169508335183115082413207838262442044181200264168160828834437756418528580713310327226108221428520228770210011,31779025153841157091513007105557096277387334840819443417178193530301278470709096311394824553569989106972848669869283033573478951733709065157841998998033955859717469231561398068006634165493265976424502714135170801354940950278586808835367689087182968719458341961385261029208970474236951767835518903843770348683,508464402461458513464208113688913540438197357453111094674851096484820455531345540982317192857119825711565578717908528537175663227739345042525471983968543293755479507704982369088106146647892255622792043426162732821679055204457388941365883025394927499511333471382164176467343527587791228285368302461500325592817,46,"[2, 3, 5, 7, 11, 13, 17, 19, 23, 29, 31, 37, 41, 43, 47, 53, 59, 61, 67, 71, 73, 79, 83, 89, 97, 101, 103, 107, 109, 113, 127, 131, 137, 139, 149, 151, 157, 163, 167, 173, 179, 181, 191, 193, 197, 199]","[4, 9, 25, 49, 121, 169, 289, 361, 529, 841, 961, 1369, 1681, 1849, 2209, 2809, 3481, 3721, 4489, 5041, 5329, 6241, 6889, 7921, 9409, 10201, 10609, 11449, 11881, 12769, 16129, 17161, 18769, 19321, 22201, 22801, 24649, 26569, 27889, 29929, 32041, 32761, 36481, 37249, 38809, 39601]",64,no_relation,0,0,0,no_relation,0,0,0,False,,,,True,True,0.0008441660029347986,False,False
2048,38,16158503035655503650357438344334975980222051334857742016065172713762327569433945446598600705761456731844358980460949009747059779575245460547544076193224141560315438683650498045875098875194826053398028819192033784138396109321309878080919047169238085235290822926018152521443787945770532904303776199561965193720777848070880896668788237910648930273602624540213657330737879333405805247394829801874943034014517672863684037659582708889493931486549982914530877550191936777326772720982609045906279700997515396320882939429028054618874807761681942999796022082370100725346580335718791837610941575827556833711601717789044810880853,31779025153841157091513007105557096277387334840819443417178193530301278470709096311394824553569989106972848669869283033573478951733709065157841998998033955859717469231561398068006634165493265976424502714135170801354940950278586808835367689087182968719458341961385261029208970474236951767835518903843770348683,508464402461458513464208113688913540438197357453111094674851096484820455531345540982317192857119825711565578717908528537175663227739345042525471983968543293755479507704982369088106146647892255622792043426162732821679055204457388941365883025394927499511333471382164176467343527587791228285368302461500325592991,46,"[2, 3, 5, 7, 11, 13, 17, 19, 23, 29, 31, 37, 41, 43, 47, 53, 59, 61, 67, 71, 73, 79, 83, 89, 97, 101, 103, 107, 109, 113, 127, 131, 137, 139, 149, 151, 157, 163, 167, 173, 179, 181, 191, 193, 197, 199]","[4, 9, 25, 49, 121, 169, 289, 361, 529, 841, 961, 1369, 1681, 1849, 2209, 2809, 3481, 3721, 4489, 5041, 5329, 6241, 6889, 7921, 9409, 10201, 10609, 11449, 11881, 12769, 16129, 17161, 18769, 19321, 22201, 22801, 24649, 26569, 27889, 29929, 32041, 32761, 36481, 37249, 38809, 39601]",64,no_relation,0,0,0,no_relation,0,0,0,False,,,,True,True,0.00084224998136051,False,False
2048,39,16158503035655503650357438344334975980222051334857742016065172713762327569433945446598600705761456731844358980460949009747059779575245460547544076193224141560315438683650498045875098875194826053398028819192033784138396109321309878080919047169238085235290822926018152521443787945770532904303776199561965193731201368321340796194804504241271657852585670368002434771572326811344624585787413392012445487585474099950778401376707543901595027655206556286303053221547074299314102628934747612212455707279306636588119829665364077463295439453058416297796624102966114465328916499053157455191483891377277013561651918249801485248877,31779025153841157091513007105557096277387334840819443417178193530301278470709096311394824553569989106972848669869283033573478951733709065157841998998033955859717469231561398068006634165493265976424502714135170801354940950278586808835367689087182968719458341961385261029208970474236951767835518903843770348683,508464402461458513464208113688913540438197357453111094674851096484820455531345540982317192857119825711565578717908528537175663227739345042525471983968543293755479507704982369088106146647892255622792043426162732821679055204457388941365883025394927499511333471382164176467343527587791228285368302461500325593319,46,"[2, 3, 5, 7, 11, 13, 17, 19, 23, 29, 31, 37, 41, 43, 47, 53, 59, 61, 67, 71, 73, 79, 83, 89, 97, 101, 103, 107, 109, 113, 127, 131, 137, 139, 149, 151, 157, 163, 167, 173, 179, 181, 191, 193, 197, 199]","[4, 9, 25, 49, 121, 169, 289, 361, 529, 841, 961, 1369, 1681, 1849, 2209, 2809, 3481, 3721, 4489, 5041, 5329, 6241, 6889, 7921, 9409, 10201, 10609, 11449, 11881, 12769, 16129, 17161, 18769, 19321, 22201, 22801, 24649, 26569, 27889, 29929, 32041, 32761, 36481, 37249, 38809, 39601]",64,no_relation,0,0,0,no_relation,0,0,0,False,,,,True,True,0.0008364160021301359,False,False
2048,40,16158503035655503650357438344334975980222051334857742016065172713762327569433945446598600705761456731844358980460949009747059779575245460547544076193224141560315438683650498045875098875194826053398028819192033784138396109321309878080919047169238085235290822926018152521443787945770532904303776199561965192816029001941023154273412925615438399256385201622084103243674709525728407186306857816464287993876927797346682406481094743052548175627852897870769166076165213451170423698429606049757405009404233047515290668000715340043705953330315495456877913770270981282367584695080410336031552174301540003434378525356902973274083,31779025153841157091513007105557096277387334840819443417178193530301278470709096311394824553569989106972848669869283033573478951733709065157841998998033955859717469231561398068006634165493265976424502714135170801354940950278586808835367689087182968719458341961385261029208970474236951767835518903843770349163,508464402461458513464208113688913540438197357453111094674851096484820455531345540982317192857119825711565578717908528537175663227739345042525471983968543293755479507704982369088106146647892255622792043426162732821679055204457388941365883025394927499511333471382164176467343527587791228285368302461500325556841,46,"[2, 3, 5, 7, 11, 13, 17, 19, 23, 29, 31, 37, 41, 43, 47, 53, 59, 61, 67, 71, 73, 79, 83, 89, 97, 101, 103, 107, 109, 113, 127, 131, 137, 139, 149, 151, 157, 163, 167, 173, 179, 181, 191, 193, 197, 199]","[4, 9, 25, 49, 121, 169, 289, 361, 529, 841, 961, 1369, 1681, 1849, 2209, 2809, 3481, 3721, 4489, 5041, 5329, 6241, 6889, 7921, 9409, 10201, 10609, 11449, 11881, 12769, 16129, 17161, 18769, 19321, 22201, 22801, 24649, 26569, 27889, 29929, 32041, 32761, 36481, 37249, 38809, 39601]",64,no_relation,0,0,0,no_relation,0,0,0,False,,,,True,True,0.0008280419860966504,False,False
2048,41,16158503035655503650357438344334975980222051334857742016065172713762327569433945446598600705761456731844358980460949009747059779575245460547544076193224141560315438683650498045875098875194826053398028819192033784138396109321309878080919047169238085235290822926018152521443787945770532904303776199561965192859439150301170174860419693321629392771296301014643462951540121888119953577295483377829618334053532917471593689522535366913920423696099480876381336707479597155544486668742475810654467279468034371311161375509358654694555291410865076325990177063362916553147679814332676901931005842109216118297697348007493270230741,31779025153841157091513007105557096277387334840819443417178193530301278470709096311394824553569989106972848669869283033573478951733709065157841998998033955859717469231561398068006634165493265976424502714135170801354940950278586808835367689087182968719458341961385261029208970474236951767835518903843770349163,508464402461458513464208113688913540438197357453111094674851096484820455531345540982317192857119825711565578717908528537175663227739345042525471983968543293755479507704982369088106146647892255622792043426162732821679055204457388941365883025394927499511333471382164176467343527587791228285368302461500325558207,46,"[2, 3, 5, 7, 11, 13, 17, 19, 23, 29, 31, 37, 41, 43, 47, 53, 59, 61, 67, 71, 73, 79, 83, 89, 97, 101, 103, 107, 109, 113, 127, 131, 137, 139, 149, 151, 157, 163, 167, 173, 179, 181, 191, 193, 197, 199]","[4, 9, 25, 49, 121, 169, 289, 361, 529, 841, 961, 1369, 1681, 1849, 2209, 2809, 3481, 3721, 4489, 5041, 5329, 6241, 6889, 7921, 9409, 10201, 10609, 11449, 11881, 12769, 16129, 17161, 18769, 19321, 22201, 22801, 24649, 26569, 27889, 29929, 32041, 32761, 36481, 37249, 38809, 39601]",64,no_relation,0,0,0,no_relation,0,0,0,False,,,,True,True,0.0008217080030590296,False,False
2048,42,16158503035655503650357438344334975980222051334857742016065172713762327569433945446598600705761456731844358980460949009747059779575245460547544076193224141560315438683650498045875098875194826053398028819192033784138396109321309878080919047169238085235290822926018152521443787945770532904303776199561965192869163531998245568930422673495929864232176825475934212637196649108392144789332466849116434647445949584205285382502535975187404982926614454814680988400877987648618032253600263619464497334108973760097059206034720919909167222196112639829612689924040904981301932454516566776868950807225723359255366132583686997074619,31779025153841157091513007105557096277387334840819443417178193530301278470709096311394824553569989106972848669869283033573478951733709065157841998998033955859717469231561398068006634165493265976424502714135170801354940950278586808835367689087182968719458341961385261029208970474236951767835518903843770349163,508464402461458513464208113688913540438197357453111094674851096484820455531345540982317192857119825711565578717908528537175663227739345042525471983968543293755479507704982369088106146647892255622792043426162732821679055204457388941365883025394927499511333471382164176467343527587791228285368302461500325558513,46,"[2, 3, 5, 7, 11, 13, 17, 19, 23, 29, 31, 37, 41, 43, 47, 53, 59, 61, 67, 71, 73, 79, 83, 89, 97, 101, 103, 107, 109, 113, 127, 131, 137, 139, 149, 151, 157, 163, 167, 173, 179, 181, 191, 193, 197, 199]","[4, 9, 25, 49, 121, 169, 289, 361, 529, 841, 961, 1369, 1681, 1849, 2209, 2809, 3481, 3721, 4489, 5041, 5329, 6241, 6889, 7921, 9409, 10201, 10609, 11449, 11881, 12769, 16129, 17161, 18769, 19321, 22201, 22801, 24649, 26569, 27889, 29929, 32041, 32761, 36481, 37249, 38809, 39601]",64,no_relation,0,0,0,no_relation,0,0,0,False,,,,True,True,0.0008236249850597233,False,False
2048,43,16158503035655503650357438344334975980222051334857742016065172713762327569433945446598600705761456731844358980460949009747059779575245460547544076193224141560315438683650498045875098875194826053398028819192033784138396109321309878080919047169238085235290822926018152521443787945770532904303776199561965192870307576903783850585717141751729919698162769530203712600215064075482990814277994316326648331374469192056307934617830164396050225189027981160363300364807210059567861145936473949912736164066731335248341303743587068757945096406141764947685926731179491855202432765126436173920473744298253622897444813122062729644487,31779025153841157091513007105557096277387334840819443417178193530301278470709096311394824553569989106972848669869283033573478951733709065157841998998033955859717469231561398068006634165493265976424502714135170801354940950278586808835367689087182968719458341961385261029208970474236951767835518903843770349163,508464402461458513464208113688913540438197357453111094674851096484820455531345540982317192857119825711565578717908528537175663227739345042525471983968543293755479507704982369088106146647892255622792043426162732821679055204457388941365883025394927499511333471382164176467343527587791228285368302461500325558549,46,"[2, 3, 5, 7, 11, 13, 17, 19, 23, 29, 31, 37, 41, 43, 47, 53, 59, 61, 67, 71, 73, 79, 83, 89, 97, 101, 103, 107, 109, 113, 127, 131, 137, 139, 149, 151, 157, 163, 167, 173, 179, 181, 191, 193, 197, 199]","[4, 9, 25, 49, 121, 169, 289, 361, 529, 841, 961, 1369, 1681, 1849, 2209, 2809, 3481, 3721, 4489, 5041, 5329, 6241, 6889, 7921, 9409, 10201, 10609, 11449, 11881, 12769, 16129, 17161, 18769, 19321, 22201, 22801, 24649, 26569, 27889, 29929, 32041, 32761, 36481, 37249, 38809, 39601]",64,no_relation,0,0,0,no_relation,0,0,0,False,,,,True,True,0.0008190420048777014,False,False
2048,44,16158503035655503650357438344334975980222051334857742016065172713762327569433945446598600705761456731844358980460949009747059779575245460547544076193224141560315438683650498045875098875194826053398028819192033784138396109321309878080919047169238085235290822926018152521443787945770532904303776199561965192877998100991013410601863289471274736997290504561682017907172186909815900204189595623684195873338406555943737312726196658520832131508585574928561064122331427377619488699974332282370341632116101701543070960564298402685840806373559772685844907490277770285311351519781669342989044599063595950713640387852255154141933,31779025153841157091513007105557096277387334840819443417178193530301278470709096311394824553569989106972848669869283033573478951733709065157841998998033955859717469231561398068006634165493265976424502714135170801354940950278586808835367689087182968719458341961385261029208970474236951767835518903843770349163,508464402461458513464208113688913540438197357453111094674851096484820455531345540982317192857119825711565578717908528537175663227739345042525471983968543293755479507704982369088106146647892255622792043426162732821679055204457388941365883025394927499511333471382164176467343527587791228285368302461500325558791,46,"[2, 3, 5, 7, 11, 13, 17, 19, 23, 29, 31, 37, 41, 43, 47, 53, 59, 61, 67, 71, 73, 79, 83, 89, 97, 101, 103, 107, 109, 113, 127, 131, 137, 139, 149, 151, 157, 163, 167, 173, 179, 181, 191, 193, 197, 199]","[4, 9, 25, 49, 121, 169, 289, 361, 529, 841, 961, 1369, 1681, 1849, 2209, 2809, 3481, 3721, 4489, 5041, 5329, 6241, 6889, 7921, 9409, 10201, 10609, 11449, 11881, 12769, 16129, 17161, 18769, 19321, 22201, 22801, 24649, 26569, 27889, 29929, 32041, 32761, 36481, 37249, 38809, 39601]",64,no_relation,0,0,0,no_relation,0,0,0,False,,,,True,True,0.0008157079864758998,False,False
2048,45,16158503035655503650357438344334975980222051334857742016065172713762327569433945446598600705761456731844358980460949009747059779575245460547544076193224141560315438683650498045875098875194826053398028819192033784138396109321309878080919047169238085235290822926018152521443787945770532904303776199561965192908823755390239332980630906363665120386356219357276878021835034634208140320777419045737175690301295989707400522499401201087106714690283368131667803150424364561545433854588888408336776772644569698674838593275414080000133528143788977256151565904845249943185943222325372541321745959073439165514093724580712392830043,31779025153841157091513007105557096277387334840819443417178193530301278470709096311394824553569989106972848669869283033573478951733709065157841998998033955859717469231561398068006634165493265976424502714135170801354940950278586808835367689087182968719458341961385261029208970474236951767835518903843770349163,508464402461458513464208113688913540438197357453111094674851096484820455531345540982317192857119825711565578717908528537175663227739345042525471983968543293755479507704982369088106146647892255622792043426162732821679055204457388941365883025394927499511333471382164176467343527587791228285368302461500325559761,46,"[2, 3, 5, 7, 11, 13, 17, 19, 23, 29, 31, 37, 41, 43, 47, 53, 59, 61, 67, 71, 73, 79, 83, 89, 97, 101, 103, 107, 109, 113, 127, 131, 137, 139, 149, 151, 157, 163, 167, 173, 179, 181, 191, 193, 197, 199]","[4, 9, 25, 49, 121, 169, 289, 361, 529, 841, 961, 1369, 1681, 1849, 2209, 2809, 3481, 3721, 4489, 5041, 5329, 6241, 6889, 7921, 9409, 10201, 10609, 11449, 11881, 12769, 16129, 17161, 18769, 19321, 22201, 22801, 24649, 26569, 27889, 29929, 32041, 32761, 36481, 37249, 38809, 39601]",64,no_relation,0,0,0,no_relation,0,0,0,False,,,,True,True,0.0008135419921018183,False,False
2048,46,16158503035655503650357438344334975980222051334857742016065172713762327569433945446598600705761456731844358980460949009747059779575245460547544076193224141560315438683650498045875098875194826053398028819192033784138396109321309878080919047169238085235290822926018152521443787945770532904303776199561965192921789597653006525073968213262732415667530251972331210936043737594571061936826730340786264108157851545352322779806068678785086126997636666716067338741622218552310161301065938820083483512165822217056035700642563766952949435857452395260981583052415901180724946742570559041239005912562115486790985437348970695288547,31779025153841157091513007105557096277387334840819443417178193530301278470709096311394824553569989106972848669869283033573478951733709065157841998998033955859717469231561398068006634165493265976424502714135170801354940950278586808835367689087182968719458341961385261029208970474236951767835518903843770349163,508464402461458513464208113688913540438197357453111094674851096484820455531345540982317192857119825711565578717908528537175663227739345042525471983968543293755479507704982369088106146647892255622792043426162732821679055204457388941365883025394927499511333471382164176467343527587791228285368302461500325560169,46,"[2, 3, 5, 7, 11, 13, 17, 19, 23, 29, 31, 37, 41, 43, 47, 53, 59, 61, 67, 71, 73, 79, 83, 89, 97, 101, 103, 107, 109, 113, 127, 131, 137, 139, 149, 151, 157, 163, 167, 173, 179, 181, 191, 193, 197, 199]","[4, 9, 25, 49, 121, 169, 289, 361, 529, 841, 961, 1369, 1681, 1849, 2209, 2809, 3481, 3721, 4489, 5041, 5329, 6241, 6889, 7921, 9409, 10201, 10609, 11449, 11881, 12769, 16129, 17161, 18769, 19321, 22201, 22801, 24649, 26569, 27889, 29929, 32041, 32761, 36481, 37249, 38809, 39601]",64,no_relation,0,0,0,no_relation,0,0,0,False,,,,True,True,0.0008107499743346125,False,False
2048,47,16158503035655503650357438344334975980222051334857742016065172713762327569433945446598600705761456731844358980460949009747059779575245460547544076193224141560315438683650498045875098875194826053398028819192033784138396109321309878080919047169238085235290822926018152521443787945770532904303776199561965192931577537400389601458154219451244001320965551103303599508534621201903855705805132004695870070657408190299960170125807853125717644131619058784682674433016676957103141824386849425029526835137748137794782536596196373770271248543257132382274831291268255546318116066677219438235368818627096631284325259732851962830751,31779025153841157091513007105557096277387334840819443417178193530301278470709096311394824553569989106972848669869283033573478951733709065157841998998033955859717469231561398068006634165493265976424502714135170801354940950278586808835367689087182968719458341961385261029208970474236951767835518903843770349163,508464402461458513464208113688913540438197357453111094674851096484820455531345540982317192857119825711565578717908528537175663227739345042525471983968543293755479507704982369088106146647892255622792043426162732821679055204457388941365883025394927499511333471382164176467343527587791228285368302461500325560477,46,"[2, 3, 5, 7, 11, 13, 17, 19, 23, 29, 31, 37, 41, 43, 47, 53, 59, 61, 67, 71, 73, 79, 83, 89, 97, 101, 103, 107, 109, 113, 127, 131, 137, 139, 149, 151, 157, 163, 167, 173, 179, 181, 191, 193, 197, 199]","[4, 9, 25, 49, 121, 169, 289, 361, 529, 841, 961, 1369, 1681, 1849, 2209, 2809, 3481, 3721, 4489, 5041, 5329, 6241, 6889, 7921, 9409, 10201, 10609, 11449, 11881, 12769, 16129, 17161, 18769, 19321, 22201, 22801, 24649, 26569, 27889, 29929, 32041, 32761, 36481, 37249, 38809, 39601]",64,no_relation,0,0,0,no_relation,0,0,0,False,,,,True,True,0.0008177499985322356,False,False
2048,48,16158503035655503650357438344334975980222051334857742016065172713762327569433945446598600705761456731844358980460949009747059779575245460547544076193224141560315438683650498045875098875194826053398028819192033784138396109321309878080919047169238085235290822926018152521443787945770532904303776199561965192938378248783311609075738002971833219924326440759238960399810754617388329298536878615334362525121385859192149785477834422310442139802632798728460862218595943511082680239940988611582946546553307056749626117421122925260228611902874709473043516755925410852282201246413665298486088500113804309601126305155418817551633,31779025153841157091513007105557096277387334840819443417178193530301278470709096311394824553569989106972848669869283033573478951733709065157841998998033955859717469231561398068006634165493265976424502714135170801354940950278586808835367689087182968719458341961385261029208970474236951767835518903843770349163,508464402461458513464208113688913540438197357453111094674851096484820455531345540982317192857119825711565578717908528537175663227739345042525471983968543293755479507704982369088106146647892255622792043426162732821679055204457388941365883025394927499511333471382164176467343527587791228285368302461500325560691,46,"[2, 3, 5, 7, 11, 13, 17, 19, 23, 29, 31, 37, 41, 43, 47, 53, 59, 61, 67, 71, 73, 79, 83, 89, 97, 101, 103, 107, 109, 113, 127, 131, 137, 139, 149, 151, 157, 163, 167, 173, 179, 181, 191, 193, 197, 199]","[4, 9, 25, 49, 121, 169, 289, 361, 529, 841, 961, 1369, 1681, 1849, 2209, 2809, 3481, 3721, 4489, 5041, 5329, 6241, 6889, 7921, 9409, 10201, 10609, 11449, 11881, 12769, 16129, 17161, 18769, 19321, 22201, 22801, 24649, 26569, 27889, 29929, 32041, 32761, 36481, 37249, 38809, 39601]",64,no_relation,0,0,0,no_relation,0,0,0,False,,,,True,True,0.0008139999990817159,False,False
2048,49,16158503035655503650357438344334975980222051334857742016065172713762327569433945446598600705761456731844358980460949009747059779575245460547544076193224141560315438683650498045875098875194826053398028819192033784138396109321309878080919047169238085235290822926018152521443787945770532904303776199561965192961640495195923336066725524173101014399373969862718792981185192281568865139095937115275374098334617885496275011822149602886228732471707834424001205485156799200395867717443931997363802755694377751492362104168067951852045387506800253540532665167743343954925707562147676371867054887255253003656726142769058713138949,31779025153841157091513007105557096277387334840819443417178193530301278470709096311394824553569989106972848669869283033573478951733709065157841998998033955859717469231561398068006634165493265976424502714135170801354940950278586808835367689087182968719458341961385261029208970474236951767835518903843770349163,508464402461458513464208113688913540438197357453111094674851096484820455531345540982317192857119825711565578717908528537175663227739345042525471983968543293755479507704982369088106146647892255622792043426162732821679055204457388941365883025394927499511333471382164176467343527587791228285368302461500325561423,46,"[2, 3, 5, 7, 11, 13, 17, 19, 23, 29, 31, 37, 41, 43, 47, 53, 59, 61, 67, 71, 73, 79, 83, 89, 97, 101, 103, 107, 109, 113, 127, 131, 137, 139, 149, 151, 157, 163, 167, 173, 179, 181, 191, 193, 197, 199]","[4, 9, 25, 49, 121, 169, 289, 361, 529, 841, 961, 1369, 1681, 1849, 2209, 2809, 3481, 3721, 4489, 5041, 5329, 6241, 6889, 7921, 9409, 10201, 10609, 11449, 11881, 12769, 16129, 17161, 18769, 19321, 22201, 22801, 24649, 26569, 27889, 29929, 32041, 32761, 36481, 37249, 38809, 39601]",64,no_relation,0,0,0,no_relation,0,0,0,False,,,,True,True,0.0008147089974954724,False,False
2048,50,16158503035655503650357438344334975980222051334857742016065172713762327569433945446598600705761456731844358980460949009747059779575245460547544076193224141560315438683650498045875098875194826053398028819192033784138396109321309878080919047169238085235290822926018152521443787945770532904303776199561965192984330719155765922230065811246468781141428526939063875581050422462203977967182231881611278829583590107874888962108817688857692704009576106946700392769753043684234140748778770217920539549856569658659457042060579904019473226005711235048985195175991983620618963722576752746722259805860436565891286640113510742441331,31779025153841157091513007105557096277387334840819443417178193530301278470709096311394824553569989106972848669869283033573478951733709065157841998998033955859717469231561398068006634165493265976424502714135170801354940950278586808835367689087182968719458341961385261029208970474236951767835518903843770349163,508464402461458513464208113688913540438197357453111094674851096484820455531345540982317192857119825711565578717908528537175663227739345042525471983968543293755479507704982369088106146647892255622792043426162732821679055204457388941365883025394927499511333471382164176467343527587791228285368302461500325562137,46,"[2, 3, 5, 7, 11, 13, 17, 19, 23, 29, 31, 37, 41, 43, 47, 53, 59, 61, 67, 71, 73, 79, 83, 89, 97, 101, 103, 107, 109, 113, 127, 131, 137, 139, 149, 151, 157, 163, 167, 173, 179, 181, 191, 193, 197, 199]","[4, 9, 25, 49, 121, 169, 289, 361, 529, 841, 961, 1369, 1681, 1849, 2209, 2809, 3481, 3721, 4489, 5041, 5329, 6241, 6889, 7921, 9409, 10201, 10609, 11449, 11881, 12769, 16129, 17161, 18769, 19321, 22201, 22801, 24649, 26569, 27889, 29929, 32041, 32761, 36481, 37249, 38809, 39601]",64,no_relation,0,0,0,no_relation,0,0,0,False,,,,True,True,0.0008129999914672226,False,False
2048,51,16158503035655503650357438344334975980222051334857742016065172713762327569433945446598600705761456731844358980460949009747059779575245460547544076193224141560315438683650498045875098875194826053398028819192033784138396109321309878080919047169238085235290822926018152521443787945770532904303776199561965192990241617834380377449087230568102401049022571219456292056645566458840015762734123795530716196547608081771838814704504333102359789032045993066059004583387359474141590025849190258569773504638317130274414546889721673071492242757528381492363585346208015802438215327394411298155128314068509594708693156228452027385649,31779025153841157091513007105557096277387334840819443417178193530301278470709096311394824553569989106972848669869283033573478951733709065157841998998033955859717469231561398068006634165493265976424502714135170801354940950278586808835367689087182968719458341961385261029208970474236951767835518903843770349163,508464402461458513464208113688913540438197357453111094674851096484820455531345540982317192857119825711565578717908528537175663227739345042525471983968543293755479507704982369088106146647892255622792043426162732821679055204457388941365883025394927499511333471382164176467343527587791228285368302461500325562323,46,"[2, 3, 5, 7, 11, 13, 17, 19, 23, 29, 31, 37, 41, 43, 47, 53, 59, 61, 67, 71, 73, 79, 83, 89, 97, 101, 103, 107, 109, 113, 127, 131, 137, 139, 149, 151, 157, 163, 167, 173, 179, 181, 191, 193, 197, 199]","[4, 9, 25, 49, 121, 169, 289, 361, 529, 841, 961, 1369, 1681, 1849, 2209, 2809, 3481, 3721, 4489, 5041, 5329, 6241, 6889, 7921, 9409, 10201, 10609, 11449, 11881, 12769, 16129, 17161, 18769, 19321, 22201, 22801, 24649, 26569, 27889, 29929, 32041, 32761, 36481, 37249, 38809, 39601]",64,no_relation,0,0,0,no_relation,0,0,0,False,,,,True,True,0.000811500009149313,False,False
2048,52,16158503035655503650357438344334975980222051334857742016065172713762327569433945446598600705761456731844358980460949009747059779575245460547544076193224141560315438683650498045875098875194826053398028819192033784138396109321309878080919047169238085235290822926018152521443787945770532904303776199561965193010135287580684941788374373016181143318667042829809263635799115608808616085398018086463876367082421262736842082042675512119357612817347867854868095956156615842324725764806625449141926492237101631516153245938338594719685277631923723823303758714784554220819137395221584702439943830940841401373727990034652265961687,31779025153841157091513007105557096277387334840819443417178193530301278470709096311394824553569989106972848669869283033573478951733709065157841998998033955859717469231561398068006634165493265976424502714135170801354940950278586808835367689087182968719458341961385261029208970474236951767835518903843770349163,508464402461458513464208113688913540438197357453111094674851096484820455531345540982317192857119825711565578717908528537175663227739345042525471983968543293755479507704982369088106146647892255622792043426162732821679055204457388941365883025394927499511333471382164176467343527587791228285368302461500325562949,46,"[2, 3, 5, 7, 11, 13, 17, 19, 23, 29, 31, 37, 41, 43, 47, 53, 59, 61, 67, 71, 73, 79, 83, 89, 97, 101, 103, 107, 109, 113, 127, 131, 137, 139, 149, 151, 157, 163, 167, 173, 179, 181, 191, 193, 197, 199]","[4, 9, 25, 49, 121, 169, 289, 361, 529, 841, 961, 1369, 1681, 1849, 2209, 2809, 3481, 3721, 4489, 5041, 5329, 6241, 6889, 7921, 9409, 10201, 10609, 11449, 11881, 12769, 16129, 17161, 18769, 19321, 22201, 22801, 24649, 26569, 27889, 29929, 32041, 32761, 36481, 37249, 38809, 39601]",64,no_relation,0,0,0,no_relation,0,0,0,False,,,,True,True,0.0008108329784590751,False,False
2048,53,16158503035655503650357438344334975980222051334857742016065172713762327569433945446598600705761456731844358980460949009747059779575245460547544076193224141560315438683650498045875098875194826053398028819192033784138396109321309878080919047169238085235290822926018152521443787945770532904303776199561965193019478320975914241973279197105214929624218919273010180000449504506717191955786492402013954785831998060186859590984244723989960424627058333011273643661578598865081661718885676481135876936892121828584957043894078810318037917013828245620901859306416347024339889931868851445027381150366505221117370547764720748615609,31779025153841157091513007105557096277387334840819443417178193530301278470709096311394824553569989106972848669869283033573478951733709065157841998998033955859717469231561398068006634165493265976424502714135170801354940950278586808835367689087182968719458341961385261029208970474236951767835518903843770349163,508464402461458513464208113688913540438197357453111094674851096484820455531345540982317192857119825711565578717908528537175663227739345042525471983968543293755479507704982369088106146647892255622792043426162732821679055204457388941365883025394927499511333471382164176467343527587791228285368302461500325563243,46,"[2, 3, 5, 7, 11, 13, 17, 19, 23, 29, 31, 37, 41, 43, 47, 53, 59, 61, 67, 71, 73, 79, 83, 89, 97, 101, 103, 107, 109, 113, 127, 131, 137, 139, 149, 151, 157, 163, 167, 173, 179, 181, 191, 193, 197, 199]","[4, 9, 25, 49, 121, 169, 289, 361, 529, 841, 961, 1369, 1681, 1849, 2209, 2809, 3481, 3721, 4489, 5041, 5329, 6241, 6889, 7921, 9409, 10201, 10609, 11449, 11881, 12769, 16129, 17161, 18769, 19321, 22201, 22801, 24649, 26569, 27889, 29929, 32041, 32761, 36481, 37249, 38809, 39601]",64,no_relation,0,0,0,no_relation,0,0,0,False,,,,True,True,0.0008130409987643361,False,False
2048,54,16158503035655503650357438344334975980222051334857742016065172713762327569433945446598600705761456731844358980460949009747059779575245460547544076193224141560315438683650498045875098875194826053398028819192033784138396109321309878080919047169238085235290822926018152521443787945770532904303776199561965193023482478145298227766809836000515123755169723462953429871013956891535153043095838537249702679581816687665438523387774386220218772545505675221161735535330877303406062842062412637704712841744273341614444385875110331288760476748930183534158188131401401082991641019003394334707711430120361143864645929649035812610147,31779025153841157091513007105557096277387334840819443417178193530301278470709096311394824553569989106972848669869283033573478951733709065157841998998033955859717469231561398068006634165493265976424502714135170801354940950278586808835367689087182968719458341961385261029208970474236951767835518903843770349163,508464402461458513464208113688913540438197357453111094674851096484820455531345540982317192857119825711565578717908528537175663227739345042525471983968543293755479507704982369088106146647892255622792043426162732821679055204457388941365883025394927499511333471382164176467343527587791228285368302461500325563369,46,"[2, 3, 5, 7, 11, 13, 17, 19, 23, 29, 31, 37, 41, 43, 47, 53, 59, 61, 67, 71, 73, 79, 83, 89, 97, 101, 103, 107, 109, 113, 127, 131, 137, 139, 149, 151, 157, 163, 167, 173, 179, 181, 191, 193, 197, 199]","[4, 9, 25, 49, 121, 169, 289, 361, 529, 841, 961, 1369, 1681, 1849, 2209, 2809, 3481, 3721, 4489, 5041, 5329, 6241, 6889, 7921, 9409, 10201, 10609, 11449, 11881, 12769, 16129, 17161, 18769, 19321, 22201, 22801, 24649, 26569, 27889, 29929, 32041, 32761, 36481, 37249, 38809, 39601]",64,no_relation,0,0,0,no_relation,0,0,0,False,,,,True,True,0.000813291990198195,False,False
2048,55,16158503035655503650357438344334975980222051334857742016065172713762327569433945446598600705761456731844358980460949009747059779575245460547544076193224141560315438683650498045875098875194826053398028819192033784138396109321309878080919047169238085235290822926018152521443787945770532904303776199561965193028058657767451354387987709023715345619113499680031429723087616759898537142877948406090557415295895119069528731848951143054799741595159780603890983391047766947205378411407253959497668161575303642219572776710574926683871973589046684006451135359955748578593642261442871922913803178410482198432960651802538742889619,31779025153841157091513007105557096277387334840819443417178193530301278470709096311394824553569989106972848669869283033573478951733709065157841998998033955859717469231561398068006634165493265976424502714135170801354940950278586808835367689087182968719458341961385261029208970474236951767835518903843770349163,508464402461458513464208113688913540438197357453111094674851096484820455531345540982317192857119825711565578717908528537175663227739345042525471983968543293755479507704982369088106146647892255622792043426162732821679055204457388941365883025394927499511333471382164176467343527587791228285368302461500325563513,46,"[2, 3, 5, 7, 11, 13, 17, 19, 23, 29, 31, 37, 41, 43, 47, 53, 59, 61, 67, 71, 73, 79, 83, 89, 97, 101, 103, 107, 109, 113, 127, 131, 137, 139, 149, 151, 157, 163, 167, 173, 179, 181, 191, 193, 197, 199]","[4, 9, 25, 49, 121, 169, 289, 361, 529, 841, 961, 1369, 1681, 1849, 2209, 2809, 3481, 3721, 4489, 5041, 5329, 6241, 6889, 7921, 9409, 10201, 10609, 11449, 11881, 12769, 16129, 17161, 18769, 19321, 22201, 22801, 24649, 26569, 27889, 29929, 32041, 32761, 36481, 37249, 38809, 39601]",64,no_relation,0,0,0,no_relation,0,0,0,False,,,,True,True,0.0008092920179478824,False,False
2048,56,16158503035655503650357438344334975980222051334857742016065172713762327569433945446598600705761456731844358980460949009747059779575245460547544076193224141560315438683650498045875098875194826053398028819192033784138396109321309878080919047169238085235290822926018152521443787945770532904303776199561965193037401691162680654572892533112749131924665376123232346087738005657807113013266422721640635834045471916519546240790520354925402553404870245760296531096469749969962314365486304991491618606230323839288376574666315142282224612970951205804049235951587541382114394798090138665501240497836146018176603209532607225543541,31779025153841157091513007105557096277387334840819443417178193530301278470709096311394824553569989106972848669869283033573478951733709065157841998998033955859717469231561398068006634165493265976424502714135170801354940950278586808835367689087182968719458341961385261029208970474236951767835518903843770349163,508464402461458513464208113688913540438197357453111094674851096484820455531345540982317192857119825711565578717908528537175663227739345042525471983968543293755479507704982369088106146647892255622792043426162732821679055204457388941365883025394927499511333471382164176467343527587791228285368302461500325563807,46,"[2, 3, 5, 7, 11, 13, 17, 19, 23, 29, 31, 37, 41, 43, 47, 53, 59, 61, 67, 71, 73, 79, 83, 89, 97, 101, 103, 107, 109, 113, 127, 131, 137, 139, 149, 151, 157, 163, 167, 173, 179, 181, 191, 193, 197, 199]","[4, 9, 25, 49, 121, 169, 289, 361, 529, 841, 961, 1369, 1681, 1849, 2209, 2809, 3481, 3721, 4489, 5041, 5329, 6241, 6889, 7921, 9409, 10201, 10609, 11449, 11881, 12769, 16129, 17161, 18769, 19321, 22201, 22801, 24649, 26569, 27889, 29929, 32041, 32761, 36481, 37249, 38809, 39601]",64,no_relation,0,0,0,no_relation,0,0,0,False,,,,True,True,0.0008463340054731816,False,False
2048,57,16158503035655503650357438344334975980222051334857742016065172713762327569433945446598600705761456731844358980460949009747059779575245460547544076193224141560315438683650498045875098875194826053398028819192033784138396109321309878080919047169238085235290822926018152521443787945770532904303776199561965193073820453988982620599766439255717564258551261850811428243824215443532378140699047094499104772436679433110430816460718711400609432091700834431183461948216663385198534104855667177427221359885606648270856685065220880634986941990211688729380607645499223534613654685837647804974720661311692744116107873337568045684339,31779025153841157091513007105557096277387334840819443417178193530301278470709096311394824553569989106972848669869283033573478951733709065157841998998033955859717469231561398068006634165493265976424502714135170801354940950278586808835367689087182968719458341961385261029208970474236951767835518903843770349163,508464402461458513464208113688913540438197357453111094674851096484820455531345540982317192857119825711565578717908528537175663227739345042525471983968543293755479507704982369088106146647892255622792043426162732821679055204457388941365883025394927499511333471382164176467343527587791228285368302461500325564953,46,"[2, 3, 5, 7, 11, 13, 17, 19, 23, 29, 31, 37, 41, 43, 47, 53, 59, 61, 67, 71, 73, 79, 83, 89, 97, 101, 103, 107, 109, 113, 127, 131, 137, 139, 149, 151, 157, 163, 167, 173, 179, 181, 191, 193, 197, 199]","[4, 9, 25, 49, 121, 169, 289, 361, 529, 841, 961, 1369, 1681, 1849, 2209, 2809, 3481, 3721, 4489, 5041, 5329, 6241, 6889, 7921, 9409, 10201, 10609, 11449, 11881, 12769, 16129, 17161, 18769, 19321, 22201, 22801, 24649, 26569, 27889, 29929, 32041, 32761, 36481, 37249, 38809, 39601]",64,no_relation,0,0,0,no_relation,0,0,0,False,,,,True,True,0.0008262920018751174,False,False
2048,58,16158503035655503650357438344334975980222051334857742016065172713762327569433945446598600705761456731844358980460949009747059779575245460547544076193224141560315438683650498045875098875194826053398028819192033784138396109321309878080919047169238085235290822926018152521443787945770532904303776199561965193075727195498213090025257219682050990035194501941260594848854907055350454848941592873182794245650878779528801736652875693415018169195723378340653981888098700736781582258749351061507619409815202606856326847913331128716283399006926897259502668990730201657781155203520763466727258889765909850186239007568194266634119,31779025153841157091513007105557096277387334840819443417178193530301278470709096311394824553569989106972848669869283033573478951733709065157841998998033955859717469231561398068006634165493265976424502714135170801354940950278586808835367689087182968719458341961385261029208970474236951767835518903843770349163,508464402461458513464208113688913540438197357453111094674851096484820455531345540982317192857119825711565578717908528537175663227739345042525471983968543293755479507704982369088106146647892255622792043426162732821679055204457388941365883025394927499511333471382164176467343527587791228285368302461500325565013,46,"[2, 3, 5, 7, 11, 13, 17, 19, 23, 29, 31, 37, 41, 43, 47, 53, 59, 61, 67, 71, 73, 79, 83, 89, 97, 101, 103, 107, 109, 113, 127, 131, 137, 139, 149, 151, 157, 163, 167, 173, 179, 181, 191, 193, 197, 199]","[4, 9, 25, 49, 121, 169, 289, 361, 529, 841, 961, 1369, 1681, 1849, 2209, 2809, 3481, 3721, 4489, 5041, 5329, 6241, 6889, 7921, 9409, 10201, 10609, 11449, 11881, 12769, 16129, 17161, 18769, 19321, 22201, 22801, 24649, 26569, 27889, 29929, 32041, 32761, 36481, 37249, 38809, 39601]",64,no_relation,0,0,0,no_relation,0,0,0,False,,,,True,True,0.0008178330026566982,False,False
2048,59,16158503035655503650357438344334975980222051334857742016065172713762327569433945446598600705761456731844358980460949009747059779575245460547544076193224141560315438683650498045875098875194826053398028819192033784138396109321309878080919047169238085235290822926018152521443787945770532904303776199561965193104900340589439272235266160204952404417836075325132843905824488716167028485052543287043243185828128779729876815592877518235471846887268300155552936968293872216002219013322714487937709573738020773214020339489417924360119191362669587770370207572764166942243913124072433091541093785115431573059245361296775447165753,31779025153841157091513007105557096277387334840819443417178193530301278470709096311394824553569989106972848669869283033573478951733709065157841998998033955859717469231561398068006634165493265976424502714135170801354940950278586808835367689087182968719458341961385261029208970474236951767835518903843770349163,508464402461458513464208113688913540438197357453111094674851096484820455531345540982317192857119825711565578717908528537175663227739345042525471983968543293755479507704982369088106146647892255622792043426162732821679055204457388941365883025394927499511333471382164176467343527587791228285368302461500325565931,46,"[2, 3, 5, 7, 11, 13, 17, 19, 23, 29, 31, 37, 41, 43, 47, 53, 59, 61, 67, 71, 73, 79, 83, 89, 97, 101, 103, 107, 109, 113, 127, 131, 137, 139, 149, 151, 157, 163, 167, 173, 179, 181, 191, 193, 197, 199]","[4, 9, 25, 49, 121, 169, 289, 361, 529, 841, 961, 1369, 1681, 1849, 2209, 2809, 3481, 3721, 4489, 5041, 5329, 6241, 6889, 7921, 9409, 10201, 10609, 11449, 11881, 12769, 16129, 17161, 18769, 19321, 22201, 22801, 24649, 26569, 27889, 29929, 32041, 32761, 36481, 37249, 38809, 39601]",64,no_relation,0,0,0,no_relation,0,0,0,False,,,,True,True,0.0008138339908327907,False,False
2048,60,16158503035655503650357438344334975980222051334857742016065172713762327569433945446598600705761456731844358980460949009747059779575245460547544076193224141560315438683650498045875098875194826053398028819192033784138396109321309878080919047169238085235290822926018152521443787945770532904303776199561965193120154272663283027639192403615619810630981996048726176746070021610711642150992909516512758971541723551076844177130133374350741743719448651431317096487350171028666604244472185560580893973174788441897781642274299909010490847496391256011346698334611991927583917265537358385561399612749168421620294435141785214763993,31779025153841157091513007105557096277387334840819443417178193530301278470709096311394824553569989106972848669869283033573478951733709065157841998998033955859717469231561398068006634165493265976424502714135170801354940950278586808835367689087182968719458341961385261029208970474236951767835518903843770349163,508464402461458513464208113688913540438197357453111094674851096484820455531345540982317192857119825711565578717908528537175663227739345042525471983968543293755479507704982369088106146647892255622792043426162732821679055204457388941365883025394927499511333471382164176467343527587791228285368302461500325566411,46,"[2, 3, 5, 7, 11, 13, 17, 19, 23, 29, 31, 37, 41, 43, 47, 53, 59, 61, 67, 71, 73, 79, 83, 89, 97, 101, 103, 107, 109, 113, 127, 131, 137, 139, 149, 151, 157, 163, 167, 173, 179, 181, 191, 193, 197, 199]","[4, 9, 25, 49, 121, 169, 289, 361, 529, 841, 961, 1369, 1681, 1849, 2209, 2809, 3481, 3721, 4489, 5041, 5329, 6241, 6889, 7921, 9409, 10201, 10609, 11449, 11881, 12769, 16129, 17161, 18769, 19321, 22201, 22801, 24649, 26569, 27889, 29929, 32041, 32761, 36481, 37249, 38809, 39601]",64,no_relation,0,0,0,no_relation,0,0,0,False,,,,True,True,0.0008077080128714442,False,False
2048,61,16158503035655503650357438344334975980222051334857742016065172713762327569433945446598600705761456731844358980460949009747059779575245460547544076193224141560315438683650498045875098875194826053398028819192033784138396109321309878080919047169238085235290822926018152521443787945770532904303776199561965193185555506429888128933526172238856314769845131151132591298622743896071673243712229725363307902788761133226966739721117857444961426387421907526155930425304052187965155923025542784538547085759929821379408227964481418198959323169722908594533402476034541552229185022068225583673460848728815159825792339252264593341447,31779025153841157091513007105557096277387334840819443417178193530301278470709096311394824553569989106972848669869283033573478951733709065157841998998033955859717469231561398068006634165493265976424502714135170801354940950278586808835367689087182968719458341961385261029208970474236951767835518903843770349163,508464402461458513464208113688913540438197357453111094674851096484820455531345540982317192857119825711565578717908528537175663227739345042525471983968543293755479507704982369088106146647892255622792043426162732821679055204457388941365883025394927499511333471382164176467343527587791228285368302461500325568469,46,"[2, 3, 5, 7, 11, 13, 17, 19, 23, 29, 31, 37, 41, 43, 47, 53, 59, 61, 67, 71, 73, 79, 83, 89, 97, 101, 103, 107, 109, 113, 127, 131, 137, 139, 149, 151, 157, 163, 167, 173, 179, 181, 191, 193, 197, 199]","[4, 9, 25, 49, 121, 169, 289, 361, 529, 841, 961, 1369, 1681, 1849, 2209, 2809, 3481, 3721, 4489, 5041, 5329, 6241, 6889, 7921, 9409, 10201, 10609, 11449, 11881, 12769, 16129, 17161, 18769, 19321, 22201, 22801, 24649, 26569, 27889, 29929, 32041, 32761, 36481, 37249, 38809, 39601]",64,no_relation,0,0,0,no_relation,0,0,0,False,,,,True,True,0.0008154170063789934,False,False
2048,62,16158503035655503650357438344334975980222051334857742016065172713762327569433945446598600705761456731844358980460949009747059779575245460547544076193224141560315438683650498045875098875194826053398028819192033784138396109321309878080919047169238085235290822926018152521443787945770532904303776199561965193249177114787878125430735212464181621517174575502453117019813487343734832742071840540775746659035879325386609776799422490659066287758307455972155612419368031819119529324611461716687828685077448306181262661663093362511551105627453699882939516028574844928584785628761518164149819738151192599032501184747492832365773,31779025153841157091513007105557096277387334840819443417178193530301278470709096311394824553569989106972848669869283033573478951733709065157841998998033955859717469231561398068006634165493265976424502714135170801354940950278586808835367689087182968719458341961385261029208970474236951767835518903843770349163,508464402461458513464208113688913540438197357453111094674851096484820455531345540982317192857119825711565578717908528537175663227739345042525471983968543293755479507704982369088106146647892255622792043426162732821679055204457388941365883025394927499511333471382164176467343527587791228285368302461500325570471,46,"[2, 3, 5, 7, 11, 13, 17, 19, 23, 29, 31, 37, 41, 43, 47, 53, 59, 61, 67, 71, 73, 79, 83, 89, 97, 101, 103, 107, 109, 113, 127, 131, 137, 139, 149, 151, 157, 163, 167, 173, 179, 181, 191, 193, 197, 199]","[4, 9, 25, 49, 121, 169, 289, 361, 529, 841, 961, 1369, 1681, 1849, 2209, 2809, 3481, 3721, 4489, 5041, 5329, 6241, 6889, 7921, 9409, 10201, 10609, 11449, 11881, 12769, 16129, 17161, 18769, 19321, 22201, 22801, 24649, 26569, 27889, 29929, 32041, 32761, 36481, 37249, 38809, 39601]",64,no_relation,0,0,0,no_relation,0,0,0,False,,,,True,True,0.0008175410039257258,False,False
2048,63,16158503035655503650357438344334975980222051334857742016065172713762327569433945446598600705761456731844358980460949009747059779575245460547544076193224141560315438683650498045875098875194826053398028819192033784138396109321309878080919047169238085235290822926018152521443787945770532904303776199561965193261443818497260812068059233206926660680246086751009422178844270046431126231765551716974148936713895120678129363368965741618429163127519155123082624032609138780970472447994161370938389472957848973081120709319269291834558312434988208093391444016227470854295705625856228921424482341206655981417011481631188187142691,31779025153841157091513007105557096277387334840819443417178193530301278470709096311394824553569989106972848669869283033573478951733709065157841998998033955859717469231561398068006634165493265976424502714135170801354940950278586808835367689087182968719458341961385261029208970474236951767835518903843770349163,508464402461458513464208113688913540438197357453111094674851096484820455531345540982317192857119825711565578717908528537175663227739345042525471983968543293755479507704982369088106146647892255622792043426162732821679055204457388941365883025394927499511333471382164176467343527587791228285368302461500325570857,46,"[2, 3, 5, 7, 11, 13, 17, 19, 23, 29, 31, 37, 41, 43, 47, 53, 59, 61, 67, 71, 73, 79, 83, 89, 97, 101, 103, 107, 109, 113, 127, 131, 137, 139, 149, 151, 157, 163, 167, 173, 179, 181, 191, 193, 197, 199]","[4, 9, 25, 49, 121, 169, 289, 361, 529, 841, 961, 1369, 1681, 1849, 2209, 2809, 3481, 3721, 4489, 5041, 5329, 6241, 6889, 7921, 9409, 10201, 10609, 11449, 11881, 12769, 16129, 17161, 18769, 19321, 22201, 22801, 24649, 26569, 27889, 29929, 32041, 32761, 36481, 37249, 38809, 39601]",64,no_relation,0,0,0,no_relation,0,0,0,False,,,,True,True,0.0008138330013025552,False,False
2048,64,16158503035655503650357438344334975980222051334857742016065172713762327569433945446598600705761456731844358980460949009747059779575245460547544076193224141560315438683650498045875098875194826053398028819192033784138396109321309878080919047169238085235290822926018152521443787945770532904303776199561965193265447975666644797861589872102226854811196890940952672049408722431249087319074897852209896830463713748156708295772495403848687511045966497332970715906361417219294873571170897527507225377810000486110608051300300812805280872170090146006647772841212524912947456712990771811104812620960511904164286863515503251137229,31779025153841157091513007105557096277387334840819443417178193530301278470709096311394824553569989106972848669869283033573478951733709065157841998998033955859717469231561398068006634165493265976424502714135170801354940950278586808835367689087182968719458341961385261029208970474236951767835518903843770349163,508464402461458513464208113688913540438197357453111094674851096484820455531345540982317192857119825711565578717908528537175663227739345042525471983968543293755479507704982369088106146647892255622792043426162732821679055204457388941365883025394927499511333471382164176467343527587791228285368302461500325570983,46,"[2, 3, 5, 7, 11, 13, 17, 19, 23, 29, 31, 37, 41, 43, 47, 53, 59, 61, 67, 71, 73, 79, 83, 89, 97, 101, 103, 107, 109, 113, 127, 131, 137, 139, 149, 151, 157, 163, 167, 173, 179, 181, 191, 193, 197, 199]","[4, 9, 25, 49, 121, 169, 289, 361, 529, 841, 961, 1369, 1681, 1849, 2209, 2809, 3481, 3721, 4489, 5041, 5329, 6241, 6889, 7921, 9409, 10201, 10609, 11449, 11881, 12769, 16129, 17161, 18769, 19321, 22201, 22801, 24649, 26569, 27889, 29929, 32041, 32761, 36481, 37249, 38809, 39601]",64,no_relation,0,0,0,no_relation,0,0,0,False,,,,True,True,0.0008167080231942236,False,False
2048,65,16158503035655503650357438344334975980222051334857742016065172713762327569433945446598600705761456731844358980460949009747059779575245460547544076193224141560315438683650498045875098875194826053398028819192033784138396109321309878080919047169238085235290822926018152521443787945770532904303776199561965193406101940997545759148626441551422562934913234946419528613839406996362545830433358126443390304564485535618536508613942110444905351419362819721579403471659705854404392390061645376504588194283195697765457064062566779602249518103115361911985164741084344465270078234081937126383715939933260428604293531928030816532667,31779025153841157091513007105557096277387334840819443417178193530301278470709096311394824553569989106972848669869283033573478951733709065157841998998033955859717469231561398068006634165493265976424502714135170801354940950278586808835367689087182968719458341961385261029208970474236951767835518903843770349163,508464402461458513464208113688913540438197357453111094674851096484820455531345540982317192857119825711565578717908528537175663227739345042525471983968543293755479507704982369088106146647892255622792043426162732821679055204457388941365883025394927499511333471382164176467343527587791228285368302461500325575409,46,"[2, 3, 5, 7, 11, 13, 17, 19, 23, 29, 31, 37, 41, 43, 47, 53, 59, 61, 67, 71, 73, 79, 83, 89, 97, 101, 103, 107, 109, 113, 127, 131, 137, 139, 149, 151, 157, 163, 167, 173, 179, 181, 191, 193, 197, 199]","[4, 9, 25, 49, 121, 169, 289, 361, 529, 841, 961, 1369, 1681, 1849, 2209, 2809, 3481, 3721, 4489, 5041, 5329, 6241, 6889, 7921, 9409, 10201, 10609, 11449, 11881, 12769, 16129, 17161, 18769, 19321, 22201, 22801, 24649, 26569, 27889, 29929, 32041, 32761, 36481, 37249, 38809, 39601]",64,no_relation,0,0,0,no_relation,0,0,0,False,,,,True,True,0.0008117910183500499,False,False
2048,66,16158503035655503650357438344334975980222051334857742016065172713762327569433945446598600705761456731844358980460949009747059779575245460547544076193224141560315438683650498045875098875194826053398028819192033784138396109321309878080919047169238085235290822926018152521443787945770532904303776199561965193413792465084775319164772589270967380234040969977897833920796529830695455220344959433800937846528422899505965886722308604569687257738920413489777167229183923172456019944099503708962193662332566064060186720883278113530145228070533369650144145500182622895378996988737170295452286794698602756420489106658223241030113,31779025153841157091513007105557096277387334840819443417178193530301278470709096311394824553569989106972848669869283033573478951733709065157841998998033955859717469231561398068006634165493265976424502714135170801354940950278586808835367689087182968719458341961385261029208970474236951767835518903843770349163,508464402461458513464208113688913540438197357453111094674851096484820455531345540982317192857119825711565578717908528537175663227739345042525471983968543293755479507704982369088106146647892255622792043426162732821679055204457388941365883025394927499511333471382164176467343527587791228285368302461500325575651,46,"[2, 3, 5, 7, 11, 13, 17, 19, 23, 29, 31, 37, 41, 43, 47, 53, 59, 61, 67, 71, 73, 79, 83, 89, 97, 101, 103, 107, 109, 113, 127, 131, 137, 139, 149, 151, 157, 163, 167, 173, 179, 181, 191, 193, 197, 199]","[4, 9, 25, 49, 121, 169, 289, 361, 529, 841, 961, 1369, 1681, 1849, 2209, 2809, 3481, 3721, 4489, 5041, 5329, 6241, 6889, 7921, 9409, 10201, 10609, 11449, 11881, 12769, 16129, 17161, 18769, 19321, 22201, 22801, 24649, 26569, 27889, 29929, 32041, 32761, 36481, 37249, 38809, 39601]",64,no_relation,0,0,0,no_relation,0,0,0,False,,,,True,True,0.0008119590056594461,False,False
2048,67,16158503035655503650357438344334975980222051334857742016065172713762327569433945446598600705761456731844358980460949009747059779575245460547544076193224141560315438683650498045875098875194826053398028819192033784138396109321309878080919047169238085235290822926018152521443787945770532904303776199561965193422563476027235478522030179232101138806599874393964000303937711245058608078260670015745909423313739893030472119606230721835967448417424115473341558952641294989738041452010449575732024692008707473553349469984585254704108930347423328888705627688245122261949499370079502339513962645588001444343092324119103857399101,31779025153841157091513007105557096277387334840819443417178193530301278470709096311394824553569989106972848669869283033573478951733709065157841998998033955859717469231561398068006634165493265976424502714135170801354940950278586808835367689087182968719458341961385261029208970474236951767835518903843770349163,508464402461458513464208113688913540438197357453111094674851096484820455531345540982317192857119825711565578717908528537175663227739345042525471983968543293755479507704982369088106146647892255622792043426162732821679055204457388941365883025394927499511333471382164176467343527587791228285368302461500325575927,46,"[2, 3, 5, 7, 11, 13, 17, 19, 23, 29, 31, 37, 41, 43, 47, 53, 59, 61, 67, 71, 73, 79, 83, 89, 97, 101, 103, 107, 109, 113, 127, 131, 137, 139, 149, 151, 157, 163, 167, 173, 179, 181, 191, 193, 197, 199]","[4, 9, 25, 49, 121, 169, 289, 361, 529, 841, 961, 1369, 1681, 1849, 2209, 2809, 3481, 3721, 4489, 5041, 5329, 6241, 6889, 7921, 9409, 10201, 10609, 11449, 11881, 12769, 16129, 17161, 18769, 19321, 22201, 22801, 24649, 26569, 27889, 29929, 32041, 32761, 36481, 37249, 38809, 39601]",64,no_relation,0,0,0,no_relation,0,0,0,False,,,,True,True,0.0008096660021692514,False,False
2048,68,16158503035655503650357438344334975980222051334857742016065172713762327569433945446598600705761456731844358980460949009747059779575245460547544076193224141560315438683650498045875098875194826053398028819192033784138396109321309878080919047169238085235290822926018152521443787945770532904303776199561965193428792164957388345311966728624790329676967792022764611213704637176997658658519652892779295035813457757997150458900610196416369322957231092244278590756255950338242665421396483597061324988445387604932552001955078731769677356602026343420437694749332984130963334394511013501238920858538443990838854029272482845835049,31779025153841157091513007105557096277387334840819443417178193530301278470709096311394824553569989106972848669869283033573478951733709065157841998998033955859717469231561398068006634165493265976424502714135170801354940950278586808835367689087182968719458341961385261029208970474236951767835518903843770349163,508464402461458513464208113688913540438197357453111094674851096484820455531345540982317192857119825711565578717908528537175663227739345042525471983968543293755479507704982369088106146647892255622792043426162732821679055204457388941365883025394927499511333471382164176467343527587791228285368302461500325576123,46,"[2, 3, 5, 7, 11, 13, 17, 19, 23, 29, 31, 37, 41, 43, 47, 53, 59, 61, 67, 71, 73, 79, 83, 89, 97, 101, 103, 107, 109, 113, 127, 131, 137, 139, 149, 151, 157, 163, 167, 173, 179, 181, 191, 193, 197, 199]","[4, 9, 25, 49, 121, 169, 289, 361, 529, 841, 961, 1369, 1681, 1849, 2209, 2809, 3481, 3721, 4489, 5041, 5329, 6241, 6889, 7921, 9409, 10201, 10609, 11449, 11881, 12769, 16129, 17161, 18769, 19321, 22201, 22801, 24649, 26569, 27889, 29929, 32041, 32761, 36481, 37249, 38809, 39601]",64,no_relation,0,0,0,no_relation,0,0,0,False,,,,True,True,0.0008121669816318899,False,False
2048,69,16158503035655503650357438344334975980222051334857742016065172713762327569433945446598600705761456731844358980460949009747059779575245460547544076193224141560315438683650498045875098875194826053398028819192033784138396109321309878080919047169238085235290822926018152521443787945770532904303776199561965193430698906466618814737457509051123755453611032113213777818735328788815735366762198671462984509027657104415521379092767178430778060061253636153749110696137987689825713575290167481141723038374983563518022164803188979850973813618741551950559756094563962254130834912194129162991459086992661096908985163503109066784829,31779025153841157091513007105557096277387334840819443417178193530301278470709096311394824553569989106972848669869283033573478951733709065157841998998033955859717469231561398068006634165493265976424502714135170801354940950278586808835367689087182968719458341961385261029208970474236951767835518903843770349163,508464402461458513464208113688913540438197357453111094674851096484820455531345540982317192857119825711565578717908528537175663227739345042525471983968543293755479507704982369088106146647892255622792043426162732821679055204457388941365883025394927499511333471382164176467343527587791228285368302461500325576183,46,"[2, 3, 5, 7, 11, 13, 17, 19, 23, 29, 31, 37, 41, 43, 47, 53, 59, 61, 67, 71, 73, 79, 83, 89, 97, 101, 103, 107, 109, 113, 127, 131, 137, 139, 149, 151, 157, 163, 167, 173, 179, 181, 191, 193, 197, 199]","[4, 9, 25, 49, 121, 169, 289, 361, 529, 841, 961, 1369, 1681, 1849, 2209, 2809, 3481, 3721, 4489, 5041, 5329, 6241, 6889, 7921, 9409, 10201, 10609, 11449, 11881, 12769, 16129, 17161, 18769, 19321, 22201, 22801, 24649, 26569, 27889, 29929, 32041, 32761, 36481, 37249, 38809, 39601]",64,no_relation,0,0,0,no_relation,0,0,0,False,,,,True,True,0.0008095829980447888,False,False
2048,70,16158503035655503650357438344334975980222051334857742016065172713762327569433945446598600705761456731844358980460949009747059779575245460547544076193224141560315438683650498045875098875194826053398028819192033784138396109321309878080919047169238085235290822926018152521443787945770532904303776199561965193434766621686310482845171173960635063777116610972838666576134137560694299011012962999321522051884615710108046008836035406728183365883168396493952886567886334039869549636930026433846572211558121608500358512212490842424406255254400663481486820297723382250221502683251442574730207307694990923191931583195111671477693,31779025153841157091513007105557096277387334840819443417178193530301278470709096311394824553569989106972848669869283033573478951733709065157841998998033955859717469231561398068006634165493265976424502714135170801354940950278586808835367689087182968719458341961385261029208970474236951767835518903843770349163,508464402461458513464208113688913540438197357453111094674851096484820455531345540982317192857119825711565578717908528537175663227739345042525471983968543293755479507704982369088106146647892255622792043426162732821679055204457388941365883025394927499511333471382164176467343527587791228285368302461500325576311,46,"[2, 3, 5, 7, 11, 13, 17, 19, 23, 29, 31, 37, 41, 43, 47, 53, 59, 61, 67, 71, 73, 79, 83, 89, 97, 101, 103, 107, 109, 113, 127, 131, 137, 139, 149, 151, 157, 163, 167, 173, 179, 181, 191, 193, 197, 199]","[4, 9, 25, 49, 121, 169, 289, 361, 529, 841, 961, 1369, 1681, 1849, 2209, 2809, 3481, 3721, 4489, 5041, 5329, 6241, 6889, 7921, 9409, 10201, 10609, 11449, 11881, 12769, 16129, 17161, 18769, 19321, 22201, 22801, 24649, 26569, 27889, 29929, 32041, 32761, 36481, 37249, 38809, 39601]",64,no_relation,0,0,0,no_relation,0,0,0,False,,,,True,True,0.0008109170012176037,False,False
2048,71,16158503035655503650357438344334975980222051334857742016065172713762327569433945446598600705761456731844358980460949009747059779575245460547544076193224141560315438683650498045875098875194826053398028819192033784138396109321309878080919047169238085235290822926018152521443787945770532904303776199561965193458346658350460621407073825232958429214938013424726693591680357160177847636279112462376481870633547627481899721879043417639704748069580522841071649824427529287779911806748583800307494762354124963007339526100787577029772440361112075637329645600413145040059592418599306258403263399578809134925886609847189270556639,31779025153841157091513007105557096277387334840819443417178193530301278470709096311394824553569989106972848669869283033573478951733709065157841998998033955859717469231561398068006634165493265976424502714135170801354940950278586808835367689087182968719458341961385261029208970474236951767835518903843770349163,508464402461458513464208113688913540438197357453111094674851096484820455531345540982317192857119825711565578717908528537175663227739345042525471983968543293755479507704982369088106146647892255622792043426162732821679055204457388941365883025394927499511333471382164176467343527587791228285368302461500325577053,46,"[2, 3, 5, 7, 11, 13, 17, 19, 23, 29, 31, 37, 41, 43, 47, 53, 59, 61, 67, 71, 73, 79, 83, 89, 97, 101, 103, 107, 109, 113, 127, 131, 137, 139, 149, 151, 157, 163, 167, 173, 179, 181, 191, 193, 197, 199]","[4, 9, 25, 49, 121, 169, 289, 361, 529, 841, 961, 1369, 1681, 1849, 2209, 2809, 3481, 3721, 4489, 5041, 5329, 6241, 6889, 7921, 9409, 10201, 10609, 11449, 11881, 12769, 16129, 17161, 18769, 19321, 22201, 22801, 24649, 26569, 27889, 29929, 32041, 32761, 36481, 37249, 38809, 39601]",64,no_relation,0,0,0,no_relation,0,0,0,False,,,,True,True,0.0008142500009853393,False,False
2048,72,16158503035655503650357438344334975980222051334857742016065172713762327569433945446598600705761456731844358980460949009747059779575245460547544076193224141560315438683650498045875098875194826053398028819192033784138396109321309878080919047169238085235290822926018152521443787945770532904303776199561965193473600590424304376811000068643625835428083934148320026431925890054722461302219478691845997656347142398828867083416299273754974644901760874116835809343483828100444297037898054872950679161790892631691100828885669561680144096494833743878306136362260970025399596560064231552423569227212545983486935683692199038154879,31779025153841157091513007105557096277387334840819443417178193530301278470709096311394824553569989106972848669869283033573478951733709065157841998998033955859717469231561398068006634165493265976424502714135170801354940950278586808835367689087182968719458341961385261029208970474236951767835518903843770349163,508464402461458513464208113688913540438197357453111094674851096484820455531345540982317192857119825711565578717908528537175663227739345042525471983968543293755479507704982369088106146647892255622792043426162732821679055204457388941365883025394927499511333471382164176467343527587791228285368302461500325577533,46,"[2, 3, 5, 7, 11, 13, 17, 19, 23, 29, 31, 37, 41, 43, 47, 53, 59, 61, 67, 71, 73, 79, 83, 89, 97, 101, 103, 107, 109, 113, 127, 131, 137, 139, 149, 151, 157, 163, 167, 173, 179, 181, 191, 193, 197, 199]","[4, 9, 25, 49, 121, 169, 289, 361, 529, 841, 961, 1369, 1681, 1849, 2209, 2809, 3481, 3721, 4489, 5041, 5329, 6241, 6889, 7921, 9409, 10201, 10609, 11449, 11881, 12769, 16129, 17161, 18769, 19321, 22201, 22801, 24649, 26569, 27889, 29929, 32041, 32761, 36481, 37249, 38809, 39601]",64,no_relation,0,0,0,no_relation,0,0,0,False,,,,True,True,0.0008139999990817159,False,False
2048,73,16158503035655503650357438344334975980222051334857742016065172713762327569433945446598600705761456731844358980460949009747059779575245460547544076193224141560315438683650498045875098875194826053398028819192033784138396109321309878080919047169238085235290822926018152521443787945770532904303776199561965193570717291294442952882663818358208321651779629421864245514822449483323168308706477019468581492057029109737892618536828224355526321399975777239200958281475597207740883009549687368778953171538313455644381123282751530620843640546195031679189794212692122432064289594057589257686182996480670585992281453838761225197007,31779025153841157091513007105557096277387334840819443417178193530301278470709096311394824553569989106972848669869283033573478951733709065157841998998033955859717469231561398068006634165493265976424502714135170801354940950278586808835367689087182968719458341961385261029208970474236951767835518903843770349163,508464402461458513464208113688913540438197357453111094674851096484820455531345540982317192857119825711565578717908528537175663227739345042525471983968543293755479507704982369088106146647892255622792043426162732821679055204457388941365883025394927499511333471382164176467343527587791228285368302461500325580589,46,"[2, 3, 5, 7, 11, 13, 17, 19, 23, 29, 31, 37, 41, 43, 47, 53, 59, 61, 67, 71, 73, 79, 83, 89, 97, 101, 103, 107, 109, 113, 127, 131, 137, 139, 149, 151, 157, 163, 167, 173, 179, 181, 191, 193, 197, 199]","[4, 9, 25, 49, 121, 169, 289, 361, 529, 841, 961, 1369, 1681, 1849, 2209, 2809, 3481, 3721, 4489, 5041, 5329, 6241, 6889, 7921, 9409, 10201, 10609, 11449, 11881, 12769, 16129, 17161, 18769, 19321, 22201, 22801, 24649, 26569, 27889, 29929, 32041, 32761, 36481, 37249, 38809, 39601]",64,no_relation,0,0,0,no_relation,0,0,0,False,,,,True,True,0.0008119999838527292,False,False
2048,74,16158503035655503650357438344334975980222051334857742016065172713762327569433945446598600705761456731844358980460949009747059779575245460547544076193224141560315438683650498045875098875194826053398028819192033784138396109321309878080919047169238085235290822926018152521443787945770532904303776199561965193573958751860134750905998145082975145472073137575627828743374625223413898712718804843230853596521167998649123182863495093780021174476814101885300842179275060705432064871168949971715629856418626585239680400124538952359047617474610886180397298499584785241449040474118885882665497984852839666311504382030825800811633,31779025153841157091513007105557096277387334840819443417178193530301278470709096311394824553569989106972848669869283033573478951733709065157841998998033955859717469231561398068006634165493265976424502714135170801354940950278586808835367689087182968719458341961385261029208970474236951767835518903843770349163,508464402461458513464208113688913540438197357453111094674851096484820455531345540982317192857119825711565578717908528537175663227739345042525471983968543293755479507704982369088106146647892255622792043426162732821679055204457388941365883025394927499511333471382164176467343527587791228285368302461500325580691,46,"[2, 3, 5, 7, 11, 13, 17, 19, 23, 29, 31, 37, 41, 43, 47, 53, 59, 61, 67, 71, 73, 79, 83, 89, 97, 101, 103, 107, 109, 113, 127, 131, 137, 139, 149, 151, 157, 163, 167, 173, 179, 181, 191, 193, 197, 199]","[4, 9, 25, 49, 121, 169, 289, 361, 529, 841, 961, 1369, 1681, 1849, 2209, 2809, 3481, 3721, 4489, 5041, 5329, 6241, 6889, 7921, 9409, 10201, 10609, 11449, 11881, 12769, 16129, 17161, 18769, 19321, 22201, 22801, 24649, 26569, 27889, 29929, 32041, 32761, 36481, 37249, 38809, 39601]",64,no_relation,0,0,0,no_relation,0,0,0,False,,,,True,True,0.0008137499971780926,False,False
2048,75,16158503035655503650357438344334975980222051334857742016065172713762327569433945446598600705761456731844358980460949009747059779575245460547544076193224141560315438683650498045875098875194826053398028819192033784138396109321309878080919047169238085235290822926018152521443787945770532904303776199561965193586924594122901942999335451982042440753247170190682161657583328183776820328768116138279942014377723554294045440170162571478000586784167400469700377770472914696196792317646000383462336595939879103620877507491688639311863525188274304185227315647155436478988043994364072382582757938341515987588396094799084103270137,31779025153841157091513007105557096277387334840819443417178193530301278470709096311394824553569989106972848669869283033573478951733709065157841998998033955859717469231561398068006634165493265976424502714135170801354940950278586808835367689087182968719458341961385261029208970474236951767835518903843770349163,508464402461458513464208113688913540438197357453111094674851096484820455531345540982317192857119825711565578717908528537175663227739345042525471983968543293755479507704982369088106146647892255622792043426162732821679055204457388941365883025394927499511333471382164176467343527587791228285368302461500325581099,46,"[2, 3, 5, 7, 11, 13, 17, 19, 23, 29, 31, 37, 41, 43, 47, 53, 59, 61, 67, 71, 73, 79, 83, 89, 97, 101, 103, 107, 109, 113, 127, 131, 137, 139, 149, 151, 157, 163, 167, 173, 179, 181, 191, 193, 197, 199]","[4, 9, 25, 49, 121, 169, 289, 361, 529, 841, 961, 1369, 1681, 1849, 2209, 2809, 3481, 3721, 4489, 5041, 5329, 6241, 6889, 7921, 9409, 10201, 10609, 11449, 11881, 12769, 16129, 17161, 18769, 19321, 22201, 22801, 24649, 26569, 27889, 29929, 32041, 32761, 36481, 37249, 38809, 39601]",64,no_relation,0,0,0,no_relation,0,0,0,False,,,,True,True,0.0008074160141404718,False,False
2048,76,16158503035655503650357438344334975980222051334857742016065172713762327569433945446598600705761456731844358980460949009747059779575245460547544076193224141560315438683650498045875098875194826053398028819192033784138396109321309878080919047169238085235290822926018152521443787945770532904303776199561965193615843507012897395952612288448099398365669644895827855167215484296350983737113393781649232358126413641639337729751210132029866432861842649763336596858683814528539689318366872625348373686538751142167174977354694068544859789941788300225411912716491938013695135179224659919162921069897142096318718297296915121008467,31779025153841157091513007105557096277387334840819443417178193530301278470709096311394824553569989106972848669869283033573478951733709065157841998998033955859717469231561398068006634165493265976424502714135170801354940950278586808835367689087182968719458341961385261029208970474236951767835518903843770349163,508464402461458513464208113688913540438197357453111094674851096484820455531345540982317192857119825711565578717908528537175663227739345042525471983968543293755479507704982369088106146647892255622792043426162732821679055204457388941365883025394927499511333471382164176467343527587791228285368302461500325582009,46,"[2, 3, 5, 7, 11, 13, 17, 19, 23, 29, 31, 37, 41, 43, 47, 53, 59, 61, 67, 71, 73, 79, 83, 89, 97, 101, 103, 107, 109, 113, 127, 131, 137, 139, 149, 151, 157, 163, 167, 173, 179, 181, 191, 193, 197, 199]","[4, 9, 25, 49, 121, 169, 289, 361, 529, 841, 961, 1369, 1681, 1849, 2209, 2809, 3481, 3721, 4489, 5041, 5329, 6241, 6889, 7921, 9409, 10201, 10609, 11449, 11881, 12769, 16129, 17161, 18769, 19321, 22201, 22801, 24649, 26569, 27889, 29929, 32041, 32761, 36481, 37249, 38809, 39601]",64,no_relation,0,0,0,no_relation,0,0,0,False,,,,True,True,0.0008179169963113964,False,False
2048,77,16158503035655503650357438344334975980222051334857742016065172713762327569433945446598600705761456731844358980460949009747059779575245460547544076193224141560315438683650498045875098875194826053398028819192033784138396109321309878080919047169238085235290822926018152521443787945770532904303776199561965193662050209586582438363672200779579416352990829754379325895792577689409042633524419818417307259017177803177859695741147662845704828682655630502838863401825186348568889581057145416230019763165959871888401923707232413714943931646853520272036532649255974531787564391078829455632764139437669966751562783485757208691469,31779025153841157091513007105557096277387334840819443417178193530301278470709096311394824553569989106972848669869283033573478951733709065157841998998033955859717469231561398068006634165493265976424502714135170801354940950278586808835367689087182968719458341961385261029208970474236951767835518903843770349163,508464402461458513464208113688913540438197357453111094674851096484820455531345540982317192857119825711565578717908528537175663227739345042525471983968543293755479507704982369088106146647892255622792043426162732821679055204457388941365883025394927499511333471382164176467343527587791228285368302461500325583463,46,"[2, 3, 5, 7, 11, 13, 17, 19, 23, 29, 31, 37, 41, 43, 47, 53, 59, 61, 67, 71, 73, 79, 83, 89, 97, 101, 103, 107, 109, 113, 127, 131, 137, 139, 149, 151, 157, 163, 167, 173, 179, 181, 191, 193, 197, 199]","[4, 9, 25, 49, 121, 169, 289, 361, 529, 841, 961, 1369, 1681, 1849, 2209, 2809, 3481, 3721, 4489, 5041, 5329, 6241, 6889, 7921, 9409, 10201, 10609, 11449, 11881, 12769, 16129, 17161, 18769, 19321, 22201, 22801, 24649, 26569, 27889, 29929, 32041, 32761, 36481, 37249, 38809, 39601]",64,no_relation,0,0,0,no_relation,0,0,0,False,,,,True,True,0.0008394159958697855,False,False
2048,78,16158503035655503650357438344334975980222051334857742016065172713762327569433945446598600705761456731844358980460949009747059779575245460547544076193224141560315438683650498045875098875194826053398028819192033784138396109321309878080919047169238085235290822926018152521443787945770532904303776199561965193682833692037194555101521707426613757318402146740275241890627116258226078753368168806069522517051950679138102725835658766802760063116501359116067530746539393480824114458498299752706358507398555820470026698751634117801075313129049293250367001312273636074313320033824790168735430829588636422915992146599583017044071,31779025153841157091513007105557096277387334840819443417178193530301278470709096311394824553569989106972848669869283033573478951733709065157841998998033955859717469231561398068006634165493265976424502714135170801354940950278586808835367689087182968719458341961385261029208970474236951767835518903843770349163,508464402461458513464208113688913540438197357453111094674851096484820455531345540982317192857119825711565578717908528537175663227739345042525471983968543293755479507704982369088106146647892255622792043426162732821679055204457388941365883025394927499511333471382164176467343527587791228285368302461500325584117,46,"[2, 3, 5, 7, 11, 13, 17, 19, 23, 29, 31, 37, 41, 43, 47, 53, 59, 61, 67, 71, 73, 79, 83, 89, 97, 101, 103, 107, 109, 113, 127, 131, 137, 139, 149, 151, 157, 163, 167, 173, 179, 181, 191, 193, 197, 199]","[4, 9, 25, 49, 121, 169, 289, 361, 529, 841, 961, 1369, 1681, 1849, 2209, 2809, 3481, 3721, 4489, 5041, 5329, 6241, 6889, 7921, 9409, 10201, 10609, 11449, 11881, 12769, 16129, 17161, 18769, 19321, 22201, 22801, 24649, 26569, 27889, 29929, 32041, 32761, 36481, 37249, 38809, 39601]",64,no_relation,0,0,0,no_relation,0,0,0,False,,,,True,True,0.0008183330064639449,False,False
2048,79,16158503035655503650357438344334975980222051334857742016065172713762327569433945446598600705761456731844358980460949009747059779575245460547544076193224141560315438683650498045875098875194826053398028819192033784138396109321309878080919047169238085235290822926018152521443787945770532904303776199561965193727959907755648998171470177516504834032292162214238851543020151071253894181775085568250173383121335211039547837050040674477100174578368231640203169323747610801622920767315485009275779022398993506992820552823576655725091462524642561796589119816073451655944165618991860830212168903005107933242428990057736912855531,31779025153841157091513007105557096277387334840819443417178193530301278470709096311394824553569989106972848669869283033573478951733709065157841998998033955859717469231561398068006634165493265976424502714135170801354940950278586808835367689087182968719458341961385261029208970474236951767835518903843770349163,508464402461458513464208113688913540438197357453111094674851096484820455531345540982317192857119825711565578717908528537175663227739345042525471983968543293755479507704982369088106146647892255622792043426162732821679055204457388941365883025394927499511333471382164176467343527587791228285368302461500325585537,46,"[2, 3, 5, 7, 11, 13, 17, 19, 23, 29, 31, 37, 41, 43, 47, 53, 59, 61, 67, 71, 73, 79, 83, 89, 97, 101, 103, 107, 109, 113, 127, 131, 137, 139, 149, 151, 157, 163, 167, 173, 179, 181, 191, 193, 197, 199]","[4, 9, 25, 49, 121, 169, 289, 361, 529, 841, 961, 1369, 1681, 1849, 2209, 2809, 3481, 3721, 4489, 5041, 5329, 6241, 6889, 7921, 9409, 10201, 10609, 11449, 11881, 12769, 16129, 17161, 18769, 19321, 22201, 22801, 24649, 26569, 27889, 29929, 32041, 32761, 36481, 37249, 38809, 39601]",64,no_relation,0,0,0,no_relation,0,0,0,False,,,,True,True,0.0008117500110529363,False,False
2048,80,16158503035655503650357438344334975980222051334857742016065172713762327569433945446598600705761456731844358980460949009747059779575245460547544076193224141560315438683650498045875098875194826053398028819192033784138396109321309878080919047169238085235290822926018152521443787945770532904303776199561965192790287991566411817029287389859937151271701460401020354075760372766184371625032489804234480105485236620698674983886975485858030224723548555092917146887757709204799273620864873614672031335354687606611443469551226990946203783604660180300230085609652776619606327706358348902372286090169609071487608213243448959388439,31779025153841157091513007105557096277387334840819443417178193530301278470709096311394824553569989106972848669869283033573478951733709065157841998998033955859717469231561398068006634165493265976424502714135170801354940950278586808835367689087182968719458341961385261029208970474236951767835518903843770349897,508464402461458513464208113688913540438197357453111094674851096484820455531345540982317192857119825711565578717908528537175663227739345042525471983968543293755479507704982369088106146647892255622792043426162732821679055204457388941365883025394927499511333471382164176467343527587791228285368302461500325544287,46,"[2, 3, 5, 7, 11, 13, 17, 19, 23, 29, 31, 37, 41, 43, 47, 53, 59, 61, 67, 71, 73, 79, 83, 89, 97, 101, 103, 107, 109, 113, 127, 131, 137, 139, 149, 151, 157, 163, 167, 173, 179, 181, 191, 193, 197, 199]","[4, 9, 25, 49, 121, 169, 289, 361, 529, 841, 961, 1369, 1681, 1849, 2209, 2809, 3481, 3721, 4489, 5041, 5329, 6241, 6889, 7921, 9409, 10201, 10609, 11449, 11881, 12769, 16129, 17161, 18769, 19321, 22201, 22801, 24649, 26569, 27889, 29929, 32041, 32761, 36481, 37249, 38809, 39601]",64,no_relation,0,0,0,no_relation,0,0,0,False,,,,True,True,0.0008158330165315419,False,False
2048,81,16158503035655503650357438344334975980222051334857742016065172713762327569433945446598600705761456731844358980460949009747059779575245460547544076193224141560315438683650498045875098875194826053398028819192033784138396109321309878080919047169238085235290822926018152521443787945770532904303776199561965192795817541943180178363210653096304086023966856663322937230349378440456794078935872562417179577806414725311950652444230733699815562325213932430381654713415617524390113267156556878505185680150515886509306941810746710381963508953134285037584063510822613176792079207639384321454646952686838679090988502512265000270517,31779025153841157091513007105557096277387334840819443417178193530301278470709096311394824553569989106972848669869283033573478951733709065157841998998033955859717469231561398068006634165493265976424502714135170801354940950278586808835367689087182968719458341961385261029208970474236951767835518903843770349897,508464402461458513464208113688913540438197357453111094674851096484820455531345540982317192857119825711565578717908528537175663227739345042525471983968543293755479507704982369088106146647892255622792043426162732821679055204457388941365883025394927499511333471382164176467343527587791228285368302461500325544461,46,"[2, 3, 5, 7, 11, 13, 17, 19, 23, 29, 31, 37, 41, 43, 47, 53, 59, 61, 67, 71, 73, 79, 83, 89, 97, 101, 103, 107, 109, 113, 127, 131, 137, 139, 149, 151, 157, 163, 167, 173, 179, 181, 191, 193, 197, 199]","[4, 9, 25, 49, 121, 169, 289, 361, 529, 841, 961, 1369, 1681, 1849, 2209, 2809, 3481, 3721, 4489, 5041, 5329, 6241, 6889, 7921, 9409, 10201, 10609, 11449, 11881, 12769, 16129, 17161, 18769, 19321, 22201, 22801, 24649, 26569, 27889, 29929, 32041, 32761, 36481, 37249, 38809, 39601]",64,no_relation,0,0,0,no_relation,0,0,0,False,,,,True,True,0.0008112920040730387,False,False
2048,82,16158503035655503650357438344334975980222051334857742016065172713762327569433945446598600705761456731844358980460949009747059779575245460547544076193224141560315438683650498045875098875194826053398028819192033784138396109321309878080919047169238085235290822926018152521443787945770532904303776199561965192802872485527332915237526540673737761397546844997984853668962937404183677899433291943546830628698952307059923057155211567153127889610097344895422578490979155725247391436563187249602658464890020933275546544348754628282760399914980556599035690488177232232511831123066912269939038397967441971550473699165582017947651,31779025153841157091513007105557096277387334840819443417178193530301278470709096311394824553569989106972848669869283033573478951733709065157841998998033955859717469231561398068006634165493265976424502714135170801354940950278586808835367689087182968719458341961385261029208970474236951767835518903843770349897,508464402461458513464208113688913540438197357453111094674851096484820455531345540982317192857119825711565578717908528537175663227739345042525471983968543293755479507704982369088106146647892255622792043426162732821679055204457388941365883025394927499511333471382164176467343527587791228285368302461500325544683,46,"[2, 3, 5, 7, 11, 13, 17, 19, 23, 29, 31, 37, 41, 43, 47, 53, 59, 61, 67, 71, 73, 79, 83, 89, 97, 101, 103, 107, 109, 113, 127, 131, 137, 139, 149, 151, 157, 163, 167, 173, 179, 181, 191, 193, 197, 199]","[4, 9, 25, 49, 121, 169, 289, 361, 529, 841, 961, 1369, 1681, 1849, 2209, 2809, 3481, 3721, 4489, 5041, 5329, 6241, 6889, 7921, 9409, 10201, 10609, 11449, 11881, 12769, 16129, 17161, 18769, 19321, 22201, 22801, 24649, 26569, 27889, 29929, 32041, 32761, 36481, 37249, 38809, 39601]",64,no_relation,0,0,0,no_relation,0,0,0,False,,,,True,True,0.0008113340009003878,False,False
2048,83,16158503035655503650357438344334975980222051334857742016065172713762327569433945446598600705761456731844358980460949009747059779575245460547544076193224141560315438683650498045875098875194826053398028819192033784138396109321309878080919047169238085235290822926018152521443787945770532904303776199561965192824609338732560266688121437533938815251279782029105352966312821778909752373398313820540890623340824856229351547345801162117387492595954345463386505805634381533294140390951183528119196234087414861149906400817211456409540009905533933842427189823810382836621337024654430813917974202345516980749968629394720937277199,31779025153841157091513007105557096277387334840819443417178193530301278470709096311394824553569989106972848669869283033573478951733709065157841998998033955859717469231561398068006634165493265976424502714135170801354940950278586808835367689087182968719458341961385261029208970474236951767835518903843770349897,508464402461458513464208113688913540438197357453111094674851096484820455531345540982317192857119825711565578717908528537175663227739345042525471983968543293755479507704982369088106146647892255622792043426162732821679055204457388941365883025394927499511333471382164176467343527587791228285368302461500325545367,46,"[2, 3, 5, 7, 11, 13, 17, 19, 23, 29, 31, 37, 41, 43, 47, 53, 59, 61, 67, 71, 73, 79, 83, 89, 97, 101, 103, 107, 109, 113, 127, 131, 137, 139, 149, 151, 157, 163, 167, 173, 179, 181, 191, 193, 197, 199]","[4, 9, 25, 49, 121, 169, 289, 361, 529, 841, 961, 1369, 1681, 1849, 2209, 2809, 3481, 3721, 4489, 5041, 5329, 6241, 6889, 7921, 9409, 10201, 10609, 11449, 11881, 12769, 16129, 17161, 18769, 19321, 22201, 22801, 24649, 26569, 27889, 29929, 32041, 32761, 36481, 37249, 38809, 39601]",64,no_relation,0,0,0,no_relation,0,0,0,False,,,,True,True,0.0008068750030361116,False,False
2048,84,16158503035655503650357438344334975980222051334857742016065172713762327569433945446598600705761456731844358980460949009747059779575245460547544076193224141560315438683650498045875098875194826053398028819192033784138396109321309878080919047169238085235290822926018152521443787945770532904303776199561965192828867728103174981738384180486083466152449684897775158384214699711970123688473332726267797113519203396563713269108285088616233672128271360194537333671370931618496281267980410869232085212263512501990789764511324343791102097242864566226366460161492900645028754847480055791831976245893268517639928162509786164163397,31779025153841157091513007105557096277387334840819443417178193530301278470709096311394824553569989106972848669869283033573478951733709065157841998998033955859717469231561398068006634165493265976424502714135170801354940950278586808835367689087182968719458341961385261029208970474236951767835518903843770349897,508464402461458513464208113688913540438197357453111094674851096484820455531345540982317192857119825711565578717908528537175663227739345042525471983968543293755479507704982369088106146647892255622792043426162732821679055204457388941365883025394927499511333471382164176467343527587791228285368302461500325545501,46,"[2, 3, 5, 7, 11, 13, 17, 19, 23, 29, 31, 37, 41, 43, 47, 53, 59, 61, 67, 71, 73, 79, 83, 89, 97, 101, 103, 107, 109, 113, 127, 131, 137, 139, 149, 151, 157, 163, 167, 173, 179, 181, 191, 193, 197, 199]","[4, 9, 25, 49, 121, 169, 289, 361, 529, 841, 961, 1369, 1681, 1849, 2209, 2809, 3481, 3721, 4489, 5041, 5329, 6241, 6889, 7921, 9409, 10201, 10609, 11449, 11881, 12769, 16129, 17161, 18769, 19321, 22201, 22801, 24649, 26569, 27889, 29929, 32041, 32761, 36481, 37249, 38809, 39601]",64,no_relation,0,0,0,no_relation,0,0,0,False,,,,True,True,0.0008139580022543669,False,False
2048,85,16158503035655503650357438344334975980222051334857742016065172713762327569433945446598600705761456731844358980460949009747059779575245460547544076193224141560315438683650498045875098875194826053398028819192033784138396109321309878080919047169238085235290822926018152521443787945770532904303776199561965192833825256027174202244660209594550373171722109132942991557294497902697123129903951750845389743876121697251477661607893241853696388598729974359160685515064228732612206468103988967841120142080461994313012187916410988802472885486324108404683819659093443765264256193456156512388575639874232993422269111509414338747329,31779025153841157091513007105557096277387334840819443417178193530301278470709096311394824553569989106972848669869283033573478951733709065157841998998033955859717469231561398068006634165493265976424502714135170801354940950278586808835367689087182968719458341961385261029208970474236951767835518903843770349897,508464402461458513464208113688913540438197357453111094674851096484820455531345540982317192857119825711565578717908528537175663227739345042525471983968543293755479507704982369088106146647892255622792043426162732821679055204457388941365883025394927499511333471382164176467343527587791228285368302461500325545657,46,"[2, 3, 5, 7, 11, 13, 17, 19, 23, 29, 31, 37, 41, 43, 47, 53, 59, 61, 67, 71, 73, 79, 83, 89, 97, 101, 103, 107, 109, 113, 127, 131, 137, 139, 149, 151, 157, 163, 167, 173, 179, 181, 191, 193, 197, 199]","[4, 9, 25, 49, 121, 169, 289, 361, 529, 841, 961, 1369, 1681, 1849, 2209, 2809, 3481, 3721, 4489, 5041, 5329, 6241, 6889, 7921, 9409, 10201, 10609, 11449, 11881, 12769, 16129, 17161, 18769, 19321, 22201, 22801, 24649, 26569, 27889, 29929, 32041, 32761, 36481, 37249, 38809, 39601]",64,no_relation,0,0,0,no_relation,0,0,0,False,,,,True,True,0.0008067080052569509,False,False
2048,86,16158503035655503650357438344334975980222051334857742016065172713762327569433945446598600705761456731844358980460949009747059779575245460547544076193224141560315438683650498045875098875194826053398028819192033784138396109321309878080919047169238085235290822926018152521443787945770532904303776199561965192867002558287784370248199789012751981685314486706758490484828531948331657853324248299941586577803190324931131672951424728904408414208722238383947732469011678650157244345854088550840046210855431673700193021473529305417031237577168736828807687066112463108378765201142369026882740814977610639042550847122310584039797,31779025153841157091513007105557096277387334840819443417178193530301278470709096311394824553569989106972848669869283033573478951733709065157841998998033955859717469231561398068006634165493265976424502714135170801354940950278586808835367689087182968719458341961385261029208970474236951767835518903843770349897,508464402461458513464208113688913540438197357453111094674851096484820455531345540982317192857119825711565578717908528537175663227739345042525471983968543293755479507704982369088106146647892255622792043426162732821679055204457388941365883025394927499511333471382164176467343527587791228285368302461500325546701,46,"[2, 3, 5, 7, 11, 13, 17, 19, 23, 29, 31, 37, 41, 43, 47, 53, 59, 61, 67, 71, 73, 79, 83, 89, 97, 101, 103, 107, 109, 113, 127, 131, 137, 139, 149, 151, 157, 163, 167, 173, 179, 181, 191, 193, 197, 199]","[4, 9, 25, 49, 121, 169, 289, 361, 529, 841, 961, 1369, 1681, 1849, 2209, 2809, 3481, 3721, 4489, 5041, 5329, 6241, 6889, 7921, 9409, 10201, 10609, 11449, 11881, 12769, 16129, 17161, 18769, 19321, 22201, 22801, 24649, 26569, 27889, 29929, 32041, 32761, 36481, 37249, 38809, 39601]",64,no_relation,0,0,0,no_relation,0,0,0,False,,,,True,True,0.0008100830018520355,False,False
2048,87,16158503035655503650357438344334975980222051334857742016065172713762327569433945446598600705761456731844358980460949009747059779575245460547544076193224141560315438683650498045875098875194826053398028819192033784138396109321309878080919047169238085235290822926018152521443787945770532904303776199561965192868527951495168745788592413353818722306629078779117823768853085237786119219918284922888538156374549802065828409105150314515935403891940273511524148420917308531423682868969035658104364650799108440568569151752017503882068403190540903652905336142297245606912765615288861556284771397740984323898655754506811560834853,31779025153841157091513007105557096277387334840819443417178193530301278470709096311394824553569989106972848669869283033573478951733709065157841998998033955859717469231561398068006634165493265976424502714135170801354940950278586808835367689087182968719458341961385261029208970474236951767835518903843770349897,508464402461458513464208113688913540438197357453111094674851096484820455531345540982317192857119825711565578717908528537175663227739345042525471983968543293755479507704982369088106146647892255622792043426162732821679055204457388941365883025394927499511333471382164176467343527587791228285368302461500325546749,46,"[2, 3, 5, 7, 11, 13, 17, 19, 23, 29, 31, 37, 41, 43, 47, 53, 59, 61, 67, 71, 73, 79, 83, 89, 97, 101, 103, 107, 109, 113, 127, 131, 137, 139, 149, 151, 157, 163, 167, 173, 179, 181, 191, 193, 197, 199]","[4, 9, 25, 49, 121, 169, 289, 361, 529, 841, 961, 1369, 1681, 1849, 2209, 2809, 3481, 3721, 4489, 5041, 5329, 6241, 6889, 7921, 9409, 10201, 10609, 11449, 11881, 12769, 16129, 17161, 18769, 19321, 22201, 22801, 24649, 26569, 27889, 29929, 32041, 32761, 36481, 37249, 38809, 39601]",64,no_relation,0,0,0,no_relation,0,0,0,False,,,,True,True,0.0008112089999485761,False,False
2048,88,16158503035655503650357438344334975980222051334857742016065172713762327569433945446598600705761456731844358980460949009747059779575245460547544076193224141560315438683650498045875098875194826053398028819192033784138396109321309878080919047169238085235290822926018152521443787945770532904303776199561965192910794054949777484720304712804209660355554234117407683513700082633086819585961383017043654812622635314339717140031296749168662409697773330171454007088302469824847916946945695088553188090905152189213157761551794669684139867061061359403944362628250594003792360423931258725132702128476130175119895896619026126197863,31779025153841157091513007105557096277387334840819443417178193530301278470709096311394824553569989106972848669869283033573478951733709065157841998998033955859717469231561398068006634165493265976424502714135170801354940950278586808835367689087182968719458341961385261029208970474236951767835518903843770349897,508464402461458513464208113688913540438197357453111094674851096484820455531345540982317192857119825711565578717908528537175663227739345042525471983968543293755479507704982369088106146647892255622792043426162732821679055204457388941365883025394927499511333471382164176467343527587791228285368302461500325548079,46,"[2, 3, 5, 7, 11, 13, 17, 19, 23, 29, 31, 37, 41, 43, 47, 53, 59, 61, 67, 71, 73, 79, 83, 89, 97, 101, 103, 107, 109, 113, 127, 131, 137, 139, 149, 151, 157, 163, 167, 173, 179, 181, 191, 193, 197, 199]","[4, 9, 25, 49, 121, 169, 289, 361, 529, 841, 961, 1369, 1681, 1849, 2209, 2809, 3481, 3721, 4489, 5041, 5329, 6241, 6889, 7921, 9409, 10201, 10609, 11449, 11881, 12769, 16129, 17161, 18769, 19321, 22201, 22801, 24649, 26569, 27889, 29929, 32041, 32761, 36481, 37249, 38809, 39601]",64,no_relation,0,0,0,no_relation,0,0,0,False,,,,True,True,0.0008112920040730387,False,False
2048,89,16158503035655503650357438344334975980222051334857742016065172713762327569433945446598600705761456731844358980460949009747059779575245460547544076193224141560315438683650498045875098875194826053398028819192033784138396109321309878080919047169238085235290822926018152521443787945770532904303776199561965192916132931175622799111678897997943252530155306370665350007786019146177434369040511197357985337622393484311155716569336298809006873589036453117971462919972174409280451777848009963978302630708020873252474217526503364311769946707863943288286134394897332748661361873443982578039809168147938072116263072464779544980559,31779025153841157091513007105557096277387334840819443417178193530301278470709096311394824553569989106972848669869283033573478951733709065157841998998033955859717469231561398068006634165493265976424502714135170801354940950278586808835367689087182968719458341961385261029208970474236951767835518903843770349897,508464402461458513464208113688913540438197357453111094674851096484820455531345540982317192857119825711565578717908528537175663227739345042525471983968543293755479507704982369088106146647892255622792043426162732821679055204457388941365883025394927499511333471382164176467343527587791228285368302461500325548247,46,"[2, 3, 5, 7, 11, 13, 17, 19, 23, 29, 31, 37, 41, 43, 47, 53, 59, 61, 67, 71, 73, 79, 83, 89, 97, 101, 103, 107, 109, 113, 127, 131, 137, 139, 149, 151, 157, 163, 167, 173, 179, 181, 191, 193, 197, 199]","[4, 9, 25, 49, 121, 169, 289, 361, 529, 841, 961, 1369, 1681, 1849, 2209, 2809, 3481, 3721, 4489, 5041, 5329, 6241, 6889, 7921, 9409, 10201, 10609, 11449, 11881, 12769, 16129, 17161, 18769, 19321, 22201, 22801, 24649, 26569, 27889, 29929, 32041, 32761, 36481, 37249, 38809, 39601]",64,no_relation,0,0,0,no_relation,0,0,0,False,,,,True,True,0.0008074160141404718,False,False
2048,90,16158503035655503650357438344334975980222051334857742016065172713762327569433945446598600705761456731844358980460949009747059779575245460547544076193224141560315438683650498045875098875194826053398028819192033784138396109321309878080919047169238085235290822926018152521443787945770532904303776199561965192960750682491615783668163159974145415703607124487175848565504202862720429341916082418556319010834658190501035249065809677946171321823163980599581629513211848436323778578960212851459616999060566304152476028172283169414107040898999822893142369873302220830780873987228889063049203713976618354157331613461433116235947,31779025153841157091513007105557096277387334840819443417178193530301278470709096311394824553569989106972848669869283033573478951733709065157841998998033955859717469231561398068006634165493265976424502714135170801354940950278586808835367689087182968719458341961385261029208970474236951767835518903843770349897,508464402461458513464208113688913540438197357453111094674851096484820455531345540982317192857119825711565578717908528537175663227739345042525471983968543293755479507704982369088106146647892255622792043426162732821679055204457388941365883025394927499511333471382164176467343527587791228285368302461500325549651,46,"[2, 3, 5, 7, 11, 13, 17, 19, 23, 29, 31, 37, 41, 43, 47, 53, 59, 61, 67, 71, 73, 79, 83, 89, 97, 101, 103, 107, 109, 113, 127, 131, 137, 139, 149, 151, 157, 163, 167, 173, 179, 181, 191, 193, 197, 199]","[4, 9, 25, 49, 121, 169, 289, 361, 529, 841, 961, 1369, 1681, 1849, 2209, 2809, 3481, 3721, 4489, 5041, 5329, 6241, 6889, 7921, 9409, 10201, 10609, 11449, 11881, 12769, 16129, 17161, 18769, 19321, 22201, 22801, 24649, 26569, 27889, 29929, 32041, 32761, 36481, 37249, 38809, 39601]",64,no_relation,0,0,0,no_relation,0,0,0,False,,,,True,True,0.0008114580123219639,False,False
2048,91,16158503035655503650357438344334975980222051334857742016065172713762327569433945446598600705761456731844358980460949009747059779575245460547544076193224141560315438683650498045875098875194826053398028819192033784138396109321309878080919047169238085235290822926018152521443787945770532904303776199561965192996279632613610197296474701918158249341726164839211986305909423229597258672168852094695732861725906012096680061979668109481320789861450715446048984393013811087487909179845855891491033996082037665795070062575404125328931023310459875171083446272772779859135300300057610893704832704173530430597441747958768367420793,31779025153841157091513007105557096277387334840819443417178193530301278470709096311394824553569989106972848669869283033573478951733709065157841998998033955859717469231561398068006634165493265976424502714135170801354940950278586808835367689087182968719458341961385261029208970474236951767835518903843770349897,508464402461458513464208113688913540438197357453111094674851096484820455531345540982317192857119825711565578717908528537175663227739345042525471983968543293755479507704982369088106146647892255622792043426162732821679055204457388941365883025394927499511333471382164176467343527587791228285368302461500325550769,46,"[2, 3, 5, 7, 11, 13, 17, 19, 23, 29, 31, 37, 41, 43, 47, 53, 59, 61, 67, 71, 73, 79, 83, 89, 97, 101, 103, 107, 109, 113, 127, 131, 137, 139, 149, 151, 157, 163, 167, 173, 179, 181, 191, 193, 197, 199]","[4, 9, 25, 49, 121, 169, 289, 361, 529, 841, 961, 1369, 1681, 1849, 2209, 2809, 3481, 3721, 4489, 5041, 5329, 6241, 6889, 7921, 9409, 10201, 10609, 11449, 11881, 12769, 16129, 17161, 18769, 19321, 22201, 22801, 24649, 26569, 27889, 29929, 32041, 32761, 36481, 37249, 38809, 39601]",64,no_relation,0,0,0,no_relation,0,0,0,False,,,,True,True,0.0008120000129565597,False,False
2048,92,16158503035655503650357438344334975980222051334857742016065172713762327569433945446598600705761456731844358980460949009747059779575245460547544076193224141560315438683650498045875098875194826053398028819192033784138396109321309878080919047169238085235290822926018152521443787945770532904303776199561965193001364276638224782431116783055047384746108138413743097252657934194445463227482307504518904790297104269212335849158753394853077422138844165871303704232699244025042704256895679582372095462560960222022990496837031453545721575355033764584742276526722054854248635013879252658378267980051442713451124772573771623404313,31779025153841157091513007105557096277387334840819443417178193530301278470709096311394824553569989106972848669869283033573478951733709065157841998998033955859717469231561398068006634165493265976424502714135170801354940950278586808835367689087182968719458341961385261029208970474236951767835518903843770349897,508464402461458513464208113688913540438197357453111094674851096484820455531345540982317192857119825711565578717908528537175663227739345042525471983968543293755479507704982369088106146647892255622792043426162732821679055204457388941365883025394927499511333471382164176467343527587791228285368302461500325550929,46,"[2, 3, 5, 7, 11, 13, 17, 19, 23, 29, 31, 37, 41, 43, 47, 53, 59, 61, 67, 71, 73, 79, 83, 89, 97, 101, 103, 107, 109, 113, 127, 131, 137, 139, 149, 151, 157, 163, 167, 173, 179, 181, 191, 193, 197, 199]","[4, 9, 25, 49, 121, 169, 289, 361, 529, 841, 961, 1369, 1681, 1849, 2209, 2809, 3481, 3721, 4489, 5041, 5329, 6241, 6889, 7921, 9409, 10201, 10609, 11449, 11881, 12769, 16129, 17161, 18769, 19321, 22201, 22801, 24649, 26569, 27889, 29929, 32041, 32761, 36481, 37249, 38809, 39601]",64,no_relation,0,0,0,no_relation,0,0,0,False,,,,True,True,0.0008139999990817159,False,False
2048,93,16158503035655503650357438344334975980222051334857742016065172713762327569433945446598600705761456731844358980460949009747059779575245460547544076193224141560315438683650498045875098875194826053398028819192033784138396109321309878080919047169238085235290822926018152521443787945770532904303776199561965193016618208712068537835043026465714790959254059137336430092903467088990076893422673733988420576010699040559303210696009250968347318971024517147067863751755542837707089488045150655015279861997727890706751799621913438196093231488755432825718767288569879839588639155344177952398573807685179562012173846418781391354873,31779025153841157091513007105557096277387334840819443417178193530301278470709096311394824553569989106972848669869283033573478951733709065157841998998033955859717469231561398068006634165493265976424502714135170801354940950278586808835367689087182968719458341961385261029208970474236951767835518903843770349897,508464402461458513464208113688913540438197357453111094674851096484820455531345540982317192857119825711565578717908528537175663227739345042525471983968543293755479507704982369088106146647892255622792043426162732821679055204457388941365883025394927499511333471382164176467343527587791228285368302461500325551409,46,"[2, 3, 5, 7, 11, 13, 17, 19, 23, 29, 31, 37, 41, 43, 47, 53, 59, 61, 67, 71, 73, 79, 83, 89, 97, 101, 103, 107, 109, 113, 127, 131, 137, 139, 149, 151, 157, 163, 167, 173, 179, 181, 191, 193, 197, 199]","[4, 9, 25, 49, 121, 169, 289, 361, 529, 841, 961, 1369, 1681, 1849, 2209, 2809, 3481, 3721, 4489, 5041, 5329, 6241, 6889, 7921, 9409, 10201, 10609, 11449, 11881, 12769, 16129, 17161, 18769, 19321, 22201, 22801, 24649, 26569, 27889, 29929, 32041, 32761, 36481, 37249, 38809, 39601]",64,no_relation,0,0,0,no_relation,0,0,0,False,,,,True,True,0.0008128329936880618,False,False
2048,94,16158503035655503650357438344334975980222051334857742016065172713762327569433945446598600705761456731844358980460949009747059779575245460547544076193224141560315438683650498045875098875194826053398028819192033784138396109321309878080919047169238085235290822926018152521443787945770532904303776199561965193053291203739601233118649036665527680063359043543642067796327102422957752248620970877338048110830466470005970575725161871712142029271724778339217530595486727899821048981267004025494935688976956827500627931733900542959695088110244610221733080495179025741843565778782769180105725734954621902094362661454492375136011,31779025153841157091513007105557096277387334840819443417178193530301278470709096311394824553569989106972848669869283033573478951733709065157841998998033955859717469231561398068006634165493265976424502714135170801354940950278586808835367689087182968719458341961385261029208970474236951767835518903843770349897,508464402461458513464208113688913540438197357453111094674851096484820455531345540982317192857119825711565578717908528537175663227739345042525471983968543293755479507704982369088106146647892255622792043426162732821679055204457388941365883025394927499511333471382164176467343527587791228285368302461500325552563,46,"[2, 3, 5, 7, 11, 13, 17, 19, 23, 29, 31, 37, 41, 43, 47, 53, 59, 61, 67, 71, 73, 79, 83, 89, 97, 101, 103, 107, 109, 113, 127, 131, 137, 139, 149, 151, 157, 163, 167, 173, 179, 181, 191, 193, 197, 199]","[4, 9, 25, 49, 121, 169, 289, 361, 529, 841, 961, 1369, 1681, 1849, 2209, 2809, 3481, 3721, 4489, 5041, 5329, 6241, 6889, 7921, 9409, 10201, 10609, 11449, 11881, 12769, 16129, 17161, 18769, 19321, 22201, 22801, 24649, 26569, 27889, 29929, 32041, 32761, 36481, 37249, 38809, 39601]",64,no_relation,0,0,0,no_relation,0,0,0,False,,,,True,True,0.0008092499920167029,False,False
2048,95,16158503035655503650357438344334975980222051334857742016065172713762327569433945446598600705761456731844358980460949009747059779575245460547544076193224141560315438683650498045875098875194826053398028819192033784138396109321309878080919047169238085235290822926018152521443787945770532904303776199561965193054753038896677926344858634992383306492118860946319762193517299325351611058273589307662210040294685968926721614539148891256522061051475395336478262549396289869368052565918828336623240860589647062416155056584118399822022371823059603428159994193189442302938649509006491187449338376769521683414796531031305811231273,31779025153841157091513007105557096277387334840819443417178193530301278470709096311394824553569989106972848669869283033573478951733709065157841998998033955859717469231561398068006634165493265976424502714135170801354940950278586808835367689087182968719458341961385261029208970474236951767835518903843770349897,508464402461458513464208113688913540438197357453111094674851096484820455531345540982317192857119825711565578717908528537175663227739345042525471983968543293755479507704982369088106146647892255622792043426162732821679055204457388941365883025394927499511333471382164176467343527587791228285368302461500325552609,46,"[2, 3, 5, 7, 11, 13, 17, 19, 23, 29, 31, 37, 41, 43, 47, 53, 59, 61, 67, 71, 73, 79, 83, 89, 97, 101, 103, 107, 109, 113, 127, 131, 137, 139, 149, 151, 157, 163, 167, 173, 179, 181, 191, 193, 197, 199]","[4, 9, 25, 49, 121, 169, 289, 361, 529, 841, 961, 1369, 1681, 1849, 2209, 2809, 3481, 3721, 4489, 5041, 5329, 6241, 6889, 7921, 9409, 10201, 10609, 11449, 11881, 12769, 16129, 17161, 18769, 19321, 22201, 22801, 24649, 26569, 27889, 29929, 32041, 32761, 36481, 37249, 38809, 39601]",64,no_relation,0,0,0,no_relation,0,0,0,False,,,,True,True,0.0008098749967757612,False,False
2048,96,16158503035655503650357438344334975980222051334857742016065172713762327569433945446598600705761456731844358980460949009747059779575245460547544076193224141560315438683650498045875098875194826053398028819192033784138396109321309878080919047169238085235290822926018152521443787945770532904303776199561965193072676409083444338944471970999917508792565317796541928280805800476441532115753519627288891088508159825259408264345424522191964189829287308085501149984287440974248705212519456846978982529927849073119574587356354731786209067780182563611307370838360636660713154375227778407923197724239162480474029192799192288573181,31779025153841157091513007105557096277387334840819443417178193530301278470709096311394824553569989106972848669869283033573478951733709065157841998998033955859717469231561398068006634165493265976424502714135170801354940950278586808835367689087182968719458341961385261029208970474236951767835518903843770349897,508464402461458513464208113688913540438197357453111094674851096484820455531345540982317192857119825711565578717908528537175663227739345042525471983968543293755479507704982369088106146647892255622792043426162732821679055204457388941365883025394927499511333471382164176467343527587791228285368302461500325553173,46,"[2, 3, 5, 7, 11, 13, 17, 19, 23, 29, 31, 37, 41, 43, 47, 53, 59, 61, 67, 71, 73, 79, 83, 89, 97, 101, 103, 107, 109, 113, 127, 131, 137, 139, 149, 151, 157, 163, 167, 173, 179, 181, 191, 193, 197, 199]","[4, 9, 25, 49, 121, 169, 289, 361, 529, 841, 961, 1369, 1681, 1849, 2209, 2809, 3481, 3721, 4489, 5041, 5329, 6241, 6889, 7921, 9409, 10201, 10609, 11449, 11881, 12769, 16129, 17161, 18769, 19321, 22201, 22801, 24649, 26569, 27889, 29929, 32041, 32761, 36481, 37249, 38809, 39601]",64,no_relation,0,0,0,no_relation,0,0,0,False,,,,True,True,0.0008097499958239496,False,False
2048,97,16158503035655503650357438344334975980222051334857742016065172713762327569433945446598600705761456731844358980460949009747059779575245460547544076193224141560315438683650498045875098875194826053398028819192033784138396109321309878080919047169238085235290822926018152521443787945770532904303776199561965193109349404110977034228077981199730397896670302202847565984229435810409207470951816770638518623327927254706075629374577142935758900129987569277650816828018626036362664705741310217458638356907078009913450719468341836549810924401671741007321684044969782562968080998666369635630349651508604820556218007834903272354319,31779025153841157091513007105557096277387334840819443417178193530301278470709096311394824553569989106972848669869283033573478951733709065157841998998033955859717469231561398068006634165493265976424502714135170801354940950278586808835367689087182968719458341961385261029208970474236951767835518903843770349897,508464402461458513464208113688913540438197357453111094674851096484820455531345540982317192857119825711565578717908528537175663227739345042525471983968543293755479507704982369088106146647892255622792043426162732821679055204457388941365883025394927499511333471382164176467343527587791228285368302461500325554327,46,"[2, 3, 5, 7, 11, 13, 17, 19, 23, 29, 31, 37, 41, 43, 47, 53, 59, 61, 67, 71, 73, 79, 83, 89, 97, 101, 103, 107, 109, 113, 127, 131, 137, 139, 149, 151, 157, 163, 167, 173, 179, 181, 191, 193, 197, 199]","[4, 9, 25, 49, 121, 169, 289, 361, 529, 841, 961, 1369, 1681, 1849, 2209, 2809, 3481, 3721, 4489, 5041, 5329, 6241, 6889, 7921, 9409, 10201, 10609, 11449, 11881, 12769, 16129, 17161, 18769, 19321, 22201, 22801, 24649, 26569, 27889, 29929, 32041, 32761, 36481, 37249, 38809, 39601]",64,no_relation,0,0,0,no_relation,0,0,0,False,,,,True,True,0.000863291003042832,False,False
2048,98,16158503035655503650357438344334975980222051334857742016065172713762327569433945446598600705761456731844358980460949009747059779575245460547544076193224141560315438683650498045875098875194826053398028819192033784138396109321309878080919047169238085235290822926018152521443787945770532904303776199561965193189241873347733703156141681063100937938022061992667646735015414345586621546314484897485107551002879869635817185425954689339484984788532159084465602309075991067692382353886664960427316648957148674644650542804161231156132473402038978419436054410147765923686352689588915863061701423740301564894712532098141931995377,31779025153841157091513007105557096277387334840819443417178193530301278470709096311394824553569989106972848669869283033573478951733709065157841998998033955859717469231561398068006634165493265976424502714135170801354940950278586808835367689087182968719458341961385261029208970474236951767835518903843770349897,508464402461458513464208113688913540438197357453111094674851096484820455531345540982317192857119825711565578717908528537175663227739345042525471983968543293755479507704982369088106146647892255622792043426162732821679055204457388941365883025394927499511333471382164176467343527587791228285368302461500325556841,46,"[2, 3, 5, 7, 11, 13, 17, 19, 23, 29, 31, 37, 41, 43, 47, 53, 59, 61, 67, 71, 73, 79, 83, 89, 97, 101, 103, 107, 109, 113, 127, 131, 137, 139, 149, 151, 157, 163, 167, 173, 179, 181, 191, 193, 197, 199]","[4, 9, 25, 49, 121, 169, 289, 361, 529, 841, 961, 1369, 1681, 1849, 2209, 2809, 3481, 3721, 4489, 5041, 5329, 6241, 6889, 7921, 9409, 10201, 10609, 11449, 11881, 12769, 16129, 17161, 18769, 19321, 22201, 22801, 24649, 26569, 27889, 29929, 32041, 32761, 36481, 37249, 38809, 39601]",64,no_relation,0,0,0,no_relation,0,0,0,False,,,,True,True,0.0008341670036315918,False,False
2048,99,16158503035655503650357438344334975980222051334857742016065172713762327569433945446598600705761456731844358980460949009747059779575245460547544076193224141560315438683650498045875098875194826053398028819192033784138396109321309878080919047169238085235290822926018152521443787945770532904303776199561965193232652021707880723743148448769291931452933161385227006442880826707978167937303110458850437891179484989760728468467395313200857232856778742090077772940390374772066445324199534721324378919020949998440521250312804545806981811482588559288548317703239701194466447808841182428961155091547977679758031354748732229954679,31779025153841157091513007105557096277387334840819443417178193530301278470709096311394824553569989106972848669869283033573478951733709065157841998998033955859717469231561398068006634165493265976424502714135170801354940950278586808835367689087182968719458341961385261029208970474236951767835518903843770349897,508464402461458513464208113688913540438197357453111094674851096484820455531345540982317192857119825711565578717908528537175663227739345042525471983968543293755479507704982369088106146647892255622792043426162732821679055204457388941365883025394927499511333471382164176467343527587791228285368302461500325558207,46,"[2, 3, 5, 7, 11, 13, 17, 19, 23, 29, 31, 37, 41, 43, 47, 53, 59, 61, 67, 71, 73, 79, 83, 89, 97, 101, 103, 107, 109, 113, 127, 131, 137, 139, 149, 151, 157, 163, 167, 173, 179, 181, 191, 193, 197, 199]","[4, 9, 25, 49, 121, 169, 289, 361, 529, 841, 961, 1369, 1681, 1849, 2209, 2809, 3481, 3721, 4489, 5041, 5329, 6241, 6889, 7921, 9409, 10201, 10609, 11449, 11881, 12769, 16129, 17161, 18769, 19321, 22201, 22801, 24649, 26569, 27889, 29929, 32041, 32761, 36481, 37249, 38809, 39601]",64,no_relation,0,0,0,no_relation,0,0,0,False,,,,True,True,0.0008190830121748149,False,False
